2025-11-22 09:00:13 - 3: Connection: opening to smtp.gmail.com:587, timeout=300, options=array()
2025-11-22 09:00:13 - 3: Connection: opened
2025-11-22 09:00:13 - 4: SMTP INBOUND: "220 smtp.gmail.com ESMTP 41be03b00d2f7-bd75e4ca0casm7401323a12.10 - gsmtp"
2025-11-22 09:00:13 - 2: SERVER -> CLIENT: 220 smtp.gmail.com ESMTP 41be03b00d2f7-bd75e4ca0casm7401323a12.10 - gsmtp

2025-11-22 09:00:13 - 1: CLIENT -> SERVER: EHLO localhost

2025-11-22 09:00:14 - 4: SMTP INBOUND: "250-smtp.gmail.com at your service, [158.62.4.229]"
2025-11-22 09:00:14 - 4: SMTP INBOUND: "250-SIZE 35882577"
2025-11-22 09:00:14 - 4: SMTP INBOUND: "250-8BITMIME"
2025-11-22 09:00:14 - 4: SMTP INBOUND: "250-STARTTLS"
2025-11-22 09:00:14 - 4: SMTP INBOUND: "250-ENHANCEDSTATUSCODES"
2025-11-22 09:00:14 - 4: SMTP INBOUND: "250-PIPELINING"
2025-11-22 09:00:14 - 4: SMTP INBOUND: "250-CHUNKING"
2025-11-22 09:00:14 - 4: SMTP INBOUND: "250 SMTPUTF8"
2025-11-22 09:00:14 - 2: SERVER -> CLIENT: 250-smtp.gmail.com at your service, [158.62.4.229]
250-SIZE 35882577
250-8BITMIME
250-STARTTLS
250-ENHANCEDSTATUSCODES
250-PIPELINING
250-CHUNKING
250 SMTPUTF8

2025-11-22 09:00:14 - 1: CLIENT -> SERVER: STARTTLS

2025-11-22 09:00:14 - 4: SMTP INBOUND: "220 2.0.0 Ready to start TLS"
2025-11-22 09:00:14 - 2: SERVER -> CLIENT: 220 2.0.0 Ready to start TLS

2025-11-22 09:00:14 - 1: CLIENT -> SERVER: EHLO localhost

2025-11-22 09:00:14 - 4: SMTP INBOUND: "250-smtp.gmail.com at your service, [158.62.4.229]"
2025-11-22 09:00:14 - 4: SMTP INBOUND: "250-SIZE 35882577"
2025-11-22 09:00:14 - 4: SMTP INBOUND: "250-8BITMIME"
2025-11-22 09:00:14 - 4: SMTP INBOUND: "250-AUTH LOGIN PLAIN XOAUTH2 PLAIN-CLIENTTOKEN OAUTHBEARER XOAUTH"
2025-11-22 09:00:14 - 4: SMTP INBOUND: "250-ENHANCEDSTATUSCODES"
2025-11-22 09:00:14 - 4: SMTP INBOUND: "250-PIPELINING"
2025-11-22 09:00:14 - 4: SMTP INBOUND: "250-CHUNKING"
2025-11-22 09:00:14 - 4: SMTP INBOUND: "250 SMTPUTF8"
2025-11-22 09:00:14 - 2: SERVER -> CLIENT: 250-smtp.gmail.com at your service, [158.62.4.229]
250-SIZE 35882577
250-8BITMIME
250-AUTH LOGIN PLAIN XOAUTH2 PLAIN-CLIENTTOKEN OAUTHBEARER XOAUTH
250-ENHANCEDSTATUSCODES
250-PIPELINING
250-CHUNKING
250 SMTPUTF8

2025-11-22 09:00:14 - 4: Auth method requested: UNSPECIFIED
2025-11-22 09:00:14 - 4: Auth methods available on the server: LOGIN,PLAIN,XOAUTH2,PLAIN-CLIENTTOKEN,OAUTHBEARER,XOAUTH
2025-11-22 09:00:14 - 4: Requested auth method not available: 
2025-11-22 09:00:14 - 4: Auth method selected: LOGIN
2025-11-22 09:00:14 - 1: CLIENT -> SERVER: AUTH LOGIN

2025-11-22 09:00:14 - 4: SMTP INBOUND: "334 VXNlcm5hbWU6"
2025-11-22 09:00:14 - 2: SERVER -> CLIENT: 334 VXNlcm5hbWU6

2025-11-22 09:00:14 - 1: CLIENT -> SERVER: bWNwZWJyaW5laHFAZ21haWwuY29t

2025-11-22 09:00:14 - 4: SMTP INBOUND: "334 UGFzc3dvcmQ6"
2025-11-22 09:00:14 - 2: SERVER -> CLIENT: 334 UGFzc3dvcmQ6

2025-11-22 09:00:14 - 1: CLIENT -> SERVER: ZHRkeHh4aGNtYXVvIGVlYnQ=

2025-11-22 09:00:15 - 4: SMTP INBOUND: "235 2.7.0 Accepted"
2025-11-22 09:00:15 - 2: SERVER -> CLIENT: 235 2.7.0 Accepted

2025-11-22 09:00:15 - 1: CLIENT -> SERVER: MAIL FROM:<mcpebrinehq@gmail.com>

2025-11-22 09:00:15 - 4: SMTP INBOUND: "250 2.1.0 OK 41be03b00d2f7-bd75e4ca0casm7401323a12.10 - gsmtp"
2025-11-22 09:00:15 - 2: SERVER -> CLIENT: 250 2.1.0 OK 41be03b00d2f7-bd75e4ca0casm7401323a12.10 - gsmtp

2025-11-22 09:00:15 - 1: CLIENT -> SERVER: RCPT TO:<marjhonmatalog278@gmail.com>

2025-11-22 09:00:15 - 4: SMTP INBOUND: "250 2.1.5 OK 41be03b00d2f7-bd75e4ca0casm7401323a12.10 - gsmtp"
2025-11-22 09:00:15 - 2: SERVER -> CLIENT: 250 2.1.5 OK 41be03b00d2f7-bd75e4ca0casm7401323a12.10 - gsmtp

2025-11-22 09:00:15 - 1: CLIENT -> SERVER: DATA

2025-11-22 09:00:15 - 4: SMTP INBOUND: "354 Go ahead 41be03b00d2f7-bd75e4ca0casm7401323a12.10 - gsmtp"
2025-11-22 09:00:15 - 2: SERVER -> CLIENT: 354 Go ahead 41be03b00d2f7-bd75e4ca0casm7401323a12.10 - gsmtp

2025-11-22 09:00:15 - 1: CLIENT -> SERVER: Date: Sat, 22 Nov 2025 09:00:13 +0100

2025-11-22 09:00:15 - 1: CLIENT -> SERVER: To: marjhonmatalog278@gmail.com

2025-11-22 09:00:15 - 1: CLIENT -> SERVER: From: Heart Of D Ocean Resort <mcpebrinehq@gmail.com>

2025-11-22 09:00:15 - 1: CLIENT -> SERVER: Reply-To: Heart Of D Ocean Resort <heartofdocean2005@yahoo.com>

2025-11-22 09:00:15 - 1: CLIENT -> SERVER: Subject: Booking CONFIRMED - Heart Of D Ocean Beach Resort

2025-11-22 09:00:15 - 1: CLIENT -> SERVER: Message-ID: <oGFaYaGRxN9uUZlc6TaJsP9S0oJirbPY0wFb1qimD8@localhost>

2025-11-22 09:00:15 - 1: CLIENT -> SERVER: X-Mailer: PHPMailer 7.0.0 (https://github.com/PHPMailer/PHPMailer)

2025-11-22 09:00:15 - 1: CLIENT -> SERVER: MIME-Version: 1.0

2025-11-22 09:00:15 - 1: CLIENT -> SERVER: Content-Type: multipart/alternative;

2025-11-22 09:00:15 - 1: CLIENT -> SERVER:  boundary="b1=_oGFaYaGRxN9uUZlc6TaJsP9S0oJirbPY0wFb1qimD8"

2025-11-22 09:00:15 - 1: CLIENT -> SERVER: Content-Transfer-Encoding: 8bit

2025-11-22 09:00:15 - 1: CLIENT -> SERVER: 

2025-11-22 09:00:15 - 1: CLIENT -> SERVER: --b1=_oGFaYaGRxN9uUZlc6TaJsP9S0oJirbPY0wFb1qimD8

2025-11-22 09:00:15 - 1: CLIENT -> SERVER: Content-Type: text/plain; charset=iso-8859-1

2025-11-22 09:00:15 - 1: CLIENT -> SERVER: Content-Transfer-Encoding: 8bit

2025-11-22 09:00:15 - 1: CLIENT -> SERVER: 

2025-11-22 09:00:15 - 1: CLIENT -> SERVER: 

2025-11-22 09:00:15 - 1: CLIENT -> SERVER:                     

2025-11-22 09:00:15 - 1: CLIENT -> SERVER:                     

2025-11-22 09:00:15 - 1: CLIENT -> SERVER:                         Booking Confirmed!

2025-11-22 09:00:15 - 1: CLIENT -> SERVER:                         Dear marjan,

2025-11-22 09:00:15 - 1: CLIENT -> SERVER:                         Great news! Your booking has been CONFIRMED!

2025-11-22 09:00:15 - 1: CLIENT -> SERVER:                         

2025-11-22 09:00:16 - 1: CLIENT -> SERVER:                         

2025-11-22 09:00:16 - 1: CLIENT -> SERVER:                             Booking Details:

2025-11-22 09:00:16 - 1: CLIENT -> SERVER:                             Booking ID: RESORT1763798227682

2025-11-22 09:00:16 - 1: CLIENT -> SERVER:                             Cottage: Premium 838 — ₱7,800

2025-11-22 09:00:16 - 1: CLIENT -> SERVER:                             Check-in Date: 2025-11-27

2025-11-22 09:00:16 - 1: CLIENT -> SERVER:                             Number of Guests: 2

2025-11-22 09:00:16 - 1: CLIENT -> SERVER:                             Status: CONFIRMED

2025-11-22 09:00:16 - 1: CLIENT -> SERVER:                         

2025-11-22 09:00:16 - 1: CLIENT -> SERVER:                         

2025-11-22 09:00:16 - 1: CLIENT -> SERVER:                         We're excited to welcome you to Heart Of D Ocean Beach Resort!

2025-11-22 09:00:16 - 1: CLIENT -> SERVER:                         If you have any questions, please contact us at heartofdocean2005@yahoo.com or call us.

2025-11-22 09:00:16 - 1: CLIENT -> SERVER:                         

2025-11-22 09:00:16 - 1: CLIENT -> SERVER:                         

2025-11-22 09:00:16 - 1: CLIENT -> SERVER:                         Best regards,The Heart Of D Ocean Team

2025-11-22 09:00:16 - 1: CLIENT -> SERVER:                     

2025-11-22 09:00:16 - 1: CLIENT -> SERVER:                     

2025-11-22 09:00:16 - 1: CLIENT -> SERVER:                     

2025-11-22 09:00:16 - 1: CLIENT -> SERVER: 

2025-11-22 09:00:16 - 1: CLIENT -> SERVER: --b1=_oGFaYaGRxN9uUZlc6TaJsP9S0oJirbPY0wFb1qimD8

2025-11-22 09:00:16 - 1: CLIENT -> SERVER: Content-Type: text/html; charset=iso-8859-1

2025-11-22 09:00:16 - 1: CLIENT -> SERVER: Content-Transfer-Encoding: 8bit

2025-11-22 09:00:16 - 1: CLIENT -> SERVER: 

2025-11-22 09:00:16 - 1: CLIENT -> SERVER: 

2025-11-22 09:00:16 - 1: CLIENT -> SERVER:                     <html>

2025-11-22 09:00:16 - 1: CLIENT -> SERVER:                     <body style='font-family: Arial, sans-serif; line-height: 1.6;'>

2025-11-22 09:00:16 - 1: CLIENT -> SERVER:                         <h2>Booking Confirmed!</h2>

2025-11-22 09:00:16 - 1: CLIENT -> SERVER:                         <p>Dear marjan,</p>

2025-11-22 09:00:16 - 1: CLIENT -> SERVER:                         <p>Great news! Your booking has been <strong style='color: #28a745;'>CONFIRMED</strong>!</p>

2025-11-22 09:00:16 - 1: CLIENT -> SERVER:                         

2025-11-22 09:00:16 - 1: CLIENT -> SERVER:                         <div style='background: #f8f9fa; padding: 20px; border-radius: 10px; margin: 20px 0;'>

2025-11-22 09:00:16 - 1: CLIENT -> SERVER:                             <h3>Booking Details:</h3>

2025-11-22 09:00:16 - 1: CLIENT -> SERVER:                             <p><strong>Booking ID:</strong> RESORT1763798227682</p>

2025-11-22 09:00:16 - 1: CLIENT -> SERVER:                             <p><strong>Cottage:</strong> Premium 838 — ₱7,800</p>

2025-11-22 09:00:16 - 1: CLIENT -> SERVER:                             <p><strong>Check-in Date:</strong> 2025-11-27</p>

2025-11-22 09:00:16 - 1: CLIENT -> SERVER:                             <p><strong>Number of Guests:</strong> 2</p>

2025-11-22 09:00:16 - 1: CLIENT -> SERVER:                             <p><strong>Status:</strong> <span style='color: #28a745; font-weight: bold;'>CONFIRMED</span></p>

2025-11-22 09:00:16 - 1: CLIENT -> SERVER:                         </div>

2025-11-22 09:00:16 - 1: CLIENT -> SERVER:                         

2025-11-22 09:00:16 - 1: CLIENT -> SERVER:                         <p>We're excited to welcome you to Heart Of D Ocean Beach Resort!</p>

2025-11-22 09:00:16 - 1: CLIENT -> SERVER:                         <p>If you have any questions, please contact us at heartofdocean2005@yahoo.com or call us.</p>

2025-11-22 09:00:16 - 1: CLIENT -> SERVER:                         

2025-11-22 09:00:16 - 1: CLIENT -> SERVER:                         <br>

2025-11-22 09:00:16 - 1: CLIENT -> SERVER:                         <p>Best regards,<br>The Heart Of D Ocean Team</p>

2025-11-22 09:00:16 - 1: CLIENT -> SERVER:                     </body>

2025-11-22 09:00:16 - 1: CLIENT -> SERVER:                     </html>

2025-11-22 09:00:16 - 1: CLIENT -> SERVER:                     

2025-11-22 09:00:16 - 1: CLIENT -> SERVER: 

2025-11-22 09:00:16 - 1: CLIENT -> SERVER: 

2025-11-22 09:00:16 - 1: CLIENT -> SERVER: --b1=_oGFaYaGRxN9uUZlc6TaJsP9S0oJirbPY0wFb1qimD8--

2025-11-22 09:00:16 - 1: CLIENT -> SERVER: 

2025-11-22 09:00:16 - 1: CLIENT -> SERVER: .

2025-11-22 09:00:16 - 4: SMTP INBOUND: "250 2.0.0 OK  1763798415 41be03b00d2f7-bd75e4ca0casm7401323a12.10 - gsmtp"
2025-11-22 09:00:16 - 2: SERVER -> CLIENT: 250 2.0.0 OK  1763798415 41be03b00d2f7-bd75e4ca0casm7401323a12.10 - gsmtp

2025-11-22 09:00:16 - 1: CLIENT -> SERVER: QUIT

2025-11-22 09:00:16 - 4: SMTP INBOUND: "221 2.0.0 closing connection 41be03b00d2f7-bd75e4ca0casm7401323a12.10 - gsmtp"
2025-11-22 09:00:16 - 2: SERVER -> CLIENT: 221 2.0.0 closing connection 41be03b00d2f7-bd75e4ca0casm7401323a12.10 - gsmtp

2025-11-22 09:00:16 - 3: Connection: closed
2025-11-22 09:04:17 - 3: Connection: opening to smtp.gmail.com:587, timeout=300, options=array()
2025-11-22 09:04:17 - 3: Connection: opened
2025-11-22 09:04:17 - 4: SMTP INBOUND: "220 smtp.gmail.com ESMTP d9443c01a7336-29b5b12d07esm76018425ad.26 - gsmtp"
2025-11-22 09:04:17 - 2: SERVER -> CLIENT: 220 smtp.gmail.com ESMTP d9443c01a7336-29b5b12d07esm76018425ad.26 - gsmtp

2025-11-22 09:04:17 - 1: CLIENT -> SERVER: EHLO localhost

2025-11-22 09:04:17 - 4: SMTP INBOUND: "250-smtp.gmail.com at your service, [158.62.4.229]"
2025-11-22 09:04:17 - 4: SMTP INBOUND: "250-SIZE 35882577"
2025-11-22 09:04:17 - 4: SMTP INBOUND: "250-8BITMIME"
2025-11-22 09:04:17 - 4: SMTP INBOUND: "250-STARTTLS"
2025-11-22 09:04:17 - 4: SMTP INBOUND: "250-ENHANCEDSTATUSCODES"
2025-11-22 09:04:17 - 4: SMTP INBOUND: "250-PIPELINING"
2025-11-22 09:04:17 - 4: SMTP INBOUND: "250-CHUNKING"
2025-11-22 09:04:17 - 4: SMTP INBOUND: "250 SMTPUTF8"
2025-11-22 09:04:17 - 2: SERVER -> CLIENT: 250-smtp.gmail.com at your service, [158.62.4.229]
250-SIZE 35882577
250-8BITMIME
250-STARTTLS
250-ENHANCEDSTATUSCODES
250-PIPELINING
250-CHUNKING
250 SMTPUTF8

2025-11-22 09:04:17 - 1: CLIENT -> SERVER: STARTTLS

2025-11-22 09:04:17 - 4: SMTP INBOUND: "220 2.0.0 Ready to start TLS"
2025-11-22 09:04:17 - 2: SERVER -> CLIENT: 220 2.0.0 Ready to start TLS

2025-11-22 09:04:17 - 1: CLIENT -> SERVER: EHLO localhost

2025-11-22 09:04:18 - 4: SMTP INBOUND: "250-smtp.gmail.com at your service, [158.62.4.229]"
2025-11-22 09:04:18 - 4: SMTP INBOUND: "250-SIZE 35882577"
2025-11-22 09:04:18 - 4: SMTP INBOUND: "250-8BITMIME"
2025-11-22 09:04:18 - 4: SMTP INBOUND: "250-AUTH LOGIN PLAIN XOAUTH2 PLAIN-CLIENTTOKEN OAUTHBEARER XOAUTH"
2025-11-22 09:04:18 - 4: SMTP INBOUND: "250-ENHANCEDSTATUSCODES"
2025-11-22 09:04:18 - 4: SMTP INBOUND: "250-PIPELINING"
2025-11-22 09:04:18 - 4: SMTP INBOUND: "250-CHUNKING"
2025-11-22 09:04:18 - 4: SMTP INBOUND: "250 SMTPUTF8"
2025-11-22 09:04:18 - 2: SERVER -> CLIENT: 250-smtp.gmail.com at your service, [158.62.4.229]
250-SIZE 35882577
250-8BITMIME
250-AUTH LOGIN PLAIN XOAUTH2 PLAIN-CLIENTTOKEN OAUTHBEARER XOAUTH
250-ENHANCEDSTATUSCODES
250-PIPELINING
250-CHUNKING
250 SMTPUTF8

2025-11-22 09:04:18 - 4: Auth method requested: UNSPECIFIED
2025-11-22 09:04:18 - 4: Auth methods available on the server: LOGIN,PLAIN,XOAUTH2,PLAIN-CLIENTTOKEN,OAUTHBEARER,XOAUTH
2025-11-22 09:04:18 - 4: Requested auth method not available: 
2025-11-22 09:04:18 - 4: Auth method selected: LOGIN
2025-11-22 09:04:18 - 1: CLIENT -> SERVER: AUTH LOGIN

2025-11-22 09:04:18 - 4: SMTP INBOUND: "334 VXNlcm5hbWU6"
2025-11-22 09:04:18 - 2: SERVER -> CLIENT: 334 VXNlcm5hbWU6

2025-11-22 09:04:18 - 1: CLIENT -> SERVER: bWNwZWJyaW5laHFAZ21haWwuY29t

2025-11-22 09:04:18 - 4: SMTP INBOUND: "334 UGFzc3dvcmQ6"
2025-11-22 09:04:18 - 2: SERVER -> CLIENT: 334 UGFzc3dvcmQ6

2025-11-22 09:04:18 - 1: CLIENT -> SERVER: ZHRkeHh4aGNtYXVvIGVlYnQ=

2025-11-22 09:04:18 - 4: SMTP INBOUND: "235 2.7.0 Accepted"
2025-11-22 09:04:18 - 2: SERVER -> CLIENT: 235 2.7.0 Accepted

2025-11-22 09:04:18 - 1: CLIENT -> SERVER: MAIL FROM:<mcpebrinehq@gmail.com>

2025-11-22 09:04:18 - 4: SMTP INBOUND: "250 2.1.0 OK d9443c01a7336-29b5b12d07esm76018425ad.26 - gsmtp"
2025-11-22 09:04:18 - 2: SERVER -> CLIENT: 250 2.1.0 OK d9443c01a7336-29b5b12d07esm76018425ad.26 - gsmtp

2025-11-22 09:04:18 - 1: CLIENT -> SERVER: RCPT TO:<bralphlorenz13@gmail.com>

2025-11-22 09:04:19 - 4: SMTP INBOUND: "250 2.1.5 OK d9443c01a7336-29b5b12d07esm76018425ad.26 - gsmtp"
2025-11-22 09:04:19 - 2: SERVER -> CLIENT: 250 2.1.5 OK d9443c01a7336-29b5b12d07esm76018425ad.26 - gsmtp

2025-11-22 09:04:19 - 1: CLIENT -> SERVER: DATA

2025-11-22 09:04:19 - 4: SMTP INBOUND: "354 Go ahead d9443c01a7336-29b5b12d07esm76018425ad.26 - gsmtp"
2025-11-22 09:04:19 - 2: SERVER -> CLIENT: 354 Go ahead d9443c01a7336-29b5b12d07esm76018425ad.26 - gsmtp

2025-11-22 09:04:19 - 1: CLIENT -> SERVER: Date: Sat, 22 Nov 2025 09:04:17 +0100

2025-11-22 09:04:19 - 1: CLIENT -> SERVER: To: bralphlorenz13@gmail.com

2025-11-22 09:04:19 - 1: CLIENT -> SERVER: From: Heart Of D Ocean Resort <mcpebrinehq@gmail.com>

2025-11-22 09:04:19 - 1: CLIENT -> SERVER: Reply-To: Heart Of D Ocean Resort <heartofdocean2005@yahoo.com>

2025-11-22 09:04:19 - 1: CLIENT -> SERVER: Subject: Booking CONFIRMED - Heart Of D Ocean Beach Resort

2025-11-22 09:04:19 - 1: CLIENT -> SERVER: Message-ID: <MXpM6WbTHg8rM1mQp8ZENRQPhHeAZZnHoW2nTNl71A@localhost>

2025-11-22 09:04:19 - 1: CLIENT -> SERVER: X-Mailer: PHPMailer 7.0.0 (https://github.com/PHPMailer/PHPMailer)

2025-11-22 09:04:19 - 1: CLIENT -> SERVER: MIME-Version: 1.0

2025-11-22 09:04:19 - 1: CLIENT -> SERVER: Content-Type: multipart/alternative;

2025-11-22 09:04:19 - 1: CLIENT -> SERVER:  boundary="b1=_MXpM6WbTHg8rM1mQp8ZENRQPhHeAZZnHoW2nTNl71A"

2025-11-22 09:04:19 - 1: CLIENT -> SERVER: Content-Transfer-Encoding: 8bit

2025-11-22 09:04:19 - 1: CLIENT -> SERVER: 

2025-11-22 09:04:19 - 1: CLIENT -> SERVER: --b1=_MXpM6WbTHg8rM1mQp8ZENRQPhHeAZZnHoW2nTNl71A

2025-11-22 09:04:19 - 1: CLIENT -> SERVER: Content-Type: text/plain; charset=iso-8859-1

2025-11-22 09:04:19 - 1: CLIENT -> SERVER: Content-Transfer-Encoding: 8bit

2025-11-22 09:04:19 - 1: CLIENT -> SERVER: 

2025-11-22 09:04:19 - 1: CLIENT -> SERVER: 

2025-11-22 09:04:19 - 1: CLIENT -> SERVER:                     

2025-11-22 09:04:19 - 1: CLIENT -> SERVER:                     

2025-11-22 09:04:19 - 1: CLIENT -> SERVER:                         Booking Confirmed!

2025-11-22 09:04:19 - 1: CLIENT -> SERVER:                         Dear ralph,

2025-11-22 09:04:19 - 1: CLIENT -> SERVER:                         Great news! Your booking has been CONFIRMED!

2025-11-22 09:04:19 - 1: CLIENT -> SERVER:                         

2025-11-22 09:04:19 - 1: CLIENT -> SERVER:                         

2025-11-22 09:04:19 - 1: CLIENT -> SERVER:                             Booking Details:

2025-11-22 09:04:19 - 1: CLIENT -> SERVER:                             Booking ID: RESORT1763798617422

2025-11-22 09:04:19 - 1: CLIENT -> SERVER:                             Cottage: Premium 838 — ₱7,800

2025-11-22 09:04:19 - 1: CLIENT -> SERVER:                             Check-in Date: 2025-11-28

2025-11-22 09:04:19 - 1: CLIENT -> SERVER:                             Number of Guests: 2

2025-11-22 09:04:19 - 1: CLIENT -> SERVER:                             Status: CONFIRMED

2025-11-22 09:04:19 - 1: CLIENT -> SERVER:                         

2025-11-22 09:04:19 - 1: CLIENT -> SERVER:                         

2025-11-22 09:04:19 - 1: CLIENT -> SERVER:                         We're excited to welcome you to Heart Of D Ocean Beach Resort!

2025-11-22 09:04:19 - 1: CLIENT -> SERVER:                         If you have any questions, please contact us at heartofdocean2005@yahoo.com or call us.

2025-11-22 09:04:19 - 1: CLIENT -> SERVER:                         

2025-11-22 09:04:19 - 1: CLIENT -> SERVER:                         

2025-11-22 09:04:19 - 1: CLIENT -> SERVER:                         Best regards,The Heart Of D Ocean Team

2025-11-22 09:04:19 - 1: CLIENT -> SERVER:                     

2025-11-22 09:04:19 - 1: CLIENT -> SERVER:                     

2025-11-22 09:04:19 - 1: CLIENT -> SERVER:                     

2025-11-22 09:04:19 - 1: CLIENT -> SERVER: 

2025-11-22 09:04:19 - 1: CLIENT -> SERVER: --b1=_MXpM6WbTHg8rM1mQp8ZENRQPhHeAZZnHoW2nTNl71A

2025-11-22 09:04:19 - 1: CLIENT -> SERVER: Content-Type: text/html; charset=iso-8859-1

2025-11-22 09:04:19 - 1: CLIENT -> SERVER: Content-Transfer-Encoding: 8bit

2025-11-22 09:04:19 - 1: CLIENT -> SERVER: 

2025-11-22 09:04:19 - 1: CLIENT -> SERVER: 

2025-11-22 09:04:19 - 1: CLIENT -> SERVER:                     <html>

2025-11-22 09:04:19 - 1: CLIENT -> SERVER:                     <body style='font-family: Arial, sans-serif; line-height: 1.6;'>

2025-11-22 09:04:19 - 1: CLIENT -> SERVER:                         <h2>Booking Confirmed!</h2>

2025-11-22 09:04:19 - 1: CLIENT -> SERVER:                         <p>Dear ralph,</p>

2025-11-22 09:04:19 - 1: CLIENT -> SERVER:                         <p>Great news! Your booking has been <strong style='color: #28a745;'>CONFIRMED</strong>!</p>

2025-11-22 09:04:19 - 1: CLIENT -> SERVER:                         

2025-11-22 09:04:19 - 1: CLIENT -> SERVER:                         <div style='background: #f8f9fa; padding: 20px; border-radius: 10px; margin: 20px 0;'>

2025-11-22 09:04:19 - 1: CLIENT -> SERVER:                             <h3>Booking Details:</h3>

2025-11-22 09:04:19 - 1: CLIENT -> SERVER:                             <p><strong>Booking ID:</strong> RESORT1763798617422</p>

2025-11-22 09:04:19 - 1: CLIENT -> SERVER:                             <p><strong>Cottage:</strong> Premium 838 — ₱7,800</p>

2025-11-22 09:04:19 - 1: CLIENT -> SERVER:                             <p><strong>Check-in Date:</strong> 2025-11-28</p>

2025-11-22 09:04:19 - 1: CLIENT -> SERVER:                             <p><strong>Number of Guests:</strong> 2</p>

2025-11-22 09:04:19 - 1: CLIENT -> SERVER:                             <p><strong>Status:</strong> <span style='color: #28a745; font-weight: bold;'>CONFIRMED</span></p>

2025-11-22 09:04:19 - 1: CLIENT -> SERVER:                         </div>

2025-11-22 09:04:19 - 1: CLIENT -> SERVER:                         

2025-11-22 09:04:19 - 1: CLIENT -> SERVER:                         <p>We're excited to welcome you to Heart Of D Ocean Beach Resort!</p>

2025-11-22 09:04:19 - 1: CLIENT -> SERVER:                         <p>If you have any questions, please contact us at heartofdocean2005@yahoo.com or call us.</p>

2025-11-22 09:04:19 - 1: CLIENT -> SERVER:                         

2025-11-22 09:04:19 - 1: CLIENT -> SERVER:                         <br>

2025-11-22 09:04:19 - 1: CLIENT -> SERVER:                         <p>Best regards,<br>The Heart Of D Ocean Team</p>

2025-11-22 09:04:19 - 1: CLIENT -> SERVER:                     </body>

2025-11-22 09:04:19 - 1: CLIENT -> SERVER:                     </html>

2025-11-22 09:04:19 - 1: CLIENT -> SERVER:                     

2025-11-22 09:04:19 - 1: CLIENT -> SERVER: 

2025-11-22 09:04:19 - 1: CLIENT -> SERVER: 

2025-11-22 09:04:19 - 1: CLIENT -> SERVER: --b1=_MXpM6WbTHg8rM1mQp8ZENRQPhHeAZZnHoW2nTNl71A--

2025-11-22 09:04:19 - 1: CLIENT -> SERVER: 

2025-11-22 09:04:19 - 1: CLIENT -> SERVER: .

2025-11-22 09:04:20 - 4: SMTP INBOUND: "250 2.0.0 OK  1763798659 d9443c01a7336-29b5b12d07esm76018425ad.26 - gsmtp"
2025-11-22 09:04:20 - 2: SERVER -> CLIENT: 250 2.0.0 OK  1763798659 d9443c01a7336-29b5b12d07esm76018425ad.26 - gsmtp

2025-11-22 09:04:20 - 1: CLIENT -> SERVER: QUIT

2025-11-22 09:04:20 - 4: SMTP INBOUND: "221 2.0.0 closing connection d9443c01a7336-29b5b12d07esm76018425ad.26 - gsmtp"
2025-11-22 09:04:20 - 2: SERVER -> CLIENT: 221 2.0.0 closing connection d9443c01a7336-29b5b12d07esm76018425ad.26 - gsmtp

2025-11-22 09:04:20 - 3: Connection: closed
2025-11-22 09:15:07 - 3: Connection: opening to smtp.gmail.com:587, timeout=300, options=array()
2025-11-22 09:15:07 - 3: Connection: opened
2025-11-22 09:15:07 - 4: SMTP INBOUND: "220 smtp.gmail.com ESMTP d9443c01a7336-29b5b272cd8sm77215185ad.73 - gsmtp"
2025-11-22 09:15:07 - 2: SERVER -> CLIENT: 220 smtp.gmail.com ESMTP d9443c01a7336-29b5b272cd8sm77215185ad.73 - gsmtp

2025-11-22 09:15:07 - 1: CLIENT -> SERVER: EHLO localhost

2025-11-22 09:15:07 - 4: SMTP INBOUND: "250-smtp.gmail.com at your service, [158.62.4.229]"
2025-11-22 09:15:07 - 4: SMTP INBOUND: "250-SIZE 35882577"
2025-11-22 09:15:07 - 4: SMTP INBOUND: "250-8BITMIME"
2025-11-22 09:15:07 - 4: SMTP INBOUND: "250-STARTTLS"
2025-11-22 09:15:07 - 4: SMTP INBOUND: "250-ENHANCEDSTATUSCODES"
2025-11-22 09:15:07 - 4: SMTP INBOUND: "250-PIPELINING"
2025-11-22 09:15:07 - 4: SMTP INBOUND: "250-CHUNKING"
2025-11-22 09:15:07 - 4: SMTP INBOUND: "250 SMTPUTF8"
2025-11-22 09:15:07 - 2: SERVER -> CLIENT: 250-smtp.gmail.com at your service, [158.62.4.229]
250-SIZE 35882577
250-8BITMIME
250-STARTTLS
250-ENHANCEDSTATUSCODES
250-PIPELINING
250-CHUNKING
250 SMTPUTF8

2025-11-22 09:15:07 - 1: CLIENT -> SERVER: STARTTLS

2025-11-22 09:15:08 - 4: SMTP INBOUND: "220 2.0.0 Ready to start TLS"
2025-11-22 09:15:08 - 2: SERVER -> CLIENT: 220 2.0.0 Ready to start TLS

2025-11-22 09:15:08 - 1: CLIENT -> SERVER: EHLO localhost

2025-11-22 09:15:08 - 4: SMTP INBOUND: "250-smtp.gmail.com at your service, [158.62.4.229]"
2025-11-22 09:15:08 - 4: SMTP INBOUND: "250-SIZE 35882577"
2025-11-22 09:15:08 - 4: SMTP INBOUND: "250-8BITMIME"
2025-11-22 09:15:08 - 4: SMTP INBOUND: "250-AUTH LOGIN PLAIN XOAUTH2 PLAIN-CLIENTTOKEN OAUTHBEARER XOAUTH"
2025-11-22 09:15:08 - 4: SMTP INBOUND: "250-ENHANCEDSTATUSCODES"
2025-11-22 09:15:08 - 4: SMTP INBOUND: "250-PIPELINING"
2025-11-22 09:15:08 - 4: SMTP INBOUND: "250-CHUNKING"
2025-11-22 09:15:08 - 4: SMTP INBOUND: "250 SMTPUTF8"
2025-11-22 09:15:08 - 2: SERVER -> CLIENT: 250-smtp.gmail.com at your service, [158.62.4.229]
250-SIZE 35882577
250-8BITMIME
250-AUTH LOGIN PLAIN XOAUTH2 PLAIN-CLIENTTOKEN OAUTHBEARER XOAUTH
250-ENHANCEDSTATUSCODES
250-PIPELINING
250-CHUNKING
250 SMTPUTF8

2025-11-22 09:15:08 - 4: Auth method requested: UNSPECIFIED
2025-11-22 09:15:08 - 4: Auth methods available on the server: LOGIN,PLAIN,XOAUTH2,PLAIN-CLIENTTOKEN,OAUTHBEARER,XOAUTH
2025-11-22 09:15:08 - 4: Requested auth method not available: 
2025-11-22 09:15:08 - 4: Auth method selected: LOGIN
2025-11-22 09:15:08 - 1: CLIENT -> SERVER: AUTH LOGIN

2025-11-22 09:15:08 - 4: SMTP INBOUND: "334 VXNlcm5hbWU6"
2025-11-22 09:15:08 - 2: SERVER -> CLIENT: 334 VXNlcm5hbWU6

2025-11-22 09:15:08 - 1: CLIENT -> SERVER: bWNwZWJyaW5laHFAZ21haWwuY29t

2025-11-22 09:15:08 - 4: SMTP INBOUND: "334 UGFzc3dvcmQ6"
2025-11-22 09:15:08 - 2: SERVER -> CLIENT: 334 UGFzc3dvcmQ6

2025-11-22 09:15:08 - 1: CLIENT -> SERVER: ZHRkeHh4aGNtYXVvIGVlYnQ=

2025-11-22 09:15:09 - 4: SMTP INBOUND: "235 2.7.0 Accepted"
2025-11-22 09:15:09 - 2: SERVER -> CLIENT: 235 2.7.0 Accepted

2025-11-22 09:15:09 - 1: CLIENT -> SERVER: MAIL FROM:<mcpebrinehq@gmail.com>

2025-11-22 09:15:09 - 4: SMTP INBOUND: "250 2.1.0 OK d9443c01a7336-29b5b272cd8sm77215185ad.73 - gsmtp"
2025-11-22 09:15:09 - 2: SERVER -> CLIENT: 250 2.1.0 OK d9443c01a7336-29b5b272cd8sm77215185ad.73 - gsmtp

2025-11-22 09:15:09 - 1: CLIENT -> SERVER: RCPT TO:<jenielynmcasas@gmail.com>

2025-11-22 09:15:09 - 4: SMTP INBOUND: "250 2.1.5 OK d9443c01a7336-29b5b272cd8sm77215185ad.73 - gsmtp"
2025-11-22 09:15:09 - 2: SERVER -> CLIENT: 250 2.1.5 OK d9443c01a7336-29b5b272cd8sm77215185ad.73 - gsmtp

2025-11-22 09:15:09 - 1: CLIENT -> SERVER: DATA

2025-11-22 09:15:09 - 4: SMTP INBOUND: "354 Go ahead d9443c01a7336-29b5b272cd8sm77215185ad.73 - gsmtp"
2025-11-22 09:15:09 - 2: SERVER -> CLIENT: 354 Go ahead d9443c01a7336-29b5b272cd8sm77215185ad.73 - gsmtp

2025-11-22 09:15:09 - 1: CLIENT -> SERVER: Date: Sat, 22 Nov 2025 09:15:07 +0100

2025-11-22 09:15:09 - 1: CLIENT -> SERVER: To: jenielynmcasas@gmail.com

2025-11-22 09:15:09 - 1: CLIENT -> SERVER: From: Heart Of D Ocean Resort <mcpebrinehq@gmail.com>

2025-11-22 09:15:09 - 1: CLIENT -> SERVER: Reply-To: Heart Of D Ocean Resort <heartofdocean2005@yahoo.com>

2025-11-22 09:15:09 - 1: CLIENT -> SERVER: Subject: Booking CONFIRMED - Heart Of D Ocean Beach Resort

2025-11-22 09:15:09 - 1: CLIENT -> SERVER: Message-ID: <UJ4Ldm2Yb25YOJZu5rXGUNVCI0mCYJrHXD1YfuLEHo@localhost>

2025-11-22 09:15:09 - 1: CLIENT -> SERVER: X-Mailer: PHPMailer 7.0.0 (https://github.com/PHPMailer/PHPMailer)

2025-11-22 09:15:09 - 1: CLIENT -> SERVER: MIME-Version: 1.0

2025-11-22 09:15:09 - 1: CLIENT -> SERVER: Content-Type: multipart/alternative;

2025-11-22 09:15:09 - 1: CLIENT -> SERVER:  boundary="b1=_UJ4Ldm2Yb25YOJZu5rXGUNVCI0mCYJrHXD1YfuLEHo"

2025-11-22 09:15:09 - 1: CLIENT -> SERVER: Content-Transfer-Encoding: 8bit

2025-11-22 09:15:09 - 1: CLIENT -> SERVER: 

2025-11-22 09:15:09 - 1: CLIENT -> SERVER: --b1=_UJ4Ldm2Yb25YOJZu5rXGUNVCI0mCYJrHXD1YfuLEHo

2025-11-22 09:15:09 - 1: CLIENT -> SERVER: Content-Type: text/plain; charset=iso-8859-1

2025-11-22 09:15:09 - 1: CLIENT -> SERVER: Content-Transfer-Encoding: 8bit

2025-11-22 09:15:09 - 1: CLIENT -> SERVER: 

2025-11-22 09:15:09 - 1: CLIENT -> SERVER: 

2025-11-22 09:15:09 - 1: CLIENT -> SERVER:                     

2025-11-22 09:15:09 - 1: CLIENT -> SERVER:                     

2025-11-22 09:15:09 - 1: CLIENT -> SERVER:                         Booking Confirmed!

2025-11-22 09:15:09 - 1: CLIENT -> SERVER:                         Dear Jhen,

2025-11-22 09:15:09 - 1: CLIENT -> SERVER:                         Great news! Your booking has been CONFIRMED!

2025-11-22 09:15:09 - 1: CLIENT -> SERVER:                         

2025-11-22 09:15:09 - 1: CLIENT -> SERVER:                         

2025-11-22 09:15:09 - 1: CLIENT -> SERVER:                             Booking Details:

2025-11-22 09:15:09 - 1: CLIENT -> SERVER:                             Booking ID: RESORT1763799297748

2025-11-22 09:15:09 - 1: CLIENT -> SERVER:                             Cottage: Beatrice B — ₱6,800

2025-11-22 09:15:09 - 1: CLIENT -> SERVER:                             Check-in Date: 2025-11-30

2025-11-22 09:15:09 - 1: CLIENT -> SERVER:                             Number of Guests: 2

2025-11-22 09:15:09 - 1: CLIENT -> SERVER:                             Status: CONFIRMED

2025-11-22 09:15:09 - 1: CLIENT -> SERVER:                         

2025-11-22 09:15:09 - 1: CLIENT -> SERVER:                         

2025-11-22 09:15:09 - 1: CLIENT -> SERVER:                         We're excited to welcome you to Heart Of D Ocean Beach Resort!

2025-11-22 09:15:09 - 1: CLIENT -> SERVER:                         If you have any questions, please contact us at heartofdocean2005@yahoo.com or call us.

2025-11-22 09:15:09 - 1: CLIENT -> SERVER:                         

2025-11-22 09:15:09 - 1: CLIENT -> SERVER:                         

2025-11-22 09:15:09 - 1: CLIENT -> SERVER:                         Best regards,The Heart Of D Ocean Team

2025-11-22 09:15:09 - 1: CLIENT -> SERVER:                     

2025-11-22 09:15:09 - 1: CLIENT -> SERVER:                     

2025-11-22 09:15:09 - 1: CLIENT -> SERVER:                     

2025-11-22 09:15:09 - 1: CLIENT -> SERVER: 

2025-11-22 09:15:09 - 1: CLIENT -> SERVER: --b1=_UJ4Ldm2Yb25YOJZu5rXGUNVCI0mCYJrHXD1YfuLEHo

2025-11-22 09:15:09 - 1: CLIENT -> SERVER: Content-Type: text/html; charset=iso-8859-1

2025-11-22 09:15:09 - 1: CLIENT -> SERVER: Content-Transfer-Encoding: 8bit

2025-11-22 09:15:09 - 1: CLIENT -> SERVER: 

2025-11-22 09:15:09 - 1: CLIENT -> SERVER: 

2025-11-22 09:15:09 - 1: CLIENT -> SERVER:                     <html>

2025-11-22 09:15:09 - 1: CLIENT -> SERVER:                     <body style='font-family: Arial, sans-serif; line-height: 1.6;'>

2025-11-22 09:15:09 - 1: CLIENT -> SERVER:                         <h2>Booking Confirmed!</h2>

2025-11-22 09:15:09 - 1: CLIENT -> SERVER:                         <p>Dear Jhen,</p>

2025-11-22 09:15:09 - 1: CLIENT -> SERVER:                         <p>Great news! Your booking has been <strong style='color: #28a745;'>CONFIRMED</strong>!</p>

2025-11-22 09:15:09 - 1: CLIENT -> SERVER:                         

2025-11-22 09:15:09 - 1: CLIENT -> SERVER:                         <div style='background: #f8f9fa; padding: 20px; border-radius: 10px; margin: 20px 0;'>

2025-11-22 09:15:09 - 1: CLIENT -> SERVER:                             <h3>Booking Details:</h3>

2025-11-22 09:15:09 - 1: CLIENT -> SERVER:                             <p><strong>Booking ID:</strong> RESORT1763799297748</p>

2025-11-22 09:15:09 - 1: CLIENT -> SERVER:                             <p><strong>Cottage:</strong> Beatrice B — ₱6,800</p>

2025-11-22 09:15:09 - 1: CLIENT -> SERVER:                             <p><strong>Check-in Date:</strong> 2025-11-30</p>

2025-11-22 09:15:09 - 1: CLIENT -> SERVER:                             <p><strong>Number of Guests:</strong> 2</p>

2025-11-22 09:15:09 - 1: CLIENT -> SERVER:                             <p><strong>Status:</strong> <span style='color: #28a745; font-weight: bold;'>CONFIRMED</span></p>

2025-11-22 09:15:09 - 1: CLIENT -> SERVER:                         </div>

2025-11-22 09:15:09 - 1: CLIENT -> SERVER:                         

2025-11-22 09:15:09 - 1: CLIENT -> SERVER:                         <p>We're excited to welcome you to Heart Of D Ocean Beach Resort!</p>

2025-11-22 09:15:09 - 1: CLIENT -> SERVER:                         <p>If you have any questions, please contact us at heartofdocean2005@yahoo.com or call us.</p>

2025-11-22 09:15:09 - 1: CLIENT -> SERVER:                         

2025-11-22 09:15:09 - 1: CLIENT -> SERVER:                         <br>

2025-11-22 09:15:09 - 1: CLIENT -> SERVER:                         <p>Best regards,<br>The Heart Of D Ocean Team</p>

2025-11-22 09:15:09 - 1: CLIENT -> SERVER:                     </body>

2025-11-22 09:15:09 - 1: CLIENT -> SERVER:                     </html>

2025-11-22 09:15:09 - 1: CLIENT -> SERVER:                     

2025-11-22 09:15:09 - 1: CLIENT -> SERVER: 

2025-11-22 09:15:09 - 1: CLIENT -> SERVER: 

2025-11-22 09:15:09 - 1: CLIENT -> SERVER: --b1=_UJ4Ldm2Yb25YOJZu5rXGUNVCI0mCYJrHXD1YfuLEHo--

2025-11-22 09:15:09 - 1: CLIENT -> SERVER: 

2025-11-22 09:15:09 - 1: CLIENT -> SERVER: .

2025-11-22 09:15:10 - 4: SMTP INBOUND: "250 2.0.0 OK  1763799309 d9443c01a7336-29b5b272cd8sm77215185ad.73 - gsmtp"
2025-11-22 09:15:10 - 2: SERVER -> CLIENT: 250 2.0.0 OK  1763799309 d9443c01a7336-29b5b272cd8sm77215185ad.73 - gsmtp

2025-11-22 09:15:10 - 1: CLIENT -> SERVER: QUIT

2025-11-22 09:15:10 - 4: SMTP INBOUND: "221 2.0.0 closing connection d9443c01a7336-29b5b272cd8sm77215185ad.73 - gsmtp"
2025-11-22 09:15:10 - 2: SERVER -> CLIENT: 221 2.0.0 closing connection d9443c01a7336-29b5b272cd8sm77215185ad.73 - gsmtp

2025-11-22 09:15:10 - 3: Connection: closed
2025-11-22 10:07:45 - 3: Connection: opening to smtp.gmail.com:587, timeout=300, options=array()
2025-11-22 10:07:45 - 3: Connection: opened
2025-11-22 10:07:46 - 4: SMTP INBOUND: "220 smtp.gmail.com ESMTP 98e67ed59e1d1-34727bcaf5asm7601400a91.4 - gsmtp"
2025-11-22 10:07:46 - 2: SERVER -> CLIENT: 220 smtp.gmail.com ESMTP 98e67ed59e1d1-34727bcaf5asm7601400a91.4 - gsmtp

2025-11-22 10:07:46 - 1: CLIENT -> SERVER: EHLO localhost

2025-11-22 10:07:46 - 4: SMTP INBOUND: "250-smtp.gmail.com at your service, [158.62.4.229]"
2025-11-22 10:07:46 - 4: SMTP INBOUND: "250-SIZE 35882577"
2025-11-22 10:07:46 - 4: SMTP INBOUND: "250-8BITMIME"
2025-11-22 10:07:46 - 4: SMTP INBOUND: "250-STARTTLS"
2025-11-22 10:07:46 - 4: SMTP INBOUND: "250-ENHANCEDSTATUSCODES"
2025-11-22 10:07:46 - 4: SMTP INBOUND: "250-PIPELINING"
2025-11-22 10:07:46 - 4: SMTP INBOUND: "250-CHUNKING"
2025-11-22 10:07:46 - 4: SMTP INBOUND: "250 SMTPUTF8"
2025-11-22 10:07:46 - 2: SERVER -> CLIENT: 250-smtp.gmail.com at your service, [158.62.4.229]
250-SIZE 35882577
250-8BITMIME
250-STARTTLS
250-ENHANCEDSTATUSCODES
250-PIPELINING
250-CHUNKING
250 SMTPUTF8

2025-11-22 10:07:46 - 1: CLIENT -> SERVER: STARTTLS

2025-11-22 10:07:46 - 4: SMTP INBOUND: "220 2.0.0 Ready to start TLS"
2025-11-22 10:07:46 - 2: SERVER -> CLIENT: 220 2.0.0 Ready to start TLS

2025-11-22 10:07:46 - 1: CLIENT -> SERVER: EHLO localhost

2025-11-22 10:07:46 - 4: SMTP INBOUND: "250-smtp.gmail.com at your service, [158.62.4.229]"
2025-11-22 10:07:46 - 4: SMTP INBOUND: "250-SIZE 35882577"
2025-11-22 10:07:46 - 4: SMTP INBOUND: "250-8BITMIME"
2025-11-22 10:07:46 - 4: SMTP INBOUND: "250-AUTH LOGIN PLAIN XOAUTH2 PLAIN-CLIENTTOKEN OAUTHBEARER XOAUTH"
2025-11-22 10:07:46 - 4: SMTP INBOUND: "250-ENHANCEDSTATUSCODES"
2025-11-22 10:07:46 - 4: SMTP INBOUND: "250-PIPELINING"
2025-11-22 10:07:46 - 4: SMTP INBOUND: "250-CHUNKING"
2025-11-22 10:07:46 - 4: SMTP INBOUND: "250 SMTPUTF8"
2025-11-22 10:07:46 - 2: SERVER -> CLIENT: 250-smtp.gmail.com at your service, [158.62.4.229]
250-SIZE 35882577
250-8BITMIME
250-AUTH LOGIN PLAIN XOAUTH2 PLAIN-CLIENTTOKEN OAUTHBEARER XOAUTH
250-ENHANCEDSTATUSCODES
250-PIPELINING
250-CHUNKING
250 SMTPUTF8

2025-11-22 10:07:46 - 4: Auth method requested: UNSPECIFIED
2025-11-22 10:07:46 - 4: Auth methods available on the server: LOGIN,PLAIN,XOAUTH2,PLAIN-CLIENTTOKEN,OAUTHBEARER,XOAUTH
2025-11-22 10:07:46 - 4: Requested auth method not available: 
2025-11-22 10:07:46 - 4: Auth method selected: LOGIN
2025-11-22 10:07:46 - 1: CLIENT -> SERVER: AUTH LOGIN

2025-11-22 10:07:47 - 4: SMTP INBOUND: "334 VXNlcm5hbWU6"
2025-11-22 10:07:47 - 2: SERVER -> CLIENT: 334 VXNlcm5hbWU6

2025-11-22 10:07:47 - 1: CLIENT -> SERVER: bWNwZWJyaW5laHFAZ21haWwuY29t

2025-11-22 10:07:47 - 4: SMTP INBOUND: "334 UGFzc3dvcmQ6"
2025-11-22 10:07:47 - 2: SERVER -> CLIENT: 334 UGFzc3dvcmQ6

2025-11-22 10:07:47 - 1: CLIENT -> SERVER: ZHRkeHh4aGNtYXVvIGVlYnQ=

2025-11-22 10:07:47 - 4: SMTP INBOUND: "235 2.7.0 Accepted"
2025-11-22 10:07:47 - 2: SERVER -> CLIENT: 235 2.7.0 Accepted

2025-11-22 10:07:47 - 1: CLIENT -> SERVER: MAIL FROM:<mcpebrinehq@gmail.com>

2025-11-22 10:07:47 - 4: SMTP INBOUND: "250 2.1.0 OK 98e67ed59e1d1-34727bcaf5asm7601400a91.4 - gsmtp"
2025-11-22 10:07:47 - 2: SERVER -> CLIENT: 250 2.1.0 OK 98e67ed59e1d1-34727bcaf5asm7601400a91.4 - gsmtp

2025-11-22 10:07:47 - 1: CLIENT -> SERVER: RCPT TO:<23-50990@g.batstate-u.edu.ph>

2025-11-22 10:07:48 - 4: SMTP INBOUND: "250 2.1.5 OK 98e67ed59e1d1-34727bcaf5asm7601400a91.4 - gsmtp"
2025-11-22 10:07:48 - 2: SERVER -> CLIENT: 250 2.1.5 OK 98e67ed59e1d1-34727bcaf5asm7601400a91.4 - gsmtp

2025-11-22 10:07:48 - 1: CLIENT -> SERVER: DATA

2025-11-22 10:07:48 - 4: SMTP INBOUND: "354 Go ahead 98e67ed59e1d1-34727bcaf5asm7601400a91.4 - gsmtp"
2025-11-22 10:07:48 - 2: SERVER -> CLIENT: 354 Go ahead 98e67ed59e1d1-34727bcaf5asm7601400a91.4 - gsmtp

2025-11-22 10:07:48 - 1: CLIENT -> SERVER: Date: Sat, 22 Nov 2025 10:07:45 +0100

2025-11-22 10:07:48 - 1: CLIENT -> SERVER: To: 23-50990@g.batstate-u.edu.ph

2025-11-22 10:07:48 - 1: CLIENT -> SERVER: From: Heart Of D Ocean Resort <mcpebrinehq@gmail.com>

2025-11-22 10:07:48 - 1: CLIENT -> SERVER: Reply-To: Heart Of D Ocean Resort <heartofdocean2005@yahoo.com>

2025-11-22 10:07:48 - 1: CLIENT -> SERVER: Subject: Booking CONFIRMED - Heart Of D Ocean Beach Resort

2025-11-22 10:07:48 - 1: CLIENT -> SERVER: Message-ID: <MylHFRvNGwuKJftIlEaZUDO09wpUqEYAX7gOXgzccK0@localhost>

2025-11-22 10:07:48 - 1: CLIENT -> SERVER: X-Mailer: PHPMailer 7.0.0 (https://github.com/PHPMailer/PHPMailer)

2025-11-22 10:07:48 - 1: CLIENT -> SERVER: MIME-Version: 1.0

2025-11-22 10:07:48 - 1: CLIENT -> SERVER: Content-Type: multipart/alternative;

2025-11-22 10:07:48 - 1: CLIENT -> SERVER:  boundary="b1=_MylHFRvNGwuKJftIlEaZUDO09wpUqEYAX7gOXgzccK0"

2025-11-22 10:07:48 - 1: CLIENT -> SERVER: Content-Transfer-Encoding: 8bit

2025-11-22 10:07:48 - 1: CLIENT -> SERVER: 

2025-11-22 10:07:48 - 1: CLIENT -> SERVER: --b1=_MylHFRvNGwuKJftIlEaZUDO09wpUqEYAX7gOXgzccK0

2025-11-22 10:07:48 - 1: CLIENT -> SERVER: Content-Type: text/plain; charset=iso-8859-1

2025-11-22 10:07:48 - 1: CLIENT -> SERVER: Content-Transfer-Encoding: 8bit

2025-11-22 10:07:48 - 1: CLIENT -> SERVER: 

2025-11-22 10:07:48 - 1: CLIENT -> SERVER: 

2025-11-22 10:07:48 - 1: CLIENT -> SERVER:                     

2025-11-22 10:07:48 - 1: CLIENT -> SERVER:                     

2025-11-22 10:07:48 - 1: CLIENT -> SERVER:                         Booking Confirmed!

2025-11-22 10:07:48 - 1: CLIENT -> SERVER:                         Dear Lance Kelly Salcedo,

2025-11-22 10:07:48 - 1: CLIENT -> SERVER:                         Great news! Your booking has been CONFIRMED!

2025-11-22 10:07:48 - 1: CLIENT -> SERVER:                         

2025-11-22 10:07:48 - 1: CLIENT -> SERVER:                         

2025-11-22 10:07:48 - 1: CLIENT -> SERVER:                             Booking Details:

2025-11-22 10:07:48 - 1: CLIENT -> SERVER:                             Booking ID: RESORT1763802455592

2025-11-22 10:07:48 - 1: CLIENT -> SERVER:                             Cottage: Beatrice A — ₱7,800

2025-11-22 10:07:48 - 1: CLIENT -> SERVER:                             Check-in Date: 2025-11-23

2025-11-22 10:07:48 - 1: CLIENT -> SERVER:                             Number of Guests: 2

2025-11-22 10:07:48 - 1: CLIENT -> SERVER:                             Status: CONFIRMED

2025-11-22 10:07:48 - 1: CLIENT -> SERVER:                         

2025-11-22 10:07:48 - 1: CLIENT -> SERVER:                         

2025-11-22 10:07:48 - 1: CLIENT -> SERVER:                         We're excited to welcome you to Heart Of D Ocean Beach Resort!

2025-11-22 10:07:48 - 1: CLIENT -> SERVER:                         If you have any questions, please contact us at heartofdocean2005@yahoo.com or call us.

2025-11-22 10:07:48 - 1: CLIENT -> SERVER:                         

2025-11-22 10:07:48 - 1: CLIENT -> SERVER:                         

2025-11-22 10:07:48 - 1: CLIENT -> SERVER:                         Best regards,The Heart Of D Ocean Team

2025-11-22 10:07:48 - 1: CLIENT -> SERVER:                     

2025-11-22 10:07:48 - 1: CLIENT -> SERVER:                     

2025-11-22 10:07:48 - 1: CLIENT -> SERVER:                     

2025-11-22 10:07:48 - 1: CLIENT -> SERVER: 

2025-11-22 10:07:48 - 1: CLIENT -> SERVER: --b1=_MylHFRvNGwuKJftIlEaZUDO09wpUqEYAX7gOXgzccK0

2025-11-22 10:07:48 - 1: CLIENT -> SERVER: Content-Type: text/html; charset=iso-8859-1

2025-11-22 10:07:48 - 1: CLIENT -> SERVER: Content-Transfer-Encoding: 8bit

2025-11-22 10:07:48 - 1: CLIENT -> SERVER: 

2025-11-22 10:07:48 - 1: CLIENT -> SERVER: 

2025-11-22 10:07:48 - 1: CLIENT -> SERVER:                     <html>

2025-11-22 10:07:48 - 1: CLIENT -> SERVER:                     <body style='font-family: Arial, sans-serif; line-height: 1.6;'>

2025-11-22 10:07:48 - 1: CLIENT -> SERVER:                         <h2>Booking Confirmed!</h2>

2025-11-22 10:07:48 - 1: CLIENT -> SERVER:                         <p>Dear Lance Kelly Salcedo,</p>

2025-11-22 10:07:48 - 1: CLIENT -> SERVER:                         <p>Great news! Your booking has been <strong style='color: #28a745;'>CONFIRMED</strong>!</p>

2025-11-22 10:07:48 - 1: CLIENT -> SERVER:                         

2025-11-22 10:07:48 - 1: CLIENT -> SERVER:                         <div style='background: #f8f9fa; padding: 20px; border-radius: 10px; margin: 20px 0;'>

2025-11-22 10:07:48 - 1: CLIENT -> SERVER:                             <h3>Booking Details:</h3>

2025-11-22 10:07:48 - 1: CLIENT -> SERVER:                             <p><strong>Booking ID:</strong> RESORT1763802455592</p>

2025-11-22 10:07:48 - 1: CLIENT -> SERVER:                             <p><strong>Cottage:</strong> Beatrice A — ₱7,800</p>

2025-11-22 10:07:48 - 1: CLIENT -> SERVER:                             <p><strong>Check-in Date:</strong> 2025-11-23</p>

2025-11-22 10:07:48 - 1: CLIENT -> SERVER:                             <p><strong>Number of Guests:</strong> 2</p>

2025-11-22 10:07:48 - 1: CLIENT -> SERVER:                             <p><strong>Status:</strong> <span style='color: #28a745; font-weight: bold;'>CONFIRMED</span></p>

2025-11-22 10:07:48 - 1: CLIENT -> SERVER:                         </div>

2025-11-22 10:07:48 - 1: CLIENT -> SERVER:                         

2025-11-22 10:07:48 - 1: CLIENT -> SERVER:                         <p>We're excited to welcome you to Heart Of D Ocean Beach Resort!</p>

2025-11-22 10:07:48 - 1: CLIENT -> SERVER:                         <p>If you have any questions, please contact us at heartofdocean2005@yahoo.com or call us.</p>

2025-11-22 10:07:48 - 1: CLIENT -> SERVER:                         

2025-11-22 10:07:48 - 1: CLIENT -> SERVER:                         <br>

2025-11-22 10:07:48 - 1: CLIENT -> SERVER:                         <p>Best regards,<br>The Heart Of D Ocean Team</p>

2025-11-22 10:07:48 - 1: CLIENT -> SERVER:                     </body>

2025-11-22 10:07:48 - 1: CLIENT -> SERVER:                     </html>

2025-11-22 10:07:48 - 1: CLIENT -> SERVER:                     

2025-11-22 10:07:48 - 1: CLIENT -> SERVER: 

2025-11-22 10:07:48 - 1: CLIENT -> SERVER: 

2025-11-22 10:07:48 - 1: CLIENT -> SERVER: --b1=_MylHFRvNGwuKJftIlEaZUDO09wpUqEYAX7gOXgzccK0--

2025-11-22 10:07:48 - 1: CLIENT -> SERVER: 

2025-11-22 10:07:48 - 1: CLIENT -> SERVER: .

2025-11-22 10:07:49 - 4: SMTP INBOUND: "250 2.0.0 OK  1763802468 98e67ed59e1d1-34727bcaf5asm7601400a91.4 - gsmtp"
2025-11-22 10:07:49 - 2: SERVER -> CLIENT: 250 2.0.0 OK  1763802468 98e67ed59e1d1-34727bcaf5asm7601400a91.4 - gsmtp

2025-11-22 10:07:49 - 1: CLIENT -> SERVER: QUIT

2025-11-22 10:07:49 - 4: SMTP INBOUND: "221 2.0.0 closing connection 98e67ed59e1d1-34727bcaf5asm7601400a91.4 - gsmtp"
2025-11-22 10:07:49 - 2: SERVER -> CLIENT: 221 2.0.0 closing connection 98e67ed59e1d1-34727bcaf5asm7601400a91.4 - gsmtp

2025-11-22 10:07:49 - 3: Connection: closed
2025-11-22 11:10:42 - 3: Connection: opening to smtp.gmail.com:587, timeout=300, options=array()
2025-11-22 11:10:42 - 3: Connection: opened
2025-11-22 11:10:42 - 4: SMTP INBOUND: "220 smtp.gmail.com ESMTP d2e1a72fcca58-7c3ed470ff6sm8633551b3a.19 - gsmtp"
2025-11-22 11:10:42 - 2: SERVER -> CLIENT: 220 smtp.gmail.com ESMTP d2e1a72fcca58-7c3ed470ff6sm8633551b3a.19 - gsmtp

2025-11-22 11:10:42 - 1: CLIENT -> SERVER: EHLO localhost

2025-11-22 11:10:42 - 4: SMTP INBOUND: "250-smtp.gmail.com at your service, [158.62.4.229]"
2025-11-22 11:10:42 - 4: SMTP INBOUND: "250-SIZE 35882577"
2025-11-22 11:10:42 - 4: SMTP INBOUND: "250-8BITMIME"
2025-11-22 11:10:42 - 4: SMTP INBOUND: "250-STARTTLS"
2025-11-22 11:10:42 - 4: SMTP INBOUND: "250-ENHANCEDSTATUSCODES"
2025-11-22 11:10:42 - 4: SMTP INBOUND: "250-PIPELINING"
2025-11-22 11:10:42 - 4: SMTP INBOUND: "250-CHUNKING"
2025-11-22 11:10:42 - 4: SMTP INBOUND: "250 SMTPUTF8"
2025-11-22 11:10:42 - 2: SERVER -> CLIENT: 250-smtp.gmail.com at your service, [158.62.4.229]
250-SIZE 35882577
250-8BITMIME
250-STARTTLS
250-ENHANCEDSTATUSCODES
250-PIPELINING
250-CHUNKING
250 SMTPUTF8

2025-11-22 11:10:42 - 1: CLIENT -> SERVER: STARTTLS

2025-11-22 11:10:43 - 4: SMTP INBOUND: "220 2.0.0 Ready to start TLS"
2025-11-22 11:10:43 - 2: SERVER -> CLIENT: 220 2.0.0 Ready to start TLS

2025-11-22 11:10:43 - 1: CLIENT -> SERVER: EHLO localhost

2025-11-22 11:10:43 - 4: SMTP INBOUND: "250-smtp.gmail.com at your service, [158.62.4.229]"
2025-11-22 11:10:43 - 4: SMTP INBOUND: "250-SIZE 35882577"
2025-11-22 11:10:43 - 4: SMTP INBOUND: "250-8BITMIME"
2025-11-22 11:10:43 - 4: SMTP INBOUND: "250-AUTH LOGIN PLAIN XOAUTH2 PLAIN-CLIENTTOKEN OAUTHBEARER XOAUTH"
2025-11-22 11:10:43 - 4: SMTP INBOUND: "250-ENHANCEDSTATUSCODES"
2025-11-22 11:10:43 - 4: SMTP INBOUND: "250-PIPELINING"
2025-11-22 11:10:43 - 4: SMTP INBOUND: "250-CHUNKING"
2025-11-22 11:10:43 - 4: SMTP INBOUND: "250 SMTPUTF8"
2025-11-22 11:10:43 - 2: SERVER -> CLIENT: 250-smtp.gmail.com at your service, [158.62.4.229]
250-SIZE 35882577
250-8BITMIME
250-AUTH LOGIN PLAIN XOAUTH2 PLAIN-CLIENTTOKEN OAUTHBEARER XOAUTH
250-ENHANCEDSTATUSCODES
250-PIPELINING
250-CHUNKING
250 SMTPUTF8

2025-11-22 11:10:43 - 4: Auth method requested: UNSPECIFIED
2025-11-22 11:10:43 - 4: Auth methods available on the server: LOGIN,PLAIN,XOAUTH2,PLAIN-CLIENTTOKEN,OAUTHBEARER,XOAUTH
2025-11-22 11:10:43 - 4: Requested auth method not available: 
2025-11-22 11:10:43 - 4: Auth method selected: LOGIN
2025-11-22 11:10:43 - 1: CLIENT -> SERVER: AUTH LOGIN

2025-11-22 11:10:43 - 4: SMTP INBOUND: "334 VXNlcm5hbWU6"
2025-11-22 11:10:43 - 2: SERVER -> CLIENT: 334 VXNlcm5hbWU6

2025-11-22 11:10:43 - 1: CLIENT -> SERVER: bWNwZWJyaW5laHFAZ21haWwuY29t

2025-11-22 11:10:43 - 4: SMTP INBOUND: "334 UGFzc3dvcmQ6"
2025-11-22 11:10:43 - 2: SERVER -> CLIENT: 334 UGFzc3dvcmQ6

2025-11-22 11:10:43 - 1: CLIENT -> SERVER: ZHRkeHh4aGNtYXVvIGVlYnQ=

2025-11-22 11:10:44 - 4: SMTP INBOUND: "235 2.7.0 Accepted"
2025-11-22 11:10:44 - 2: SERVER -> CLIENT: 235 2.7.0 Accepted

2025-11-22 11:10:44 - 1: CLIENT -> SERVER: MAIL FROM:<mcpebrinehq@gmail.com>

2025-11-22 11:10:44 - 4: SMTP INBOUND: "250 2.1.0 OK d2e1a72fcca58-7c3ed470ff6sm8633551b3a.19 - gsmtp"
2025-11-22 11:10:44 - 2: SERVER -> CLIENT: 250 2.1.0 OK d2e1a72fcca58-7c3ed470ff6sm8633551b3a.19 - gsmtp

2025-11-22 11:10:44 - 1: CLIENT -> SERVER: RCPT TO:<24-07711@g.batstate-u.edu.ph>

2025-11-22 11:10:44 - 4: SMTP INBOUND: "250 2.1.5 OK d2e1a72fcca58-7c3ed470ff6sm8633551b3a.19 - gsmtp"
2025-11-22 11:10:44 - 2: SERVER -> CLIENT: 250 2.1.5 OK d2e1a72fcca58-7c3ed470ff6sm8633551b3a.19 - gsmtp

2025-11-22 11:10:44 - 1: CLIENT -> SERVER: DATA

2025-11-22 11:10:44 - 4: SMTP INBOUND: "354 Go ahead d2e1a72fcca58-7c3ed470ff6sm8633551b3a.19 - gsmtp"
2025-11-22 11:10:44 - 2: SERVER -> CLIENT: 354 Go ahead d2e1a72fcca58-7c3ed470ff6sm8633551b3a.19 - gsmtp

2025-11-22 11:10:44 - 1: CLIENT -> SERVER: Date: Sat, 22 Nov 2025 11:10:42 +0100

2025-11-22 11:10:44 - 1: CLIENT -> SERVER: To: 24-07711@g.batstate-u.edu.ph

2025-11-22 11:10:44 - 1: CLIENT -> SERVER: From: Heart Of D Ocean Resort <mcpebrinehq@gmail.com>

2025-11-22 11:10:44 - 1: CLIENT -> SERVER: Reply-To: Heart Of D Ocean Resort <heartofdocean2005@yahoo.com>

2025-11-22 11:10:44 - 1: CLIENT -> SERVER: Subject: Booking Update - Heart Of D Ocean Beach Resort

2025-11-22 11:10:44 - 1: CLIENT -> SERVER: Message-ID: <58ZXfn19HuCkeQqXE9639OT8DfsXrI3tfYjYfEalg@localhost>

2025-11-22 11:10:44 - 1: CLIENT -> SERVER: X-Mailer: PHPMailer 7.0.0 (https://github.com/PHPMailer/PHPMailer)

2025-11-22 11:10:44 - 1: CLIENT -> SERVER: MIME-Version: 1.0

2025-11-22 11:10:44 - 1: CLIENT -> SERVER: Content-Type: multipart/alternative;

2025-11-22 11:10:44 - 1: CLIENT -> SERVER:  boundary="b1=_58ZXfn19HuCkeQqXE9639OT8DfsXrI3tfYjYfEalg"

2025-11-22 11:10:44 - 1: CLIENT -> SERVER: Content-Transfer-Encoding: 8bit

2025-11-22 11:10:44 - 1: CLIENT -> SERVER: 

2025-11-22 11:10:44 - 1: CLIENT -> SERVER: --b1=_58ZXfn19HuCkeQqXE9639OT8DfsXrI3tfYjYfEalg

2025-11-22 11:10:44 - 1: CLIENT -> SERVER: Content-Type: text/plain; charset=iso-8859-1

2025-11-22 11:10:44 - 1: CLIENT -> SERVER: Content-Transfer-Encoding: 8bit

2025-11-22 11:10:44 - 1: CLIENT -> SERVER: 

2025-11-22 11:10:44 - 1: CLIENT -> SERVER: 

2025-11-22 11:10:44 - 1: CLIENT -> SERVER:                     

2025-11-22 11:10:44 - 1: CLIENT -> SERVER:                     

2025-11-22 11:10:44 - 1: CLIENT -> SERVER:                         Booking Status Update

2025-11-22 11:10:44 - 1: CLIENT -> SERVER:                         Dear Mar Jhon Lowie Matalog,

2025-11-22 11:10:44 - 1: CLIENT -> SERVER:                         Your booking status has been updated to: PENDING

2025-11-22 11:10:44 - 1: CLIENT -> SERVER:                         

2025-11-22 11:10:44 - 1: CLIENT -> SERVER:                         

2025-11-22 11:10:44 - 1: CLIENT -> SERVER:                             Booking Details:

2025-11-22 11:10:44 - 1: CLIENT -> SERVER:                             Booking ID: RESORT1763746240471

2025-11-22 11:10:44 - 1: CLIENT -> SERVER:                             Cottage: Seaside (Half) — ₱3,400

2025-11-22 11:10:44 - 1: CLIENT -> SERVER:                             Check-in Date: 2026-01-29

2025-11-22 11:10:44 - 1: CLIENT -> SERVER:                             Status: PENDING

2025-11-22 11:10:44 - 1: CLIENT -> SERVER:                         

2025-11-22 11:10:44 - 1: CLIENT -> SERVER:                         

2025-11-22 11:10:44 - 1: CLIENT -> SERVER:                         Please contact us at heartofdocean2005@yahoo.com if you have any questions.

2025-11-22 11:10:44 - 1: CLIENT -> SERVER:                         

2025-11-22 11:10:44 - 1: CLIENT -> SERVER:                         

2025-11-22 11:10:44 - 1: CLIENT -> SERVER:                         Best regards,The Heart Of D Ocean Team

2025-11-22 11:10:44 - 1: CLIENT -> SERVER:                     

2025-11-22 11:10:44 - 1: CLIENT -> SERVER:                     

2025-11-22 11:10:44 - 1: CLIENT -> SERVER:                     

2025-11-22 11:10:44 - 1: CLIENT -> SERVER: 

2025-11-22 11:10:44 - 1: CLIENT -> SERVER: --b1=_58ZXfn19HuCkeQqXE9639OT8DfsXrI3tfYjYfEalg

2025-11-22 11:10:44 - 1: CLIENT -> SERVER: Content-Type: text/html; charset=iso-8859-1

2025-11-22 11:10:44 - 1: CLIENT -> SERVER: Content-Transfer-Encoding: 8bit

2025-11-22 11:10:44 - 1: CLIENT -> SERVER: 

2025-11-22 11:10:44 - 1: CLIENT -> SERVER: 

2025-11-22 11:10:44 - 1: CLIENT -> SERVER:                     <html>

2025-11-22 11:10:44 - 1: CLIENT -> SERVER:                     <body style='font-family: Arial, sans-serif; line-height: 1.6;'>

2025-11-22 11:10:44 - 1: CLIENT -> SERVER:                         <h2>Booking Status Update</h2>

2025-11-22 11:10:44 - 1: CLIENT -> SERVER:                         <p>Dear Mar Jhon Lowie Matalog,</p>

2025-11-22 11:10:44 - 1: CLIENT -> SERVER:                         <p>Your booking status has been updated to: <strong>PENDING</strong></p>

2025-11-22 11:10:44 - 1: CLIENT -> SERVER:                         

2025-11-22 11:10:44 - 1: CLIENT -> SERVER:                         <div style='background: #f8f9fa; padding: 20px; border-radius: 10px; margin: 20px 0;'>

2025-11-22 11:10:44 - 1: CLIENT -> SERVER:                             <h3>Booking Details:</h3>

2025-11-22 11:10:44 - 1: CLIENT -> SERVER:                             <p><strong>Booking ID:</strong> RESORT1763746240471</p>

2025-11-22 11:10:44 - 1: CLIENT -> SERVER:                             <p><strong>Cottage:</strong> Seaside (Half) — ₱3,400</p>

2025-11-22 11:10:44 - 1: CLIENT -> SERVER:                             <p><strong>Check-in Date:</strong> 2026-01-29</p>

2025-11-22 11:10:44 - 1: CLIENT -> SERVER:                             <p><strong>Status:</strong> PENDING</p>

2025-11-22 11:10:44 - 1: CLIENT -> SERVER:                         </div>

2025-11-22 11:10:44 - 1: CLIENT -> SERVER:                         

2025-11-22 11:10:44 - 1: CLIENT -> SERVER:                         <p>Please contact us at heartofdocean2005@yahoo.com if you have any questions.</p>

2025-11-22 11:10:44 - 1: CLIENT -> SERVER:                         

2025-11-22 11:10:44 - 1: CLIENT -> SERVER:                         <br>

2025-11-22 11:10:44 - 1: CLIENT -> SERVER:                         <p>Best regards,<br>The Heart Of D Ocean Team</p>

2025-11-22 11:10:44 - 1: CLIENT -> SERVER:                     </body>

2025-11-22 11:10:44 - 1: CLIENT -> SERVER:                     </html>

2025-11-22 11:10:44 - 1: CLIENT -> SERVER:                     

2025-11-22 11:10:44 - 1: CLIENT -> SERVER: 

2025-11-22 11:10:44 - 1: CLIENT -> SERVER: 

2025-11-22 11:10:44 - 1: CLIENT -> SERVER: --b1=_58ZXfn19HuCkeQqXE9639OT8DfsXrI3tfYjYfEalg--

2025-11-22 11:10:44 - 1: CLIENT -> SERVER: 

2025-11-22 11:10:44 - 1: CLIENT -> SERVER: .

2025-11-22 11:10:45 - 4: SMTP INBOUND: "250 2.0.0 OK  1763806244 d2e1a72fcca58-7c3ed470ff6sm8633551b3a.19 - gsmtp"
2025-11-22 11:10:45 - 2: SERVER -> CLIENT: 250 2.0.0 OK  1763806244 d2e1a72fcca58-7c3ed470ff6sm8633551b3a.19 - gsmtp

2025-11-22 11:10:45 - 1: CLIENT -> SERVER: QUIT

2025-11-22 11:10:46 - 4: SMTP INBOUND: "221 2.0.0 closing connection d2e1a72fcca58-7c3ed470ff6sm8633551b3a.19 - gsmtp"
2025-11-22 11:10:46 - 2: SERVER -> CLIENT: 221 2.0.0 closing connection d2e1a72fcca58-7c3ed470ff6sm8633551b3a.19 - gsmtp

2025-11-22 11:10:46 - 3: Connection: closed
2025-11-22 11:10:46 - 3: Connection: opening to smtp.gmail.com:587, timeout=300, options=array()
2025-11-22 11:10:46 - 3: Connection: opened
2025-11-22 11:10:46 - 4: SMTP INBOUND: "220 smtp.gmail.com ESMTP 41be03b00d2f7-bd75def6346sm7935542a12.4 - gsmtp"
2025-11-22 11:10:46 - 2: SERVER -> CLIENT: 220 smtp.gmail.com ESMTP 41be03b00d2f7-bd75def6346sm7935542a12.4 - gsmtp

2025-11-22 11:10:46 - 1: CLIENT -> SERVER: EHLO localhost

2025-11-22 11:10:46 - 4: SMTP INBOUND: "250-smtp.gmail.com at your service, [158.62.4.229]"
2025-11-22 11:10:46 - 4: SMTP INBOUND: "250-SIZE 35882577"
2025-11-22 11:10:46 - 4: SMTP INBOUND: "250-8BITMIME"
2025-11-22 11:10:46 - 4: SMTP INBOUND: "250-STARTTLS"
2025-11-22 11:10:46 - 4: SMTP INBOUND: "250-ENHANCEDSTATUSCODES"
2025-11-22 11:10:46 - 4: SMTP INBOUND: "250-PIPELINING"
2025-11-22 11:10:46 - 4: SMTP INBOUND: "250-CHUNKING"
2025-11-22 11:10:46 - 4: SMTP INBOUND: "250 SMTPUTF8"
2025-11-22 11:10:46 - 2: SERVER -> CLIENT: 250-smtp.gmail.com at your service, [158.62.4.229]
250-SIZE 35882577
250-8BITMIME
250-STARTTLS
250-ENHANCEDSTATUSCODES
250-PIPELINING
250-CHUNKING
250 SMTPUTF8

2025-11-22 11:10:46 - 1: CLIENT -> SERVER: STARTTLS

2025-11-22 11:10:46 - 4: SMTP INBOUND: "220 2.0.0 Ready to start TLS"
2025-11-22 11:10:46 - 2: SERVER -> CLIENT: 220 2.0.0 Ready to start TLS

2025-11-22 11:10:46 - 1: CLIENT -> SERVER: EHLO localhost

2025-11-22 11:10:47 - 4: SMTP INBOUND: "250-smtp.gmail.com at your service, [158.62.4.229]"
2025-11-22 11:10:47 - 4: SMTP INBOUND: "250-SIZE 35882577"
2025-11-22 11:10:47 - 4: SMTP INBOUND: "250-8BITMIME"
2025-11-22 11:10:47 - 4: SMTP INBOUND: "250-AUTH LOGIN PLAIN XOAUTH2 PLAIN-CLIENTTOKEN OAUTHBEARER XOAUTH"
2025-11-22 11:10:47 - 4: SMTP INBOUND: "250-ENHANCEDSTATUSCODES"
2025-11-22 11:10:47 - 4: SMTP INBOUND: "250-PIPELINING"
2025-11-22 11:10:47 - 4: SMTP INBOUND: "250-CHUNKING"
2025-11-22 11:10:47 - 4: SMTP INBOUND: "250 SMTPUTF8"
2025-11-22 11:10:47 - 2: SERVER -> CLIENT: 250-smtp.gmail.com at your service, [158.62.4.229]
250-SIZE 35882577
250-8BITMIME
250-AUTH LOGIN PLAIN XOAUTH2 PLAIN-CLIENTTOKEN OAUTHBEARER XOAUTH
250-ENHANCEDSTATUSCODES
250-PIPELINING
250-CHUNKING
250 SMTPUTF8

2025-11-22 11:10:47 - 4: Auth method requested: UNSPECIFIED
2025-11-22 11:10:47 - 4: Auth methods available on the server: LOGIN,PLAIN,XOAUTH2,PLAIN-CLIENTTOKEN,OAUTHBEARER,XOAUTH
2025-11-22 11:10:47 - 4: Requested auth method not available: 
2025-11-22 11:10:47 - 4: Auth method selected: LOGIN
2025-11-22 11:10:47 - 1: CLIENT -> SERVER: AUTH LOGIN

2025-11-22 11:10:47 - 4: SMTP INBOUND: "334 VXNlcm5hbWU6"
2025-11-22 11:10:47 - 2: SERVER -> CLIENT: 334 VXNlcm5hbWU6

2025-11-22 11:10:47 - 1: CLIENT -> SERVER: bWNwZWJyaW5laHFAZ21haWwuY29t

2025-11-22 11:10:47 - 4: SMTP INBOUND: "334 UGFzc3dvcmQ6"
2025-11-22 11:10:47 - 2: SERVER -> CLIENT: 334 UGFzc3dvcmQ6

2025-11-22 11:10:47 - 1: CLIENT -> SERVER: ZHRkeHh4aGNtYXVvIGVlYnQ=

2025-11-22 11:10:47 - 4: SMTP INBOUND: "235 2.7.0 Accepted"
2025-11-22 11:10:47 - 2: SERVER -> CLIENT: 235 2.7.0 Accepted

2025-11-22 11:10:47 - 1: CLIENT -> SERVER: MAIL FROM:<mcpebrinehq@gmail.com>

2025-11-22 11:10:47 - 4: SMTP INBOUND: "250 2.1.0 OK 41be03b00d2f7-bd75def6346sm7935542a12.4 - gsmtp"
2025-11-22 11:10:47 - 2: SERVER -> CLIENT: 250 2.1.0 OK 41be03b00d2f7-bd75def6346sm7935542a12.4 - gsmtp

2025-11-22 11:10:47 - 1: CLIENT -> SERVER: RCPT TO:<24-07711@g.batstate-u.edu.ph>

2025-11-22 11:10:48 - 4: SMTP INBOUND: "250 2.1.5 OK 41be03b00d2f7-bd75def6346sm7935542a12.4 - gsmtp"
2025-11-22 11:10:48 - 2: SERVER -> CLIENT: 250 2.1.5 OK 41be03b00d2f7-bd75def6346sm7935542a12.4 - gsmtp

2025-11-22 11:10:48 - 1: CLIENT -> SERVER: DATA

2025-11-22 11:10:48 - 4: SMTP INBOUND: "354 Go ahead 41be03b00d2f7-bd75def6346sm7935542a12.4 - gsmtp"
2025-11-22 11:10:48 - 2: SERVER -> CLIENT: 354 Go ahead 41be03b00d2f7-bd75def6346sm7935542a12.4 - gsmtp

2025-11-22 11:10:48 - 1: CLIENT -> SERVER: Date: Sat, 22 Nov 2025 11:10:46 +0100

2025-11-22 11:10:48 - 1: CLIENT -> SERVER: To: 24-07711@g.batstate-u.edu.ph

2025-11-22 11:10:48 - 1: CLIENT -> SERVER: From: Heart Of D Ocean Resort <mcpebrinehq@gmail.com>

2025-11-22 11:10:48 - 1: CLIENT -> SERVER: Reply-To: Heart Of D Ocean Resort <heartofdocean2005@yahoo.com>

2025-11-22 11:10:48 - 1: CLIENT -> SERVER: Subject: Booking Update - Heart Of D Ocean Beach Resort

2025-11-22 11:10:48 - 1: CLIENT -> SERVER: Message-ID: <D7puJJ7l4gj02XzSAld4druiL6R5p8YTXQAU10ECbXo@localhost>

2025-11-22 11:10:48 - 1: CLIENT -> SERVER: X-Mailer: PHPMailer 7.0.0 (https://github.com/PHPMailer/PHPMailer)

2025-11-22 11:10:48 - 1: CLIENT -> SERVER: MIME-Version: 1.0

2025-11-22 11:10:48 - 1: CLIENT -> SERVER: Content-Type: multipart/alternative;

2025-11-22 11:10:48 - 1: CLIENT -> SERVER:  boundary="b1=_D7puJJ7l4gj02XzSAld4druiL6R5p8YTXQAU10ECbXo"

2025-11-22 11:10:48 - 1: CLIENT -> SERVER: Content-Transfer-Encoding: 8bit

2025-11-22 11:10:48 - 1: CLIENT -> SERVER: 

2025-11-22 11:10:48 - 1: CLIENT -> SERVER: --b1=_D7puJJ7l4gj02XzSAld4druiL6R5p8YTXQAU10ECbXo

2025-11-22 11:10:48 - 1: CLIENT -> SERVER: Content-Type: text/plain; charset=iso-8859-1

2025-11-22 11:10:48 - 1: CLIENT -> SERVER: Content-Transfer-Encoding: 8bit

2025-11-22 11:10:48 - 1: CLIENT -> SERVER: 

2025-11-22 11:10:48 - 1: CLIENT -> SERVER: 

2025-11-22 11:10:48 - 1: CLIENT -> SERVER:                     

2025-11-22 11:10:48 - 1: CLIENT -> SERVER:                     

2025-11-22 11:10:48 - 1: CLIENT -> SERVER:                         Booking Status Update

2025-11-22 11:10:48 - 1: CLIENT -> SERVER:                         Dear Mar Jhon Lowie Matalog,

2025-11-22 11:10:48 - 1: CLIENT -> SERVER:                         Your booking status has been updated to: PENDING

2025-11-22 11:10:48 - 1: CLIENT -> SERVER:                         

2025-11-22 11:10:48 - 1: CLIENT -> SERVER:                         

2025-11-22 11:10:48 - 1: CLIENT -> SERVER:                             Booking Details:

2025-11-22 11:10:48 - 1: CLIENT -> SERVER:                             Booking ID: RESORT1763746240471

2025-11-22 11:10:48 - 1: CLIENT -> SERVER:                             Cottage: Seaside (Half) — ₱3,400

2025-11-22 11:10:48 - 1: CLIENT -> SERVER:                             Check-in Date: 2026-01-29

2025-11-22 11:10:48 - 1: CLIENT -> SERVER:                             Status: PENDING

2025-11-22 11:10:48 - 1: CLIENT -> SERVER:                         

2025-11-22 11:10:48 - 1: CLIENT -> SERVER:                         

2025-11-22 11:10:48 - 1: CLIENT -> SERVER:                         Please contact us at heartofdocean2005@yahoo.com if you have any questions.

2025-11-22 11:10:48 - 1: CLIENT -> SERVER:                         

2025-11-22 11:10:48 - 1: CLIENT -> SERVER:                         

2025-11-22 11:10:48 - 1: CLIENT -> SERVER:                         Best regards,The Heart Of D Ocean Team

2025-11-22 11:10:48 - 1: CLIENT -> SERVER:                     

2025-11-22 11:10:48 - 1: CLIENT -> SERVER:                     

2025-11-22 11:10:48 - 1: CLIENT -> SERVER:                     

2025-11-22 11:10:48 - 1: CLIENT -> SERVER: 

2025-11-22 11:10:48 - 1: CLIENT -> SERVER: --b1=_D7puJJ7l4gj02XzSAld4druiL6R5p8YTXQAU10ECbXo

2025-11-22 11:10:48 - 1: CLIENT -> SERVER: Content-Type: text/html; charset=iso-8859-1

2025-11-22 11:10:48 - 1: CLIENT -> SERVER: Content-Transfer-Encoding: 8bit

2025-11-22 11:10:48 - 1: CLIENT -> SERVER: 

2025-11-22 11:10:48 - 1: CLIENT -> SERVER: 

2025-11-22 11:10:48 - 1: CLIENT -> SERVER:                     <html>

2025-11-22 11:10:48 - 1: CLIENT -> SERVER:                     <body style='font-family: Arial, sans-serif; line-height: 1.6;'>

2025-11-22 11:10:48 - 1: CLIENT -> SERVER:                         <h2>Booking Status Update</h2>

2025-11-22 11:10:48 - 1: CLIENT -> SERVER:                         <p>Dear Mar Jhon Lowie Matalog,</p>

2025-11-22 11:10:48 - 1: CLIENT -> SERVER:                         <p>Your booking status has been updated to: <strong>PENDING</strong></p>

2025-11-22 11:10:48 - 1: CLIENT -> SERVER:                         

2025-11-22 11:10:48 - 1: CLIENT -> SERVER:                         <div style='background: #f8f9fa; padding: 20px; border-radius: 10px; margin: 20px 0;'>

2025-11-22 11:10:48 - 1: CLIENT -> SERVER:                             <h3>Booking Details:</h3>

2025-11-22 11:10:48 - 1: CLIENT -> SERVER:                             <p><strong>Booking ID:</strong> RESORT1763746240471</p>

2025-11-22 11:10:48 - 1: CLIENT -> SERVER:                             <p><strong>Cottage:</strong> Seaside (Half) — ₱3,400</p>

2025-11-22 11:10:48 - 1: CLIENT -> SERVER:                             <p><strong>Check-in Date:</strong> 2026-01-29</p>

2025-11-22 11:10:48 - 1: CLIENT -> SERVER:                             <p><strong>Status:</strong> PENDING</p>

2025-11-22 11:10:48 - 1: CLIENT -> SERVER:                         </div>

2025-11-22 11:10:48 - 1: CLIENT -> SERVER:                         

2025-11-22 11:10:48 - 1: CLIENT -> SERVER:                         <p>Please contact us at heartofdocean2005@yahoo.com if you have any questions.</p>

2025-11-22 11:10:48 - 1: CLIENT -> SERVER:                         

2025-11-22 11:10:48 - 1: CLIENT -> SERVER:                         <br>

2025-11-22 11:10:48 - 1: CLIENT -> SERVER:                         <p>Best regards,<br>The Heart Of D Ocean Team</p>

2025-11-22 11:10:48 - 1: CLIENT -> SERVER:                     </body>

2025-11-22 11:10:48 - 1: CLIENT -> SERVER:                     </html>

2025-11-22 11:10:48 - 1: CLIENT -> SERVER:                     

2025-11-22 11:10:48 - 1: CLIENT -> SERVER: 

2025-11-22 11:10:48 - 1: CLIENT -> SERVER: 

2025-11-22 11:10:48 - 1: CLIENT -> SERVER: --b1=_D7puJJ7l4gj02XzSAld4druiL6R5p8YTXQAU10ECbXo--

2025-11-22 11:10:48 - 1: CLIENT -> SERVER: 

2025-11-22 11:10:48 - 1: CLIENT -> SERVER: .

2025-11-22 11:10:49 - 4: SMTP INBOUND: "250 2.0.0 OK  1763806247 41be03b00d2f7-bd75def6346sm7935542a12.4 - gsmtp"
2025-11-22 11:10:49 - 2: SERVER -> CLIENT: 250 2.0.0 OK  1763806247 41be03b00d2f7-bd75def6346sm7935542a12.4 - gsmtp

2025-11-22 11:10:49 - 1: CLIENT -> SERVER: QUIT

2025-11-22 11:10:49 - 4: SMTP INBOUND: "221 2.0.0 closing connection 41be03b00d2f7-bd75def6346sm7935542a12.4 - gsmtp"
2025-11-22 11:10:49 - 2: SERVER -> CLIENT: 221 2.0.0 closing connection 41be03b00d2f7-bd75def6346sm7935542a12.4 - gsmtp

2025-11-22 11:10:49 - 3: Connection: closed
2025-11-22 11:11:07 - 3: Connection: opening to smtp.gmail.com:587, timeout=300, options=array()
2025-11-22 11:11:07 - 3: Connection: opened
2025-11-22 11:11:07 - 4: SMTP INBOUND: "220 smtp.gmail.com ESMTP 41be03b00d2f7-bd760fafe6dsm7696061a12.34 - gsmtp"
2025-11-22 11:11:07 - 2: SERVER -> CLIENT: 220 smtp.gmail.com ESMTP 41be03b00d2f7-bd760fafe6dsm7696061a12.34 - gsmtp

2025-11-22 11:11:07 - 1: CLIENT -> SERVER: EHLO localhost

2025-11-22 11:11:07 - 4: SMTP INBOUND: "250-smtp.gmail.com at your service, [158.62.4.229]"
2025-11-22 11:11:07 - 4: SMTP INBOUND: "250-SIZE 35882577"
2025-11-22 11:11:07 - 4: SMTP INBOUND: "250-8BITMIME"
2025-11-22 11:11:07 - 4: SMTP INBOUND: "250-STARTTLS"
2025-11-22 11:11:07 - 4: SMTP INBOUND: "250-ENHANCEDSTATUSCODES"
2025-11-22 11:11:07 - 4: SMTP INBOUND: "250-PIPELINING"
2025-11-22 11:11:07 - 4: SMTP INBOUND: "250-CHUNKING"
2025-11-22 11:11:07 - 4: SMTP INBOUND: "250 SMTPUTF8"
2025-11-22 11:11:07 - 2: SERVER -> CLIENT: 250-smtp.gmail.com at your service, [158.62.4.229]
250-SIZE 35882577
250-8BITMIME
250-STARTTLS
250-ENHANCEDSTATUSCODES
250-PIPELINING
250-CHUNKING
250 SMTPUTF8

2025-11-22 11:11:07 - 1: CLIENT -> SERVER: STARTTLS

2025-11-22 11:11:07 - 4: SMTP INBOUND: "220 2.0.0 Ready to start TLS"
2025-11-22 11:11:07 - 2: SERVER -> CLIENT: 220 2.0.0 Ready to start TLS

2025-11-22 11:11:07 - 1: CLIENT -> SERVER: EHLO localhost

2025-11-22 11:11:08 - 4: SMTP INBOUND: "250-smtp.gmail.com at your service, [158.62.4.229]"
2025-11-22 11:11:08 - 4: SMTP INBOUND: "250-SIZE 35882577"
2025-11-22 11:11:08 - 4: SMTP INBOUND: "250-8BITMIME"
2025-11-22 11:11:08 - 4: SMTP INBOUND: "250-AUTH LOGIN PLAIN XOAUTH2 PLAIN-CLIENTTOKEN OAUTHBEARER XOAUTH"
2025-11-22 11:11:08 - 4: SMTP INBOUND: "250-ENHANCEDSTATUSCODES"
2025-11-22 11:11:08 - 4: SMTP INBOUND: "250-PIPELINING"
2025-11-22 11:11:08 - 4: SMTP INBOUND: "250-CHUNKING"
2025-11-22 11:11:08 - 4: SMTP INBOUND: "250 SMTPUTF8"
2025-11-22 11:11:08 - 2: SERVER -> CLIENT: 250-smtp.gmail.com at your service, [158.62.4.229]
250-SIZE 35882577
250-8BITMIME
250-AUTH LOGIN PLAIN XOAUTH2 PLAIN-CLIENTTOKEN OAUTHBEARER XOAUTH
250-ENHANCEDSTATUSCODES
250-PIPELINING
250-CHUNKING
250 SMTPUTF8

2025-11-22 11:11:08 - 4: Auth method requested: UNSPECIFIED
2025-11-22 11:11:08 - 4: Auth methods available on the server: LOGIN,PLAIN,XOAUTH2,PLAIN-CLIENTTOKEN,OAUTHBEARER,XOAUTH
2025-11-22 11:11:08 - 4: Requested auth method not available: 
2025-11-22 11:11:08 - 4: Auth method selected: LOGIN
2025-11-22 11:11:08 - 1: CLIENT -> SERVER: AUTH LOGIN

2025-11-22 11:11:08 - 4: SMTP INBOUND: "334 VXNlcm5hbWU6"
2025-11-22 11:11:08 - 2: SERVER -> CLIENT: 334 VXNlcm5hbWU6

2025-11-22 11:11:08 - 1: CLIENT -> SERVER: bWNwZWJyaW5laHFAZ21haWwuY29t

2025-11-22 11:11:08 - 4: SMTP INBOUND: "334 UGFzc3dvcmQ6"
2025-11-22 11:11:08 - 2: SERVER -> CLIENT: 334 UGFzc3dvcmQ6

2025-11-22 11:11:08 - 1: CLIENT -> SERVER: ZHRkeHh4aGNtYXVvIGVlYnQ=

2025-11-22 11:11:08 - 4: SMTP INBOUND: "235 2.7.0 Accepted"
2025-11-22 11:11:08 - 2: SERVER -> CLIENT: 235 2.7.0 Accepted

2025-11-22 11:11:08 - 1: CLIENT -> SERVER: MAIL FROM:<mcpebrinehq@gmail.com>

2025-11-22 11:11:08 - 4: SMTP INBOUND: "250 2.1.0 OK 41be03b00d2f7-bd760fafe6dsm7696061a12.34 - gsmtp"
2025-11-22 11:11:08 - 2: SERVER -> CLIENT: 250 2.1.0 OK 41be03b00d2f7-bd760fafe6dsm7696061a12.34 - gsmtp

2025-11-22 11:11:08 - 1: CLIENT -> SERVER: RCPT TO:<23-50990@g.batstate-u.edu.ph>

2025-11-22 11:11:09 - 4: SMTP INBOUND: "250 2.1.5 OK 41be03b00d2f7-bd760fafe6dsm7696061a12.34 - gsmtp"
2025-11-22 11:11:09 - 2: SERVER -> CLIENT: 250 2.1.5 OK 41be03b00d2f7-bd760fafe6dsm7696061a12.34 - gsmtp

2025-11-22 11:11:09 - 1: CLIENT -> SERVER: DATA

2025-11-22 11:11:09 - 4: SMTP INBOUND: "354 Go ahead 41be03b00d2f7-bd760fafe6dsm7696061a12.34 - gsmtp"
2025-11-22 11:11:09 - 2: SERVER -> CLIENT: 354 Go ahead 41be03b00d2f7-bd760fafe6dsm7696061a12.34 - gsmtp

2025-11-22 11:11:09 - 1: CLIENT -> SERVER: Date: Sat, 22 Nov 2025 11:11:07 +0100

2025-11-22 11:11:09 - 1: CLIENT -> SERVER: To: 23-50990@g.batstate-u.edu.ph

2025-11-22 11:11:09 - 1: CLIENT -> SERVER: From: Heart Of D Ocean Resort <mcpebrinehq@gmail.com>

2025-11-22 11:11:09 - 1: CLIENT -> SERVER: Reply-To: Heart Of D Ocean Resort <heartofdocean2005@yahoo.com>

2025-11-22 11:11:09 - 1: CLIENT -> SERVER: Subject: Booking Update - Heart Of D Ocean Beach Resort

2025-11-22 11:11:09 - 1: CLIENT -> SERVER: Message-ID: <5ktbaMTR4gb1Tk2kyBA45FlyPT9bYgrE9nX4fhhn8@localhost>

2025-11-22 11:11:09 - 1: CLIENT -> SERVER: X-Mailer: PHPMailer 7.0.0 (https://github.com/PHPMailer/PHPMailer)

2025-11-22 11:11:09 - 1: CLIENT -> SERVER: MIME-Version: 1.0

2025-11-22 11:11:09 - 1: CLIENT -> SERVER: Content-Type: multipart/alternative;

2025-11-22 11:11:09 - 1: CLIENT -> SERVER:  boundary="b1=_5ktbaMTR4gb1Tk2kyBA45FlyPT9bYgrE9nX4fhhn8"

2025-11-22 11:11:09 - 1: CLIENT -> SERVER: Content-Transfer-Encoding: 8bit

2025-11-22 11:11:09 - 1: CLIENT -> SERVER: 

2025-11-22 11:11:09 - 1: CLIENT -> SERVER: --b1=_5ktbaMTR4gb1Tk2kyBA45FlyPT9bYgrE9nX4fhhn8

2025-11-22 11:11:09 - 1: CLIENT -> SERVER: Content-Type: text/plain; charset=iso-8859-1

2025-11-22 11:11:09 - 1: CLIENT -> SERVER: Content-Transfer-Encoding: 8bit

2025-11-22 11:11:09 - 1: CLIENT -> SERVER: 

2025-11-22 11:11:09 - 1: CLIENT -> SERVER: 

2025-11-22 11:11:09 - 1: CLIENT -> SERVER:                     

2025-11-22 11:11:09 - 1: CLIENT -> SERVER:                     

2025-11-22 11:11:09 - 1: CLIENT -> SERVER:                         Booking Status Update

2025-11-22 11:11:09 - 1: CLIENT -> SERVER:                         Dear Lance Kelly Salcedo,

2025-11-22 11:11:09 - 1: CLIENT -> SERVER:                         Your booking status has been updated to: PENDING

2025-11-22 11:11:09 - 1: CLIENT -> SERVER:                         

2025-11-22 11:11:09 - 1: CLIENT -> SERVER:                         

2025-11-22 11:11:09 - 1: CLIENT -> SERVER:                             Booking Details:

2025-11-22 11:11:09 - 1: CLIENT -> SERVER:                             Booking ID: RESORT1763802455592

2025-11-22 11:11:09 - 1: CLIENT -> SERVER:                             Cottage: Beatrice A — ₱7,800

2025-11-22 11:11:09 - 1: CLIENT -> SERVER:                             Check-in Date: 2025-11-23

2025-11-22 11:11:09 - 1: CLIENT -> SERVER:                             Status: PENDING

2025-11-22 11:11:09 - 1: CLIENT -> SERVER:                         

2025-11-22 11:11:09 - 1: CLIENT -> SERVER:                         

2025-11-22 11:11:09 - 1: CLIENT -> SERVER:                         Please contact us at heartofdocean2005@yahoo.com if you have any questions.

2025-11-22 11:11:09 - 1: CLIENT -> SERVER:                         

2025-11-22 11:11:09 - 1: CLIENT -> SERVER:                         

2025-11-22 11:11:09 - 1: CLIENT -> SERVER:                         Best regards,The Heart Of D Ocean Team

2025-11-22 11:11:09 - 1: CLIENT -> SERVER:                     

2025-11-22 11:11:09 - 1: CLIENT -> SERVER:                     

2025-11-22 11:11:09 - 1: CLIENT -> SERVER:                     

2025-11-22 11:11:09 - 1: CLIENT -> SERVER: 

2025-11-22 11:11:09 - 1: CLIENT -> SERVER: --b1=_5ktbaMTR4gb1Tk2kyBA45FlyPT9bYgrE9nX4fhhn8

2025-11-22 11:11:09 - 1: CLIENT -> SERVER: Content-Type: text/html; charset=iso-8859-1

2025-11-22 11:11:09 - 1: CLIENT -> SERVER: Content-Transfer-Encoding: 8bit

2025-11-22 11:11:09 - 1: CLIENT -> SERVER: 

2025-11-22 11:11:09 - 1: CLIENT -> SERVER: 

2025-11-22 11:11:09 - 1: CLIENT -> SERVER:                     <html>

2025-11-22 11:11:09 - 1: CLIENT -> SERVER:                     <body style='font-family: Arial, sans-serif; line-height: 1.6;'>

2025-11-22 11:11:09 - 1: CLIENT -> SERVER:                         <h2>Booking Status Update</h2>

2025-11-22 11:11:09 - 1: CLIENT -> SERVER:                         <p>Dear Lance Kelly Salcedo,</p>

2025-11-22 11:11:09 - 1: CLIENT -> SERVER:                         <p>Your booking status has been updated to: <strong>PENDING</strong></p>

2025-11-22 11:11:09 - 1: CLIENT -> SERVER:                         

2025-11-22 11:11:09 - 1: CLIENT -> SERVER:                         <div style='background: #f8f9fa; padding: 20px; border-radius: 10px; margin: 20px 0;'>

2025-11-22 11:11:09 - 1: CLIENT -> SERVER:                             <h3>Booking Details:</h3>

2025-11-22 11:11:09 - 1: CLIENT -> SERVER:                             <p><strong>Booking ID:</strong> RESORT1763802455592</p>

2025-11-22 11:11:09 - 1: CLIENT -> SERVER:                             <p><strong>Cottage:</strong> Beatrice A — ₱7,800</p>

2025-11-22 11:11:09 - 1: CLIENT -> SERVER:                             <p><strong>Check-in Date:</strong> 2025-11-23</p>

2025-11-22 11:11:09 - 1: CLIENT -> SERVER:                             <p><strong>Status:</strong> PENDING</p>

2025-11-22 11:11:09 - 1: CLIENT -> SERVER:                         </div>

2025-11-22 11:11:09 - 1: CLIENT -> SERVER:                         

2025-11-22 11:11:09 - 1: CLIENT -> SERVER:                         <p>Please contact us at heartofdocean2005@yahoo.com if you have any questions.</p>

2025-11-22 11:11:09 - 1: CLIENT -> SERVER:                         

2025-11-22 11:11:09 - 1: CLIENT -> SERVER:                         <br>

2025-11-22 11:11:09 - 1: CLIENT -> SERVER:                         <p>Best regards,<br>The Heart Of D Ocean Team</p>

2025-11-22 11:11:09 - 1: CLIENT -> SERVER:                     </body>

2025-11-22 11:11:09 - 1: CLIENT -> SERVER:                     </html>

2025-11-22 11:11:09 - 1: CLIENT -> SERVER:                     

2025-11-22 11:11:09 - 1: CLIENT -> SERVER: 

2025-11-22 11:11:09 - 1: CLIENT -> SERVER: 

2025-11-22 11:11:09 - 1: CLIENT -> SERVER: --b1=_5ktbaMTR4gb1Tk2kyBA45FlyPT9bYgrE9nX4fhhn8--

2025-11-22 11:11:09 - 1: CLIENT -> SERVER: 

2025-11-22 11:11:09 - 1: CLIENT -> SERVER: .

2025-11-22 11:11:10 - 4: SMTP INBOUND: "250 2.0.0 OK  1763806269 41be03b00d2f7-bd760fafe6dsm7696061a12.34 - gsmtp"
2025-11-22 11:11:10 - 2: SERVER -> CLIENT: 250 2.0.0 OK  1763806269 41be03b00d2f7-bd760fafe6dsm7696061a12.34 - gsmtp

2025-11-22 11:11:10 - 1: CLIENT -> SERVER: QUIT

2025-11-22 11:11:10 - 4: SMTP INBOUND: "221 2.0.0 closing connection 41be03b00d2f7-bd760fafe6dsm7696061a12.34 - gsmtp"
2025-11-22 11:11:10 - 2: SERVER -> CLIENT: 221 2.0.0 closing connection 41be03b00d2f7-bd760fafe6dsm7696061a12.34 - gsmtp

2025-11-22 11:11:10 - 3: Connection: closed
2025-11-22 11:11:10 - 3: Connection: opening to smtp.gmail.com:587, timeout=300, options=array()
2025-11-22 11:11:10 - 3: Connection: opened
2025-11-22 11:11:10 - 4: SMTP INBOUND: "220 smtp.gmail.com ESMTP d2e1a72fcca58-7c3f1263641sm8642242b3a.59 - gsmtp"
2025-11-22 11:11:10 - 2: SERVER -> CLIENT: 220 smtp.gmail.com ESMTP d2e1a72fcca58-7c3f1263641sm8642242b3a.59 - gsmtp

2025-11-22 11:11:10 - 1: CLIENT -> SERVER: EHLO localhost

2025-11-22 11:11:10 - 4: SMTP INBOUND: "250-smtp.gmail.com at your service, [158.62.4.229]"
2025-11-22 11:11:10 - 4: SMTP INBOUND: "250-SIZE 35882577"
2025-11-22 11:11:10 - 4: SMTP INBOUND: "250-8BITMIME"
2025-11-22 11:11:10 - 4: SMTP INBOUND: "250-STARTTLS"
2025-11-22 11:11:10 - 4: SMTP INBOUND: "250-ENHANCEDSTATUSCODES"
2025-11-22 11:11:10 - 4: SMTP INBOUND: "250-PIPELINING"
2025-11-22 11:11:10 - 4: SMTP INBOUND: "250-CHUNKING"
2025-11-22 11:11:10 - 4: SMTP INBOUND: "250 SMTPUTF8"
2025-11-22 11:11:10 - 2: SERVER -> CLIENT: 250-smtp.gmail.com at your service, [158.62.4.229]
250-SIZE 35882577
250-8BITMIME
250-STARTTLS
250-ENHANCEDSTATUSCODES
250-PIPELINING
250-CHUNKING
250 SMTPUTF8

2025-11-22 11:11:10 - 1: CLIENT -> SERVER: STARTTLS

2025-11-22 11:11:10 - 4: SMTP INBOUND: "220 2.0.0 Ready to start TLS"
2025-11-22 11:11:10 - 2: SERVER -> CLIENT: 220 2.0.0 Ready to start TLS

2025-11-22 11:11:11 - 1: CLIENT -> SERVER: EHLO localhost

2025-11-22 11:11:11 - 4: SMTP INBOUND: "250-smtp.gmail.com at your service, [158.62.4.229]"
2025-11-22 11:11:11 - 4: SMTP INBOUND: "250-SIZE 35882577"
2025-11-22 11:11:11 - 4: SMTP INBOUND: "250-8BITMIME"
2025-11-22 11:11:11 - 4: SMTP INBOUND: "250-AUTH LOGIN PLAIN XOAUTH2 PLAIN-CLIENTTOKEN OAUTHBEARER XOAUTH"
2025-11-22 11:11:11 - 4: SMTP INBOUND: "250-ENHANCEDSTATUSCODES"
2025-11-22 11:11:11 - 4: SMTP INBOUND: "250-PIPELINING"
2025-11-22 11:11:11 - 4: SMTP INBOUND: "250-CHUNKING"
2025-11-22 11:11:11 - 4: SMTP INBOUND: "250 SMTPUTF8"
2025-11-22 11:11:11 - 2: SERVER -> CLIENT: 250-smtp.gmail.com at your service, [158.62.4.229]
250-SIZE 35882577
250-8BITMIME
250-AUTH LOGIN PLAIN XOAUTH2 PLAIN-CLIENTTOKEN OAUTHBEARER XOAUTH
250-ENHANCEDSTATUSCODES
250-PIPELINING
250-CHUNKING
250 SMTPUTF8

2025-11-22 11:11:11 - 4: Auth method requested: UNSPECIFIED
2025-11-22 11:11:11 - 4: Auth methods available on the server: LOGIN,PLAIN,XOAUTH2,PLAIN-CLIENTTOKEN,OAUTHBEARER,XOAUTH
2025-11-22 11:11:11 - 4: Requested auth method not available: 
2025-11-22 11:11:11 - 4: Auth method selected: LOGIN
2025-11-22 11:11:11 - 1: CLIENT -> SERVER: AUTH LOGIN

2025-11-22 11:11:11 - 4: SMTP INBOUND: "334 VXNlcm5hbWU6"
2025-11-22 11:11:11 - 2: SERVER -> CLIENT: 334 VXNlcm5hbWU6

2025-11-22 11:11:11 - 1: CLIENT -> SERVER: bWNwZWJyaW5laHFAZ21haWwuY29t

2025-11-22 11:11:11 - 4: SMTP INBOUND: "334 UGFzc3dvcmQ6"
2025-11-22 11:11:11 - 2: SERVER -> CLIENT: 334 UGFzc3dvcmQ6

2025-11-22 11:11:11 - 1: CLIENT -> SERVER: ZHRkeHh4aGNtYXVvIGVlYnQ=

2025-11-22 11:11:12 - 4: SMTP INBOUND: "235 2.7.0 Accepted"
2025-11-22 11:11:12 - 2: SERVER -> CLIENT: 235 2.7.0 Accepted

2025-11-22 11:11:12 - 1: CLIENT -> SERVER: MAIL FROM:<mcpebrinehq@gmail.com>

2025-11-22 11:11:12 - 4: SMTP INBOUND: "250 2.1.0 OK d2e1a72fcca58-7c3f1263641sm8642242b3a.59 - gsmtp"
2025-11-22 11:11:12 - 2: SERVER -> CLIENT: 250 2.1.0 OK d2e1a72fcca58-7c3f1263641sm8642242b3a.59 - gsmtp

2025-11-22 11:11:12 - 1: CLIENT -> SERVER: RCPT TO:<jenielynmcasas@gmail.com>

2025-11-22 11:11:12 - 4: SMTP INBOUND: "250 2.1.5 OK d2e1a72fcca58-7c3f1263641sm8642242b3a.59 - gsmtp"
2025-11-22 11:11:12 - 2: SERVER -> CLIENT: 250 2.1.5 OK d2e1a72fcca58-7c3f1263641sm8642242b3a.59 - gsmtp

2025-11-22 11:11:12 - 1: CLIENT -> SERVER: DATA

2025-11-22 11:11:12 - 4: SMTP INBOUND: "354 Go ahead d2e1a72fcca58-7c3f1263641sm8642242b3a.59 - gsmtp"
2025-11-22 11:11:12 - 2: SERVER -> CLIENT: 354 Go ahead d2e1a72fcca58-7c3f1263641sm8642242b3a.59 - gsmtp

2025-11-22 11:11:12 - 1: CLIENT -> SERVER: Date: Sat, 22 Nov 2025 11:11:10 +0100

2025-11-22 11:11:12 - 1: CLIENT -> SERVER: To: jenielynmcasas@gmail.com

2025-11-22 11:11:12 - 1: CLIENT -> SERVER: From: Heart Of D Ocean Resort <mcpebrinehq@gmail.com>

2025-11-22 11:11:12 - 1: CLIENT -> SERVER: Reply-To: Heart Of D Ocean Resort <heartofdocean2005@yahoo.com>

2025-11-22 11:11:12 - 1: CLIENT -> SERVER: Subject: Booking Update - Heart Of D Ocean Beach Resort

2025-11-22 11:11:12 - 1: CLIENT -> SERVER: Message-ID: <k6I7JoWNdkKgdJ1E4qwGlyAbHkQ4durKbY4p7AfwFtA@localhost>

2025-11-22 11:11:12 - 1: CLIENT -> SERVER: X-Mailer: PHPMailer 7.0.0 (https://github.com/PHPMailer/PHPMailer)

2025-11-22 11:11:12 - 1: CLIENT -> SERVER: MIME-Version: 1.0

2025-11-22 11:11:12 - 1: CLIENT -> SERVER: Content-Type: multipart/alternative;

2025-11-22 11:11:12 - 1: CLIENT -> SERVER:  boundary="b1=_k6I7JoWNdkKgdJ1E4qwGlyAbHkQ4durKbY4p7AfwFtA"

2025-11-22 11:11:12 - 1: CLIENT -> SERVER: Content-Transfer-Encoding: 8bit

2025-11-22 11:11:12 - 1: CLIENT -> SERVER: 

2025-11-22 11:11:12 - 1: CLIENT -> SERVER: --b1=_k6I7JoWNdkKgdJ1E4qwGlyAbHkQ4durKbY4p7AfwFtA

2025-11-22 11:11:12 - 1: CLIENT -> SERVER: Content-Type: text/plain; charset=iso-8859-1

2025-11-22 11:11:12 - 1: CLIENT -> SERVER: Content-Transfer-Encoding: 8bit

2025-11-22 11:11:12 - 1: CLIENT -> SERVER: 

2025-11-22 11:11:12 - 1: CLIENT -> SERVER: 

2025-11-22 11:11:12 - 1: CLIENT -> SERVER:                     

2025-11-22 11:11:12 - 1: CLIENT -> SERVER:                     

2025-11-22 11:11:12 - 1: CLIENT -> SERVER:                         Booking Status Update

2025-11-22 11:11:12 - 1: CLIENT -> SERVER:                         Dear Jhen,

2025-11-22 11:11:12 - 1: CLIENT -> SERVER:                         Your booking status has been updated to: PENDING

2025-11-22 11:11:12 - 1: CLIENT -> SERVER:                         

2025-11-22 11:11:12 - 1: CLIENT -> SERVER:                         

2025-11-22 11:11:12 - 1: CLIENT -> SERVER:                             Booking Details:

2025-11-22 11:11:12 - 1: CLIENT -> SERVER:                             Booking ID: RESORT1763799297748

2025-11-22 11:11:12 - 1: CLIENT -> SERVER:                             Cottage: Beatrice B — ₱6,800

2025-11-22 11:11:12 - 1: CLIENT -> SERVER:                             Check-in Date: 2025-11-30

2025-11-22 11:11:12 - 1: CLIENT -> SERVER:                             Status: PENDING

2025-11-22 11:11:12 - 1: CLIENT -> SERVER:                         

2025-11-22 11:11:12 - 1: CLIENT -> SERVER:                         

2025-11-22 11:11:12 - 1: CLIENT -> SERVER:                         Please contact us at heartofdocean2005@yahoo.com if you have any questions.

2025-11-22 11:11:12 - 1: CLIENT -> SERVER:                         

2025-11-22 11:11:12 - 1: CLIENT -> SERVER:                         

2025-11-22 11:11:12 - 1: CLIENT -> SERVER:                         Best regards,The Heart Of D Ocean Team

2025-11-22 11:11:12 - 1: CLIENT -> SERVER:                     

2025-11-22 11:11:12 - 1: CLIENT -> SERVER:                     

2025-11-22 11:11:12 - 1: CLIENT -> SERVER:                     

2025-11-22 11:11:12 - 1: CLIENT -> SERVER: 

2025-11-22 11:11:12 - 1: CLIENT -> SERVER: --b1=_k6I7JoWNdkKgdJ1E4qwGlyAbHkQ4durKbY4p7AfwFtA

2025-11-22 11:11:12 - 1: CLIENT -> SERVER: Content-Type: text/html; charset=iso-8859-1

2025-11-22 11:11:12 - 1: CLIENT -> SERVER: Content-Transfer-Encoding: 8bit

2025-11-22 11:11:12 - 1: CLIENT -> SERVER: 

2025-11-22 11:11:12 - 1: CLIENT -> SERVER: 

2025-11-22 11:11:12 - 1: CLIENT -> SERVER:                     <html>

2025-11-22 11:11:12 - 1: CLIENT -> SERVER:                     <body style='font-family: Arial, sans-serif; line-height: 1.6;'>

2025-11-22 11:11:12 - 1: CLIENT -> SERVER:                         <h2>Booking Status Update</h2>

2025-11-22 11:11:12 - 1: CLIENT -> SERVER:                         <p>Dear Jhen,</p>

2025-11-22 11:11:12 - 1: CLIENT -> SERVER:                         <p>Your booking status has been updated to: <strong>PENDING</strong></p>

2025-11-22 11:11:12 - 1: CLIENT -> SERVER:                         

2025-11-22 11:11:12 - 1: CLIENT -> SERVER:                         <div style='background: #f8f9fa; padding: 20px; border-radius: 10px; margin: 20px 0;'>

2025-11-22 11:11:12 - 1: CLIENT -> SERVER:                             <h3>Booking Details:</h3>

2025-11-22 11:11:12 - 1: CLIENT -> SERVER:                             <p><strong>Booking ID:</strong> RESORT1763799297748</p>

2025-11-22 11:11:12 - 1: CLIENT -> SERVER:                             <p><strong>Cottage:</strong> Beatrice B — ₱6,800</p>

2025-11-22 11:11:12 - 1: CLIENT -> SERVER:                             <p><strong>Check-in Date:</strong> 2025-11-30</p>

2025-11-22 11:11:12 - 1: CLIENT -> SERVER:                             <p><strong>Status:</strong> PENDING</p>

2025-11-22 11:11:12 - 1: CLIENT -> SERVER:                         </div>

2025-11-22 11:11:12 - 1: CLIENT -> SERVER:                         

2025-11-22 11:11:12 - 1: CLIENT -> SERVER:                         <p>Please contact us at heartofdocean2005@yahoo.com if you have any questions.</p>

2025-11-22 11:11:12 - 1: CLIENT -> SERVER:                         

2025-11-22 11:11:12 - 1: CLIENT -> SERVER:                         <br>

2025-11-22 11:11:12 - 1: CLIENT -> SERVER:                         <p>Best regards,<br>The Heart Of D Ocean Team</p>

2025-11-22 11:11:12 - 1: CLIENT -> SERVER:                     </body>

2025-11-22 11:11:12 - 1: CLIENT -> SERVER:                     </html>

2025-11-22 11:11:12 - 1: CLIENT -> SERVER:                     

2025-11-22 11:11:12 - 1: CLIENT -> SERVER: 

2025-11-22 11:11:12 - 1: CLIENT -> SERVER: 

2025-11-22 11:11:12 - 1: CLIENT -> SERVER: --b1=_k6I7JoWNdkKgdJ1E4qwGlyAbHkQ4durKbY4p7AfwFtA--

2025-11-22 11:11:12 - 1: CLIENT -> SERVER: 

2025-11-22 11:11:12 - 1: CLIENT -> SERVER: .

2025-11-22 11:11:13 - 4: SMTP INBOUND: "250 2.0.0 OK  1763806272 d2e1a72fcca58-7c3f1263641sm8642242b3a.59 - gsmtp"
2025-11-22 11:11:13 - 2: SERVER -> CLIENT: 250 2.0.0 OK  1763806272 d2e1a72fcca58-7c3f1263641sm8642242b3a.59 - gsmtp

2025-11-22 11:11:13 - 1: CLIENT -> SERVER: QUIT

2025-11-22 11:11:13 - 4: SMTP INBOUND: "221 2.0.0 closing connection d2e1a72fcca58-7c3f1263641sm8642242b3a.59 - gsmtp"
2025-11-22 11:11:13 - 2: SERVER -> CLIENT: 221 2.0.0 closing connection d2e1a72fcca58-7c3f1263641sm8642242b3a.59 - gsmtp

2025-11-22 11:11:13 - 3: Connection: closed
2025-11-22 11:11:13 - 3: Connection: opening to smtp.gmail.com:587, timeout=300, options=array()
2025-11-22 11:11:13 - 3: Connection: opened
2025-11-22 11:11:13 - 4: SMTP INBOUND: "220 smtp.gmail.com ESMTP d2e1a72fcca58-7c3ed471f80sm8742538b3a.24 - gsmtp"
2025-11-22 11:11:13 - 2: SERVER -> CLIENT: 220 smtp.gmail.com ESMTP d2e1a72fcca58-7c3ed471f80sm8742538b3a.24 - gsmtp

2025-11-22 11:11:13 - 1: CLIENT -> SERVER: EHLO localhost

2025-11-22 11:11:14 - 4: SMTP INBOUND: "250-smtp.gmail.com at your service, [158.62.4.229]"
2025-11-22 11:11:14 - 4: SMTP INBOUND: "250-SIZE 35882577"
2025-11-22 11:11:14 - 4: SMTP INBOUND: "250-8BITMIME"
2025-11-22 11:11:14 - 4: SMTP INBOUND: "250-STARTTLS"
2025-11-22 11:11:14 - 4: SMTP INBOUND: "250-ENHANCEDSTATUSCODES"
2025-11-22 11:11:14 - 4: SMTP INBOUND: "250-PIPELINING"
2025-11-22 11:11:14 - 4: SMTP INBOUND: "250-CHUNKING"
2025-11-22 11:11:14 - 4: SMTP INBOUND: "250 SMTPUTF8"
2025-11-22 11:11:14 - 2: SERVER -> CLIENT: 250-smtp.gmail.com at your service, [158.62.4.229]
250-SIZE 35882577
250-8BITMIME
250-STARTTLS
250-ENHANCEDSTATUSCODES
250-PIPELINING
250-CHUNKING
250 SMTPUTF8

2025-11-22 11:11:14 - 1: CLIENT -> SERVER: STARTTLS

2025-11-22 11:11:14 - 4: SMTP INBOUND: "220 2.0.0 Ready to start TLS"
2025-11-22 11:11:14 - 2: SERVER -> CLIENT: 220 2.0.0 Ready to start TLS

2025-11-22 11:11:14 - 1: CLIENT -> SERVER: EHLO localhost

2025-11-22 11:11:14 - 4: SMTP INBOUND: "250-smtp.gmail.com at your service, [158.62.4.229]"
2025-11-22 11:11:14 - 4: SMTP INBOUND: "250-SIZE 35882577"
2025-11-22 11:11:14 - 4: SMTP INBOUND: "250-8BITMIME"
2025-11-22 11:11:14 - 4: SMTP INBOUND: "250-AUTH LOGIN PLAIN XOAUTH2 PLAIN-CLIENTTOKEN OAUTHBEARER XOAUTH"
2025-11-22 11:11:14 - 4: SMTP INBOUND: "250-ENHANCEDSTATUSCODES"
2025-11-22 11:11:14 - 4: SMTP INBOUND: "250-PIPELINING"
2025-11-22 11:11:14 - 4: SMTP INBOUND: "250-CHUNKING"
2025-11-22 11:11:14 - 4: SMTP INBOUND: "250 SMTPUTF8"
2025-11-22 11:11:14 - 2: SERVER -> CLIENT: 250-smtp.gmail.com at your service, [158.62.4.229]
250-SIZE 35882577
250-8BITMIME
250-AUTH LOGIN PLAIN XOAUTH2 PLAIN-CLIENTTOKEN OAUTHBEARER XOAUTH
250-ENHANCEDSTATUSCODES
250-PIPELINING
250-CHUNKING
250 SMTPUTF8

2025-11-22 11:11:14 - 4: Auth method requested: UNSPECIFIED
2025-11-22 11:11:14 - 4: Auth methods available on the server: LOGIN,PLAIN,XOAUTH2,PLAIN-CLIENTTOKEN,OAUTHBEARER,XOAUTH
2025-11-22 11:11:14 - 4: Requested auth method not available: 
2025-11-22 11:11:14 - 4: Auth method selected: LOGIN
2025-11-22 11:11:14 - 1: CLIENT -> SERVER: AUTH LOGIN

2025-11-22 11:11:14 - 4: SMTP INBOUND: "334 VXNlcm5hbWU6"
2025-11-22 11:11:14 - 2: SERVER -> CLIENT: 334 VXNlcm5hbWU6

2025-11-22 11:11:14 - 1: CLIENT -> SERVER: bWNwZWJyaW5laHFAZ21haWwuY29t

2025-11-22 11:11:14 - 4: SMTP INBOUND: "334 UGFzc3dvcmQ6"
2025-11-22 11:11:14 - 2: SERVER -> CLIENT: 334 UGFzc3dvcmQ6

2025-11-22 11:11:14 - 1: CLIENT -> SERVER: ZHRkeHh4aGNtYXVvIGVlYnQ=

2025-11-22 11:11:15 - 4: SMTP INBOUND: "235 2.7.0 Accepted"
2025-11-22 11:11:15 - 2: SERVER -> CLIENT: 235 2.7.0 Accepted

2025-11-22 11:11:15 - 1: CLIENT -> SERVER: MAIL FROM:<mcpebrinehq@gmail.com>

2025-11-22 11:11:15 - 4: SMTP INBOUND: "250 2.1.0 OK d2e1a72fcca58-7c3ed471f80sm8742538b3a.24 - gsmtp"
2025-11-22 11:11:15 - 2: SERVER -> CLIENT: 250 2.1.0 OK d2e1a72fcca58-7c3ed471f80sm8742538b3a.24 - gsmtp

2025-11-22 11:11:15 - 1: CLIENT -> SERVER: RCPT TO:<bralphlorenz13@gmail.com>

2025-11-22 11:11:15 - 4: SMTP INBOUND: "250 2.1.5 OK d2e1a72fcca58-7c3ed471f80sm8742538b3a.24 - gsmtp"
2025-11-22 11:11:15 - 2: SERVER -> CLIENT: 250 2.1.5 OK d2e1a72fcca58-7c3ed471f80sm8742538b3a.24 - gsmtp

2025-11-22 11:11:15 - 1: CLIENT -> SERVER: DATA

2025-11-22 11:11:16 - 4: SMTP INBOUND: "354 Go ahead d2e1a72fcca58-7c3ed471f80sm8742538b3a.24 - gsmtp"
2025-11-22 11:11:16 - 2: SERVER -> CLIENT: 354 Go ahead d2e1a72fcca58-7c3ed471f80sm8742538b3a.24 - gsmtp

2025-11-22 11:11:16 - 1: CLIENT -> SERVER: Date: Sat, 22 Nov 2025 11:11:13 +0100

2025-11-22 11:11:16 - 1: CLIENT -> SERVER: To: bralphlorenz13@gmail.com

2025-11-22 11:11:16 - 1: CLIENT -> SERVER: From: Heart Of D Ocean Resort <mcpebrinehq@gmail.com>

2025-11-22 11:11:16 - 1: CLIENT -> SERVER: Reply-To: Heart Of D Ocean Resort <heartofdocean2005@yahoo.com>

2025-11-22 11:11:16 - 1: CLIENT -> SERVER: Subject: Booking Update - Heart Of D Ocean Beach Resort

2025-11-22 11:11:16 - 1: CLIENT -> SERVER: Message-ID: <5Hw1nTPChH3JGNC0Xp4yGeM1P4xP24H4sOqzTxMgAFo@localhost>

2025-11-22 11:11:16 - 1: CLIENT -> SERVER: X-Mailer: PHPMailer 7.0.0 (https://github.com/PHPMailer/PHPMailer)

2025-11-22 11:11:16 - 1: CLIENT -> SERVER: MIME-Version: 1.0

2025-11-22 11:11:16 - 1: CLIENT -> SERVER: Content-Type: multipart/alternative;

2025-11-22 11:11:16 - 1: CLIENT -> SERVER:  boundary="b1=_5Hw1nTPChH3JGNC0Xp4yGeM1P4xP24H4sOqzTxMgAFo"

2025-11-22 11:11:16 - 1: CLIENT -> SERVER: Content-Transfer-Encoding: 8bit

2025-11-22 11:11:16 - 1: CLIENT -> SERVER: 

2025-11-22 11:11:16 - 1: CLIENT -> SERVER: --b1=_5Hw1nTPChH3JGNC0Xp4yGeM1P4xP24H4sOqzTxMgAFo

2025-11-22 11:11:16 - 1: CLIENT -> SERVER: Content-Type: text/plain; charset=iso-8859-1

2025-11-22 11:11:16 - 1: CLIENT -> SERVER: Content-Transfer-Encoding: 8bit

2025-11-22 11:11:16 - 1: CLIENT -> SERVER: 

2025-11-22 11:11:16 - 1: CLIENT -> SERVER: 

2025-11-22 11:11:16 - 1: CLIENT -> SERVER:                     

2025-11-22 11:11:16 - 1: CLIENT -> SERVER:                     

2025-11-22 11:11:16 - 1: CLIENT -> SERVER:                         Booking Status Update

2025-11-22 11:11:16 - 1: CLIENT -> SERVER:                         Dear ralph,

2025-11-22 11:11:16 - 1: CLIENT -> SERVER:                         Your booking status has been updated to: PENDING

2025-11-22 11:11:16 - 1: CLIENT -> SERVER:                         

2025-11-22 11:11:16 - 1: CLIENT -> SERVER:                         

2025-11-22 11:11:16 - 1: CLIENT -> SERVER:                             Booking Details:

2025-11-22 11:11:16 - 1: CLIENT -> SERVER:                             Booking ID: RESORT1763798617422

2025-11-22 11:11:16 - 1: CLIENT -> SERVER:                             Cottage: Premium 838 — ₱7,800

2025-11-22 11:11:16 - 1: CLIENT -> SERVER:                             Check-in Date: 2025-11-28

2025-11-22 11:11:16 - 1: CLIENT -> SERVER:                             Status: PENDING

2025-11-22 11:11:16 - 1: CLIENT -> SERVER:                         

2025-11-22 11:11:16 - 1: CLIENT -> SERVER:                         

2025-11-22 11:11:16 - 1: CLIENT -> SERVER:                         Please contact us at heartofdocean2005@yahoo.com if you have any questions.

2025-11-22 11:11:16 - 1: CLIENT -> SERVER:                         

2025-11-22 11:11:16 - 1: CLIENT -> SERVER:                         

2025-11-22 11:11:16 - 1: CLIENT -> SERVER:                         Best regards,The Heart Of D Ocean Team

2025-11-22 11:11:16 - 1: CLIENT -> SERVER:                     

2025-11-22 11:11:16 - 1: CLIENT -> SERVER:                     

2025-11-22 11:11:16 - 1: CLIENT -> SERVER:                     

2025-11-22 11:11:16 - 1: CLIENT -> SERVER: 

2025-11-22 11:11:16 - 1: CLIENT -> SERVER: --b1=_5Hw1nTPChH3JGNC0Xp4yGeM1P4xP24H4sOqzTxMgAFo

2025-11-22 11:11:16 - 1: CLIENT -> SERVER: Content-Type: text/html; charset=iso-8859-1

2025-11-22 11:11:16 - 1: CLIENT -> SERVER: Content-Transfer-Encoding: 8bit

2025-11-22 11:11:16 - 1: CLIENT -> SERVER: 

2025-11-22 11:11:16 - 1: CLIENT -> SERVER: 

2025-11-22 11:11:16 - 1: CLIENT -> SERVER:                     <html>

2025-11-22 11:11:16 - 1: CLIENT -> SERVER:                     <body style='font-family: Arial, sans-serif; line-height: 1.6;'>

2025-11-22 11:11:16 - 1: CLIENT -> SERVER:                         <h2>Booking Status Update</h2>

2025-11-22 11:11:16 - 1: CLIENT -> SERVER:                         <p>Dear ralph,</p>

2025-11-22 11:11:16 - 1: CLIENT -> SERVER:                         <p>Your booking status has been updated to: <strong>PENDING</strong></p>

2025-11-22 11:11:16 - 1: CLIENT -> SERVER:                         

2025-11-22 11:11:16 - 1: CLIENT -> SERVER:                         <div style='background: #f8f9fa; padding: 20px; border-radius: 10px; margin: 20px 0;'>

2025-11-22 11:11:16 - 1: CLIENT -> SERVER:                             <h3>Booking Details:</h3>

2025-11-22 11:11:16 - 1: CLIENT -> SERVER:                             <p><strong>Booking ID:</strong> RESORT1763798617422</p>

2025-11-22 11:11:16 - 1: CLIENT -> SERVER:                             <p><strong>Cottage:</strong> Premium 838 — ₱7,800</p>

2025-11-22 11:11:16 - 1: CLIENT -> SERVER:                             <p><strong>Check-in Date:</strong> 2025-11-28</p>

2025-11-22 11:11:16 - 1: CLIENT -> SERVER:                             <p><strong>Status:</strong> PENDING</p>

2025-11-22 11:11:16 - 1: CLIENT -> SERVER:                         </div>

2025-11-22 11:11:16 - 1: CLIENT -> SERVER:                         

2025-11-22 11:11:16 - 1: CLIENT -> SERVER:                         <p>Please contact us at heartofdocean2005@yahoo.com if you have any questions.</p>

2025-11-22 11:11:16 - 1: CLIENT -> SERVER:                         

2025-11-22 11:11:16 - 1: CLIENT -> SERVER:                         <br>

2025-11-22 11:11:16 - 1: CLIENT -> SERVER:                         <p>Best regards,<br>The Heart Of D Ocean Team</p>

2025-11-22 11:11:16 - 1: CLIENT -> SERVER:                     </body>

2025-11-22 11:11:16 - 1: CLIENT -> SERVER:                     </html>

2025-11-22 11:11:16 - 1: CLIENT -> SERVER:                     

2025-11-22 11:11:16 - 1: CLIENT -> SERVER: 

2025-11-22 11:11:16 - 1: CLIENT -> SERVER: 

2025-11-22 11:11:16 - 1: CLIENT -> SERVER: --b1=_5Hw1nTPChH3JGNC0Xp4yGeM1P4xP24H4sOqzTxMgAFo--

2025-11-22 11:11:16 - 1: CLIENT -> SERVER: 

2025-11-22 11:11:16 - 1: CLIENT -> SERVER: .

2025-11-22 11:11:16 - 4: SMTP INBOUND: "250 2.0.0 OK  1763806275 d2e1a72fcca58-7c3ed471f80sm8742538b3a.24 - gsmtp"
2025-11-22 11:11:16 - 2: SERVER -> CLIENT: 250 2.0.0 OK  1763806275 d2e1a72fcca58-7c3ed471f80sm8742538b3a.24 - gsmtp

2025-11-22 11:11:16 - 1: CLIENT -> SERVER: QUIT

2025-11-22 11:11:16 - 4: SMTP INBOUND: "221 2.0.0 closing connection d2e1a72fcca58-7c3ed471f80sm8742538b3a.24 - gsmtp"
2025-11-22 11:11:16 - 2: SERVER -> CLIENT: 221 2.0.0 closing connection d2e1a72fcca58-7c3ed471f80sm8742538b3a.24 - gsmtp

2025-11-22 11:11:16 - 3: Connection: closed
2025-11-22 11:11:21 - 3: Connection: opening to smtp.gmail.com:587, timeout=300, options=array()
2025-11-22 11:11:21 - 3: Connection: opened
2025-11-22 11:11:21 - 4: SMTP INBOUND: "220 smtp.gmail.com ESMTP d2e1a72fcca58-7c3f0d55b89sm8572972b3a.54 - gsmtp"
2025-11-22 11:11:21 - 2: SERVER -> CLIENT: 220 smtp.gmail.com ESMTP d2e1a72fcca58-7c3f0d55b89sm8572972b3a.54 - gsmtp

2025-11-22 11:11:21 - 1: CLIENT -> SERVER: EHLO localhost

2025-11-22 11:11:21 - 4: SMTP INBOUND: "250-smtp.gmail.com at your service, [158.62.4.229]"
2025-11-22 11:11:21 - 4: SMTP INBOUND: "250-SIZE 35882577"
2025-11-22 11:11:21 - 4: SMTP INBOUND: "250-8BITMIME"
2025-11-22 11:11:21 - 4: SMTP INBOUND: "250-STARTTLS"
2025-11-22 11:11:21 - 4: SMTP INBOUND: "250-ENHANCEDSTATUSCODES"
2025-11-22 11:11:21 - 4: SMTP INBOUND: "250-PIPELINING"
2025-11-22 11:11:21 - 4: SMTP INBOUND: "250-CHUNKING"
2025-11-22 11:11:21 - 4: SMTP INBOUND: "250 SMTPUTF8"
2025-11-22 11:11:21 - 2: SERVER -> CLIENT: 250-smtp.gmail.com at your service, [158.62.4.229]
250-SIZE 35882577
250-8BITMIME
250-STARTTLS
250-ENHANCEDSTATUSCODES
250-PIPELINING
250-CHUNKING
250 SMTPUTF8

2025-11-22 11:11:21 - 1: CLIENT -> SERVER: STARTTLS

2025-11-22 11:11:22 - 4: SMTP INBOUND: "220 2.0.0 Ready to start TLS"
2025-11-22 11:11:22 - 2: SERVER -> CLIENT: 220 2.0.0 Ready to start TLS

2025-11-22 11:11:22 - 1: CLIENT -> SERVER: EHLO localhost

2025-11-22 11:11:22 - 4: SMTP INBOUND: "250-smtp.gmail.com at your service, [158.62.4.229]"
2025-11-22 11:11:22 - 4: SMTP INBOUND: "250-SIZE 35882577"
2025-11-22 11:11:22 - 4: SMTP INBOUND: "250-8BITMIME"
2025-11-22 11:11:22 - 4: SMTP INBOUND: "250-AUTH LOGIN PLAIN XOAUTH2 PLAIN-CLIENTTOKEN OAUTHBEARER XOAUTH"
2025-11-22 11:11:22 - 4: SMTP INBOUND: "250-ENHANCEDSTATUSCODES"
2025-11-22 11:11:22 - 4: SMTP INBOUND: "250-PIPELINING"
2025-11-22 11:11:22 - 4: SMTP INBOUND: "250-CHUNKING"
2025-11-22 11:11:22 - 4: SMTP INBOUND: "250 SMTPUTF8"
2025-11-22 11:11:22 - 2: SERVER -> CLIENT: 250-smtp.gmail.com at your service, [158.62.4.229]
250-SIZE 35882577
250-8BITMIME
250-AUTH LOGIN PLAIN XOAUTH2 PLAIN-CLIENTTOKEN OAUTHBEARER XOAUTH
250-ENHANCEDSTATUSCODES
250-PIPELINING
250-CHUNKING
250 SMTPUTF8

2025-11-22 11:11:22 - 4: Auth method requested: UNSPECIFIED
2025-11-22 11:11:22 - 4: Auth methods available on the server: LOGIN,PLAIN,XOAUTH2,PLAIN-CLIENTTOKEN,OAUTHBEARER,XOAUTH
2025-11-22 11:11:22 - 4: Requested auth method not available: 
2025-11-22 11:11:22 - 4: Auth method selected: LOGIN
2025-11-22 11:11:22 - 1: CLIENT -> SERVER: AUTH LOGIN

2025-11-22 11:11:22 - 4: SMTP INBOUND: "334 VXNlcm5hbWU6"
2025-11-22 11:11:22 - 2: SERVER -> CLIENT: 334 VXNlcm5hbWU6

2025-11-22 11:11:22 - 1: CLIENT -> SERVER: bWNwZWJyaW5laHFAZ21haWwuY29t

2025-11-22 11:11:22 - 4: SMTP INBOUND: "334 UGFzc3dvcmQ6"
2025-11-22 11:11:22 - 2: SERVER -> CLIENT: 334 UGFzc3dvcmQ6

2025-11-22 11:11:22 - 1: CLIENT -> SERVER: ZHRkeHh4aGNtYXVvIGVlYnQ=

2025-11-22 11:11:23 - 4: SMTP INBOUND: "235 2.7.0 Accepted"
2025-11-22 11:11:23 - 2: SERVER -> CLIENT: 235 2.7.0 Accepted

2025-11-22 11:11:23 - 1: CLIENT -> SERVER: MAIL FROM:<mcpebrinehq@gmail.com>

2025-11-22 11:11:23 - 4: SMTP INBOUND: "250 2.1.0 OK d2e1a72fcca58-7c3f0d55b89sm8572972b3a.54 - gsmtp"
2025-11-22 11:11:23 - 2: SERVER -> CLIENT: 250 2.1.0 OK d2e1a72fcca58-7c3f0d55b89sm8572972b3a.54 - gsmtp

2025-11-22 11:11:23 - 1: CLIENT -> SERVER: RCPT TO:<marjhonmatalog278@gmail.com>

2025-11-22 11:11:23 - 4: SMTP INBOUND: "250 2.1.5 OK d2e1a72fcca58-7c3f0d55b89sm8572972b3a.54 - gsmtp"
2025-11-22 11:11:23 - 2: SERVER -> CLIENT: 250 2.1.5 OK d2e1a72fcca58-7c3f0d55b89sm8572972b3a.54 - gsmtp

2025-11-22 11:11:23 - 1: CLIENT -> SERVER: DATA

2025-11-22 11:11:23 - 4: SMTP INBOUND: "354 Go ahead d2e1a72fcca58-7c3f0d55b89sm8572972b3a.54 - gsmtp"
2025-11-22 11:11:23 - 2: SERVER -> CLIENT: 354 Go ahead d2e1a72fcca58-7c3f0d55b89sm8572972b3a.54 - gsmtp

2025-11-22 11:11:23 - 1: CLIENT -> SERVER: Date: Sat, 22 Nov 2025 11:11:21 +0100

2025-11-22 11:11:23 - 1: CLIENT -> SERVER: To: marjhonmatalog278@gmail.com

2025-11-22 11:11:23 - 1: CLIENT -> SERVER: From: Heart Of D Ocean Resort <mcpebrinehq@gmail.com>

2025-11-22 11:11:23 - 1: CLIENT -> SERVER: Reply-To: Heart Of D Ocean Resort <heartofdocean2005@yahoo.com>

2025-11-22 11:11:23 - 1: CLIENT -> SERVER: Subject: Booking Update - Heart Of D Ocean Beach Resort

2025-11-22 11:11:23 - 1: CLIENT -> SERVER: Message-ID: <D3CqBYIHGRvzY20AUKHrXv6gpm2zBnW4WcBdFYLoRxU@localhost>

2025-11-22 11:11:23 - 1: CLIENT -> SERVER: X-Mailer: PHPMailer 7.0.0 (https://github.com/PHPMailer/PHPMailer)

2025-11-22 11:11:23 - 1: CLIENT -> SERVER: MIME-Version: 1.0

2025-11-22 11:11:23 - 1: CLIENT -> SERVER: Content-Type: multipart/alternative;

2025-11-22 11:11:23 - 1: CLIENT -> SERVER:  boundary="b1=_D3CqBYIHGRvzY20AUKHrXv6gpm2zBnW4WcBdFYLoRxU"

2025-11-22 11:11:23 - 1: CLIENT -> SERVER: Content-Transfer-Encoding: 8bit

2025-11-22 11:11:23 - 1: CLIENT -> SERVER: 

2025-11-22 11:11:23 - 1: CLIENT -> SERVER: --b1=_D3CqBYIHGRvzY20AUKHrXv6gpm2zBnW4WcBdFYLoRxU

2025-11-22 11:11:23 - 1: CLIENT -> SERVER: Content-Type: text/plain; charset=iso-8859-1

2025-11-22 11:11:23 - 1: CLIENT -> SERVER: Content-Transfer-Encoding: 8bit

2025-11-22 11:11:23 - 1: CLIENT -> SERVER: 

2025-11-22 11:11:23 - 1: CLIENT -> SERVER: 

2025-11-22 11:11:23 - 1: CLIENT -> SERVER:                     

2025-11-22 11:11:23 - 1: CLIENT -> SERVER:                     

2025-11-22 11:11:23 - 1: CLIENT -> SERVER:                         Booking Status Update

2025-11-22 11:11:23 - 1: CLIENT -> SERVER:                         Dear marjan,

2025-11-22 11:11:23 - 1: CLIENT -> SERVER:                         Your booking status has been updated to: PENDING

2025-11-22 11:11:23 - 1: CLIENT -> SERVER:                         

2025-11-22 11:11:23 - 1: CLIENT -> SERVER:                         

2025-11-22 11:11:23 - 1: CLIENT -> SERVER:                             Booking Details:

2025-11-22 11:11:23 - 1: CLIENT -> SERVER:                             Booking ID: RESORT1763798227682

2025-11-22 11:11:23 - 1: CLIENT -> SERVER:                             Cottage: Premium 838 — ₱7,800

2025-11-22 11:11:23 - 1: CLIENT -> SERVER:                             Check-in Date: 2025-11-27

2025-11-22 11:11:23 - 1: CLIENT -> SERVER:                             Status: PENDING

2025-11-22 11:11:23 - 1: CLIENT -> SERVER:                         

2025-11-22 11:11:23 - 1: CLIENT -> SERVER:                         

2025-11-22 11:11:23 - 1: CLIENT -> SERVER:                         Please contact us at heartofdocean2005@yahoo.com if you have any questions.

2025-11-22 11:11:23 - 1: CLIENT -> SERVER:                         

2025-11-22 11:11:23 - 1: CLIENT -> SERVER:                         

2025-11-22 11:11:23 - 1: CLIENT -> SERVER:                         Best regards,The Heart Of D Ocean Team

2025-11-22 11:11:23 - 1: CLIENT -> SERVER:                     

2025-11-22 11:11:23 - 1: CLIENT -> SERVER:                     

2025-11-22 11:11:23 - 1: CLIENT -> SERVER:                     

2025-11-22 11:11:23 - 1: CLIENT -> SERVER: 

2025-11-22 11:11:23 - 1: CLIENT -> SERVER: --b1=_D3CqBYIHGRvzY20AUKHrXv6gpm2zBnW4WcBdFYLoRxU

2025-11-22 11:11:23 - 1: CLIENT -> SERVER: Content-Type: text/html; charset=iso-8859-1

2025-11-22 11:11:23 - 1: CLIENT -> SERVER: Content-Transfer-Encoding: 8bit

2025-11-22 11:11:23 - 1: CLIENT -> SERVER: 

2025-11-22 11:11:23 - 1: CLIENT -> SERVER: 

2025-11-22 11:11:23 - 1: CLIENT -> SERVER:                     <html>

2025-11-22 11:11:23 - 1: CLIENT -> SERVER:                     <body style='font-family: Arial, sans-serif; line-height: 1.6;'>

2025-11-22 11:11:23 - 1: CLIENT -> SERVER:                         <h2>Booking Status Update</h2>

2025-11-22 11:11:23 - 1: CLIENT -> SERVER:                         <p>Dear marjan,</p>

2025-11-22 11:11:23 - 1: CLIENT -> SERVER:                         <p>Your booking status has been updated to: <strong>PENDING</strong></p>

2025-11-22 11:11:23 - 1: CLIENT -> SERVER:                         

2025-11-22 11:11:23 - 1: CLIENT -> SERVER:                         <div style='background: #f8f9fa; padding: 20px; border-radius: 10px; margin: 20px 0;'>

2025-11-22 11:11:23 - 1: CLIENT -> SERVER:                             <h3>Booking Details:</h3>

2025-11-22 11:11:23 - 1: CLIENT -> SERVER:                             <p><strong>Booking ID:</strong> RESORT1763798227682</p>

2025-11-22 11:11:23 - 1: CLIENT -> SERVER:                             <p><strong>Cottage:</strong> Premium 838 — ₱7,800</p>

2025-11-22 11:11:23 - 1: CLIENT -> SERVER:                             <p><strong>Check-in Date:</strong> 2025-11-27</p>

2025-11-22 11:11:23 - 1: CLIENT -> SERVER:                             <p><strong>Status:</strong> PENDING</p>

2025-11-22 11:11:23 - 1: CLIENT -> SERVER:                         </div>

2025-11-22 11:11:23 - 1: CLIENT -> SERVER:                         

2025-11-22 11:11:23 - 1: CLIENT -> SERVER:                         <p>Please contact us at heartofdocean2005@yahoo.com if you have any questions.</p>

2025-11-22 11:11:23 - 1: CLIENT -> SERVER:                         

2025-11-22 11:11:23 - 1: CLIENT -> SERVER:                         <br>

2025-11-22 11:11:23 - 1: CLIENT -> SERVER:                         <p>Best regards,<br>The Heart Of D Ocean Team</p>

2025-11-22 11:11:23 - 1: CLIENT -> SERVER:                     </body>

2025-11-22 11:11:23 - 1: CLIENT -> SERVER:                     </html>

2025-11-22 11:11:23 - 1: CLIENT -> SERVER:                     

2025-11-22 11:11:23 - 1: CLIENT -> SERVER: 

2025-11-22 11:11:23 - 1: CLIENT -> SERVER: 

2025-11-22 11:11:23 - 1: CLIENT -> SERVER: --b1=_D3CqBYIHGRvzY20AUKHrXv6gpm2zBnW4WcBdFYLoRxU--

2025-11-22 11:11:23 - 1: CLIENT -> SERVER: 

2025-11-22 11:11:23 - 1: CLIENT -> SERVER: .

2025-11-22 11:11:24 - 4: SMTP INBOUND: "250 2.0.0 OK  1763806283 d2e1a72fcca58-7c3f0d55b89sm8572972b3a.54 - gsmtp"
2025-11-22 11:11:24 - 2: SERVER -> CLIENT: 250 2.0.0 OK  1763806283 d2e1a72fcca58-7c3f0d55b89sm8572972b3a.54 - gsmtp

2025-11-22 11:11:24 - 1: CLIENT -> SERVER: QUIT

2025-11-22 11:11:24 - 4: SMTP INBOUND: "221 2.0.0 closing connection d2e1a72fcca58-7c3f0d55b89sm8572972b3a.54 - gsmtp"
2025-11-22 11:11:24 - 2: SERVER -> CLIENT: 221 2.0.0 closing connection d2e1a72fcca58-7c3f0d55b89sm8572972b3a.54 - gsmtp

2025-11-22 11:11:24 - 3: Connection: closed
2025-11-22 11:11:32 - 3: Connection: opening to smtp.gmail.com:587, timeout=300, options=array()
2025-11-22 11:11:32 - 3: Connection: opened
2025-11-22 11:11:32 - 4: SMTP INBOUND: "220 smtp.gmail.com ESMTP d9443c01a7336-29b5b25c20dsm81659135ad.59 - gsmtp"
2025-11-22 11:11:32 - 2: SERVER -> CLIENT: 220 smtp.gmail.com ESMTP d9443c01a7336-29b5b25c20dsm81659135ad.59 - gsmtp

2025-11-22 11:11:32 - 1: CLIENT -> SERVER: EHLO localhost

2025-11-22 11:11:32 - 4: SMTP INBOUND: "250-smtp.gmail.com at your service, [158.62.4.229]"
2025-11-22 11:11:32 - 4: SMTP INBOUND: "250-SIZE 35882577"
2025-11-22 11:11:32 - 4: SMTP INBOUND: "250-8BITMIME"
2025-11-22 11:11:32 - 4: SMTP INBOUND: "250-STARTTLS"
2025-11-22 11:11:32 - 4: SMTP INBOUND: "250-ENHANCEDSTATUSCODES"
2025-11-22 11:11:32 - 4: SMTP INBOUND: "250-PIPELINING"
2025-11-22 11:11:32 - 4: SMTP INBOUND: "250-CHUNKING"
2025-11-22 11:11:32 - 4: SMTP INBOUND: "250 SMTPUTF8"
2025-11-22 11:11:32 - 2: SERVER -> CLIENT: 250-smtp.gmail.com at your service, [158.62.4.229]
250-SIZE 35882577
250-8BITMIME
250-STARTTLS
250-ENHANCEDSTATUSCODES
250-PIPELINING
250-CHUNKING
250 SMTPUTF8

2025-11-22 11:11:32 - 1: CLIENT -> SERVER: STARTTLS

2025-11-22 11:11:32 - 4: SMTP INBOUND: "220 2.0.0 Ready to start TLS"
2025-11-22 11:11:32 - 2: SERVER -> CLIENT: 220 2.0.0 Ready to start TLS

2025-11-22 11:11:32 - 1: CLIENT -> SERVER: EHLO localhost

2025-11-22 11:11:33 - 4: SMTP INBOUND: "250-smtp.gmail.com at your service, [158.62.4.229]"
2025-11-22 11:11:33 - 4: SMTP INBOUND: "250-SIZE 35882577"
2025-11-22 11:11:33 - 4: SMTP INBOUND: "250-8BITMIME"
2025-11-22 11:11:33 - 4: SMTP INBOUND: "250-AUTH LOGIN PLAIN XOAUTH2 PLAIN-CLIENTTOKEN OAUTHBEARER XOAUTH"
2025-11-22 11:11:33 - 4: SMTP INBOUND: "250-ENHANCEDSTATUSCODES"
2025-11-22 11:11:33 - 4: SMTP INBOUND: "250-PIPELINING"
2025-11-22 11:11:33 - 4: SMTP INBOUND: "250-CHUNKING"
2025-11-22 11:11:33 - 4: SMTP INBOUND: "250 SMTPUTF8"
2025-11-22 11:11:33 - 2: SERVER -> CLIENT: 250-smtp.gmail.com at your service, [158.62.4.229]
250-SIZE 35882577
250-8BITMIME
250-AUTH LOGIN PLAIN XOAUTH2 PLAIN-CLIENTTOKEN OAUTHBEARER XOAUTH
250-ENHANCEDSTATUSCODES
250-PIPELINING
250-CHUNKING
250 SMTPUTF8

2025-11-22 11:11:33 - 4: Auth method requested: UNSPECIFIED
2025-11-22 11:11:33 - 4: Auth methods available on the server: LOGIN,PLAIN,XOAUTH2,PLAIN-CLIENTTOKEN,OAUTHBEARER,XOAUTH
2025-11-22 11:11:33 - 4: Requested auth method not available: 
2025-11-22 11:11:33 - 4: Auth method selected: LOGIN
2025-11-22 11:11:33 - 1: CLIENT -> SERVER: AUTH LOGIN

2025-11-22 11:11:33 - 4: SMTP INBOUND: "334 VXNlcm5hbWU6"
2025-11-22 11:11:33 - 2: SERVER -> CLIENT: 334 VXNlcm5hbWU6

2025-11-22 11:11:33 - 1: CLIENT -> SERVER: bWNwZWJyaW5laHFAZ21haWwuY29t

2025-11-22 11:11:33 - 4: SMTP INBOUND: "334 UGFzc3dvcmQ6"
2025-11-22 11:11:33 - 2: SERVER -> CLIENT: 334 UGFzc3dvcmQ6

2025-11-22 11:11:33 - 1: CLIENT -> SERVER: ZHRkeHh4aGNtYXVvIGVlYnQ=

2025-11-22 11:11:33 - 4: SMTP INBOUND: "235 2.7.0 Accepted"
2025-11-22 11:11:33 - 2: SERVER -> CLIENT: 235 2.7.0 Accepted

2025-11-22 11:11:33 - 1: CLIENT -> SERVER: MAIL FROM:<mcpebrinehq@gmail.com>

2025-11-22 11:11:33 - 4: SMTP INBOUND: "250 2.1.0 OK d9443c01a7336-29b5b25c20dsm81659135ad.59 - gsmtp"
2025-11-22 11:11:33 - 2: SERVER -> CLIENT: 250 2.1.0 OK d9443c01a7336-29b5b25c20dsm81659135ad.59 - gsmtp

2025-11-22 11:11:33 - 1: CLIENT -> SERVER: RCPT TO:<marjhonmatalog278@gmail.com>

2025-11-22 11:11:34 - 4: SMTP INBOUND: "250 2.1.5 OK d9443c01a7336-29b5b25c20dsm81659135ad.59 - gsmtp"
2025-11-22 11:11:34 - 2: SERVER -> CLIENT: 250 2.1.5 OK d9443c01a7336-29b5b25c20dsm81659135ad.59 - gsmtp

2025-11-22 11:11:34 - 1: CLIENT -> SERVER: DATA

2025-11-22 11:11:34 - 4: SMTP INBOUND: "354 Go ahead d9443c01a7336-29b5b25c20dsm81659135ad.59 - gsmtp"
2025-11-22 11:11:34 - 2: SERVER -> CLIENT: 354 Go ahead d9443c01a7336-29b5b25c20dsm81659135ad.59 - gsmtp

2025-11-22 11:11:34 - 1: CLIENT -> SERVER: Date: Sat, 22 Nov 2025 11:11:32 +0100

2025-11-22 11:11:34 - 1: CLIENT -> SERVER: To: marjhonmatalog278@gmail.com

2025-11-22 11:11:34 - 1: CLIENT -> SERVER: From: Heart Of D Ocean Resort <mcpebrinehq@gmail.com>

2025-11-22 11:11:34 - 1: CLIENT -> SERVER: Reply-To: Heart Of D Ocean Resort <heartofdocean2005@yahoo.com>

2025-11-22 11:11:34 - 1: CLIENT -> SERVER: Subject: Booking Update - Heart Of D Ocean Beach Resort

2025-11-22 11:11:34 - 1: CLIENT -> SERVER: Message-ID: <evlSC1OUGGXia4ctbGiByvEv8b9fuk6ATnTnLuJ98@localhost>

2025-11-22 11:11:34 - 1: CLIENT -> SERVER: X-Mailer: PHPMailer 7.0.0 (https://github.com/PHPMailer/PHPMailer)

2025-11-22 11:11:34 - 1: CLIENT -> SERVER: MIME-Version: 1.0

2025-11-22 11:11:34 - 1: CLIENT -> SERVER: Content-Type: multipart/alternative;

2025-11-22 11:11:34 - 1: CLIENT -> SERVER:  boundary="b1=_evlSC1OUGGXia4ctbGiByvEv8b9fuk6ATnTnLuJ98"

2025-11-22 11:11:34 - 1: CLIENT -> SERVER: Content-Transfer-Encoding: 8bit

2025-11-22 11:11:34 - 1: CLIENT -> SERVER: 

2025-11-22 11:11:34 - 1: CLIENT -> SERVER: --b1=_evlSC1OUGGXia4ctbGiByvEv8b9fuk6ATnTnLuJ98

2025-11-22 11:11:34 - 1: CLIENT -> SERVER: Content-Type: text/plain; charset=iso-8859-1

2025-11-22 11:11:34 - 1: CLIENT -> SERVER: Content-Transfer-Encoding: 8bit

2025-11-22 11:11:34 - 1: CLIENT -> SERVER: 

2025-11-22 11:11:34 - 1: CLIENT -> SERVER: 

2025-11-22 11:11:34 - 1: CLIENT -> SERVER:                     

2025-11-22 11:11:34 - 1: CLIENT -> SERVER:                     

2025-11-22 11:11:34 - 1: CLIENT -> SERVER:                         Booking Status Update

2025-11-22 11:11:34 - 1: CLIENT -> SERVER:                         Dear marjan,

2025-11-22 11:11:34 - 1: CLIENT -> SERVER:                         Your booking status has been updated to: PENDING

2025-11-22 11:11:34 - 1: CLIENT -> SERVER:                         

2025-11-22 11:11:34 - 1: CLIENT -> SERVER:                         

2025-11-22 11:11:34 - 1: CLIENT -> SERVER:                             Booking Details:

2025-11-22 11:11:34 - 1: CLIENT -> SERVER:                             Booking ID: RESORT1763797971528

2025-11-22 11:11:34 - 1: CLIENT -> SERVER:                             Cottage: Beatrice A — ₱7,800

2025-11-22 11:11:34 - 1: CLIENT -> SERVER:                             Check-in Date: 2025-11-28

2025-11-22 11:11:34 - 1: CLIENT -> SERVER:                             Status: PENDING

2025-11-22 11:11:34 - 1: CLIENT -> SERVER:                         

2025-11-22 11:11:34 - 1: CLIENT -> SERVER:                         

2025-11-22 11:11:34 - 1: CLIENT -> SERVER:                         Please contact us at heartofdocean2005@yahoo.com if you have any questions.

2025-11-22 11:11:34 - 1: CLIENT -> SERVER:                         

2025-11-22 11:11:34 - 1: CLIENT -> SERVER:                         

2025-11-22 11:11:34 - 1: CLIENT -> SERVER:                         Best regards,The Heart Of D Ocean Team

2025-11-22 11:11:34 - 1: CLIENT -> SERVER:                     

2025-11-22 11:11:34 - 1: CLIENT -> SERVER:                     

2025-11-22 11:11:34 - 1: CLIENT -> SERVER:                     

2025-11-22 11:11:34 - 1: CLIENT -> SERVER: 

2025-11-22 11:11:34 - 1: CLIENT -> SERVER: --b1=_evlSC1OUGGXia4ctbGiByvEv8b9fuk6ATnTnLuJ98

2025-11-22 11:11:34 - 1: CLIENT -> SERVER: Content-Type: text/html; charset=iso-8859-1

2025-11-22 11:11:34 - 1: CLIENT -> SERVER: Content-Transfer-Encoding: 8bit

2025-11-22 11:11:34 - 1: CLIENT -> SERVER: 

2025-11-22 11:11:34 - 1: CLIENT -> SERVER: 

2025-11-22 11:11:34 - 1: CLIENT -> SERVER:                     <html>

2025-11-22 11:11:34 - 1: CLIENT -> SERVER:                     <body style='font-family: Arial, sans-serif; line-height: 1.6;'>

2025-11-22 11:11:34 - 1: CLIENT -> SERVER:                         <h2>Booking Status Update</h2>

2025-11-22 11:11:34 - 1: CLIENT -> SERVER:                         <p>Dear marjan,</p>

2025-11-22 11:11:34 - 1: CLIENT -> SERVER:                         <p>Your booking status has been updated to: <strong>PENDING</strong></p>

2025-11-22 11:11:34 - 1: CLIENT -> SERVER:                         

2025-11-22 11:11:34 - 1: CLIENT -> SERVER:                         <div style='background: #f8f9fa; padding: 20px; border-radius: 10px; margin: 20px 0;'>

2025-11-22 11:11:34 - 1: CLIENT -> SERVER:                             <h3>Booking Details:</h3>

2025-11-22 11:11:34 - 1: CLIENT -> SERVER:                             <p><strong>Booking ID:</strong> RESORT1763797971528</p>

2025-11-22 11:11:34 - 1: CLIENT -> SERVER:                             <p><strong>Cottage:</strong> Beatrice A — ₱7,800</p>

2025-11-22 11:11:34 - 1: CLIENT -> SERVER:                             <p><strong>Check-in Date:</strong> 2025-11-28</p>

2025-11-22 11:11:34 - 1: CLIENT -> SERVER:                             <p><strong>Status:</strong> PENDING</p>

2025-11-22 11:11:34 - 1: CLIENT -> SERVER:                         </div>

2025-11-22 11:11:34 - 1: CLIENT -> SERVER:                         

2025-11-22 11:11:34 - 1: CLIENT -> SERVER:                         <p>Please contact us at heartofdocean2005@yahoo.com if you have any questions.</p>

2025-11-22 11:11:34 - 1: CLIENT -> SERVER:                         

2025-11-22 11:11:34 - 1: CLIENT -> SERVER:                         <br>

2025-11-22 11:11:34 - 1: CLIENT -> SERVER:                         <p>Best regards,<br>The Heart Of D Ocean Team</p>

2025-11-22 11:11:34 - 1: CLIENT -> SERVER:                     </body>

2025-11-22 11:11:34 - 1: CLIENT -> SERVER:                     </html>

2025-11-22 11:11:34 - 1: CLIENT -> SERVER:                     

2025-11-22 11:11:34 - 1: CLIENT -> SERVER: 

2025-11-22 11:11:34 - 1: CLIENT -> SERVER: 

2025-11-22 11:11:34 - 1: CLIENT -> SERVER: --b1=_evlSC1OUGGXia4ctbGiByvEv8b9fuk6ATnTnLuJ98--

2025-11-22 11:11:34 - 1: CLIENT -> SERVER: 

2025-11-22 11:11:34 - 1: CLIENT -> SERVER: .

2025-11-22 11:11:35 - 4: SMTP INBOUND: "250 2.0.0 OK  1763806293 d9443c01a7336-29b5b25c20dsm81659135ad.59 - gsmtp"
2025-11-22 11:11:35 - 2: SERVER -> CLIENT: 250 2.0.0 OK  1763806293 d9443c01a7336-29b5b25c20dsm81659135ad.59 - gsmtp

2025-11-22 11:11:35 - 1: CLIENT -> SERVER: QUIT

2025-11-22 11:11:35 - 4: SMTP INBOUND: "221 2.0.0 closing connection d9443c01a7336-29b5b25c20dsm81659135ad.59 - gsmtp"
2025-11-22 11:11:35 - 2: SERVER -> CLIENT: 221 2.0.0 closing connection d9443c01a7336-29b5b25c20dsm81659135ad.59 - gsmtp

2025-11-22 11:11:35 - 3: Connection: closed
2025-11-22 11:11:39 - 3: Connection: opening to smtp.gmail.com:587, timeout=300, options=array()
2025-11-22 11:11:39 - 3: Connection: opened
2025-11-22 11:11:39 - 4: SMTP INBOUND: "220 smtp.gmail.com ESMTP 41be03b00d2f7-bd760ac633dsm7945301a12.27 - gsmtp"
2025-11-22 11:11:39 - 2: SERVER -> CLIENT: 220 smtp.gmail.com ESMTP 41be03b00d2f7-bd760ac633dsm7945301a12.27 - gsmtp

2025-11-22 11:11:39 - 1: CLIENT -> SERVER: EHLO localhost

2025-11-22 11:11:40 - 4: SMTP INBOUND: "250-smtp.gmail.com at your service, [158.62.4.229]"
2025-11-22 11:11:40 - 4: SMTP INBOUND: "250-SIZE 35882577"
2025-11-22 11:11:40 - 4: SMTP INBOUND: "250-8BITMIME"
2025-11-22 11:11:40 - 4: SMTP INBOUND: "250-STARTTLS"
2025-11-22 11:11:40 - 4: SMTP INBOUND: "250-ENHANCEDSTATUSCODES"
2025-11-22 11:11:40 - 4: SMTP INBOUND: "250-PIPELINING"
2025-11-22 11:11:40 - 4: SMTP INBOUND: "250-CHUNKING"
2025-11-22 11:11:40 - 4: SMTP INBOUND: "250 SMTPUTF8"
2025-11-22 11:11:40 - 2: SERVER -> CLIENT: 250-smtp.gmail.com at your service, [158.62.4.229]
250-SIZE 35882577
250-8BITMIME
250-STARTTLS
250-ENHANCEDSTATUSCODES
250-PIPELINING
250-CHUNKING
250 SMTPUTF8

2025-11-22 11:11:40 - 1: CLIENT -> SERVER: STARTTLS

2025-11-22 11:11:40 - 4: SMTP INBOUND: "220 2.0.0 Ready to start TLS"
2025-11-22 11:11:40 - 2: SERVER -> CLIENT: 220 2.0.0 Ready to start TLS

2025-11-22 11:11:40 - 1: CLIENT -> SERVER: EHLO localhost

2025-11-22 11:11:40 - 4: SMTP INBOUND: "250-smtp.gmail.com at your service, [158.62.4.229]"
2025-11-22 11:11:40 - 4: SMTP INBOUND: "250-SIZE 35882577"
2025-11-22 11:11:40 - 4: SMTP INBOUND: "250-8BITMIME"
2025-11-22 11:11:40 - 4: SMTP INBOUND: "250-AUTH LOGIN PLAIN XOAUTH2 PLAIN-CLIENTTOKEN OAUTHBEARER XOAUTH"
2025-11-22 11:11:40 - 4: SMTP INBOUND: "250-ENHANCEDSTATUSCODES"
2025-11-22 11:11:40 - 4: SMTP INBOUND: "250-PIPELINING"
2025-11-22 11:11:40 - 4: SMTP INBOUND: "250-CHUNKING"
2025-11-22 11:11:40 - 4: SMTP INBOUND: "250 SMTPUTF8"
2025-11-22 11:11:40 - 2: SERVER -> CLIENT: 250-smtp.gmail.com at your service, [158.62.4.229]
250-SIZE 35882577
250-8BITMIME
250-AUTH LOGIN PLAIN XOAUTH2 PLAIN-CLIENTTOKEN OAUTHBEARER XOAUTH
250-ENHANCEDSTATUSCODES
250-PIPELINING
250-CHUNKING
250 SMTPUTF8

2025-11-22 11:11:40 - 4: Auth method requested: UNSPECIFIED
2025-11-22 11:11:40 - 4: Auth methods available on the server: LOGIN,PLAIN,XOAUTH2,PLAIN-CLIENTTOKEN,OAUTHBEARER,XOAUTH
2025-11-22 11:11:40 - 4: Requested auth method not available: 
2025-11-22 11:11:40 - 4: Auth method selected: LOGIN
2025-11-22 11:11:40 - 1: CLIENT -> SERVER: AUTH LOGIN

2025-11-22 11:11:40 - 4: SMTP INBOUND: "334 VXNlcm5hbWU6"
2025-11-22 11:11:40 - 2: SERVER -> CLIENT: 334 VXNlcm5hbWU6

2025-11-22 11:11:40 - 1: CLIENT -> SERVER: bWNwZWJyaW5laHFAZ21haWwuY29t

2025-11-22 11:11:40 - 4: SMTP INBOUND: "334 UGFzc3dvcmQ6"
2025-11-22 11:11:40 - 2: SERVER -> CLIENT: 334 UGFzc3dvcmQ6

2025-11-22 11:11:40 - 1: CLIENT -> SERVER: ZHRkeHh4aGNtYXVvIGVlYnQ=

2025-11-22 11:11:41 - 4: SMTP INBOUND: "235 2.7.0 Accepted"
2025-11-22 11:11:41 - 2: SERVER -> CLIENT: 235 2.7.0 Accepted

2025-11-22 11:11:41 - 1: CLIENT -> SERVER: MAIL FROM:<mcpebrinehq@gmail.com>

2025-11-22 11:11:41 - 4: SMTP INBOUND: "250 2.1.0 OK 41be03b00d2f7-bd760ac633dsm7945301a12.27 - gsmtp"
2025-11-22 11:11:41 - 2: SERVER -> CLIENT: 250 2.1.0 OK 41be03b00d2f7-bd760ac633dsm7945301a12.27 - gsmtp

2025-11-22 11:11:41 - 1: CLIENT -> SERVER: RCPT TO:<MarjanOwie@gmail.com>

2025-11-22 11:11:41 - 4: SMTP INBOUND: "250 2.1.5 OK 41be03b00d2f7-bd760ac633dsm7945301a12.27 - gsmtp"
2025-11-22 11:11:41 - 2: SERVER -> CLIENT: 250 2.1.5 OK 41be03b00d2f7-bd760ac633dsm7945301a12.27 - gsmtp

2025-11-22 11:11:41 - 1: CLIENT -> SERVER: DATA

2025-11-22 11:11:41 - 4: SMTP INBOUND: "354 Go ahead 41be03b00d2f7-bd760ac633dsm7945301a12.27 - gsmtp"
2025-11-22 11:11:41 - 2: SERVER -> CLIENT: 354 Go ahead 41be03b00d2f7-bd760ac633dsm7945301a12.27 - gsmtp

2025-11-22 11:11:41 - 1: CLIENT -> SERVER: Date: Sat, 22 Nov 2025 11:11:39 +0100

2025-11-22 11:11:41 - 1: CLIENT -> SERVER: To: MarjanOwie@gmail.com

2025-11-22 11:11:41 - 1: CLIENT -> SERVER: From: Heart Of D Ocean Resort <mcpebrinehq@gmail.com>

2025-11-22 11:11:41 - 1: CLIENT -> SERVER: Reply-To: Heart Of D Ocean Resort <heartofdocean2005@yahoo.com>

2025-11-22 11:11:41 - 1: CLIENT -> SERVER: Subject: Booking Update - Heart Of D Ocean Beach Resort

2025-11-22 11:11:41 - 1: CLIENT -> SERVER: Message-ID: <YAkAJJ0V2zWTiLe2g1KYKJibMJO9Tl4GT7L9qZUqc@localhost>

2025-11-22 11:11:41 - 1: CLIENT -> SERVER: X-Mailer: PHPMailer 7.0.0 (https://github.com/PHPMailer/PHPMailer)

2025-11-22 11:11:41 - 1: CLIENT -> SERVER: MIME-Version: 1.0

2025-11-22 11:11:41 - 1: CLIENT -> SERVER: Content-Type: multipart/alternative;

2025-11-22 11:11:41 - 1: CLIENT -> SERVER:  boundary="b1=_YAkAJJ0V2zWTiLe2g1KYKJibMJO9Tl4GT7L9qZUqc"

2025-11-22 11:11:41 - 1: CLIENT -> SERVER: Content-Transfer-Encoding: 8bit

2025-11-22 11:11:41 - 1: CLIENT -> SERVER: 

2025-11-22 11:11:41 - 1: CLIENT -> SERVER: --b1=_YAkAJJ0V2zWTiLe2g1KYKJibMJO9Tl4GT7L9qZUqc

2025-11-22 11:11:41 - 1: CLIENT -> SERVER: Content-Type: text/plain; charset=iso-8859-1

2025-11-22 11:11:41 - 1: CLIENT -> SERVER: Content-Transfer-Encoding: 8bit

2025-11-22 11:11:41 - 1: CLIENT -> SERVER: 

2025-11-22 11:11:41 - 1: CLIENT -> SERVER: 

2025-11-22 11:11:41 - 1: CLIENT -> SERVER:                     

2025-11-22 11:11:41 - 1: CLIENT -> SERVER:                     

2025-11-22 11:11:41 - 1: CLIENT -> SERVER:                         Booking Status Update

2025-11-22 11:11:41 - 1: CLIENT -> SERVER:                         Dear marjan,

2025-11-22 11:11:41 - 1: CLIENT -> SERVER:                         Your booking status has been updated to: PENDING

2025-11-22 11:11:41 - 1: CLIENT -> SERVER:                         

2025-11-22 11:11:41 - 1: CLIENT -> SERVER:                         

2025-11-22 11:11:41 - 1: CLIENT -> SERVER:                             Booking Details:

2025-11-22 11:11:41 - 1: CLIENT -> SERVER:                             Booking ID: RESORT1763745146343

2025-11-22 11:11:41 - 1: CLIENT -> SERVER:                             Cottage: Seaside (Half) — ₱3,400

2025-11-22 11:11:41 - 1: CLIENT -> SERVER:                             Check-in Date: 2026-01-24

2025-11-22 11:11:41 - 1: CLIENT -> SERVER:                             Status: PENDING

2025-11-22 11:11:41 - 1: CLIENT -> SERVER:                         

2025-11-22 11:11:41 - 1: CLIENT -> SERVER:                         

2025-11-22 11:11:41 - 1: CLIENT -> SERVER:                         Please contact us at heartofdocean2005@yahoo.com if you have any questions.

2025-11-22 11:11:41 - 1: CLIENT -> SERVER:                         

2025-11-22 11:11:41 - 1: CLIENT -> SERVER:                         

2025-11-22 11:11:41 - 1: CLIENT -> SERVER:                         Best regards,The Heart Of D Ocean Team

2025-11-22 11:11:41 - 1: CLIENT -> SERVER:                     

2025-11-22 11:11:41 - 1: CLIENT -> SERVER:                     

2025-11-22 11:11:41 - 1: CLIENT -> SERVER:                     

2025-11-22 11:11:41 - 1: CLIENT -> SERVER: 

2025-11-22 11:11:41 - 1: CLIENT -> SERVER: --b1=_YAkAJJ0V2zWTiLe2g1KYKJibMJO9Tl4GT7L9qZUqc

2025-11-22 11:11:41 - 1: CLIENT -> SERVER: Content-Type: text/html; charset=iso-8859-1

2025-11-22 11:11:41 - 1: CLIENT -> SERVER: Content-Transfer-Encoding: 8bit

2025-11-22 11:11:41 - 1: CLIENT -> SERVER: 

2025-11-22 11:11:41 - 1: CLIENT -> SERVER: 

2025-11-22 11:11:41 - 1: CLIENT -> SERVER:                     <html>

2025-11-22 11:11:41 - 1: CLIENT -> SERVER:                     <body style='font-family: Arial, sans-serif; line-height: 1.6;'>

2025-11-22 11:11:41 - 1: CLIENT -> SERVER:                         <h2>Booking Status Update</h2>

2025-11-22 11:11:41 - 1: CLIENT -> SERVER:                         <p>Dear marjan,</p>

2025-11-22 11:11:41 - 1: CLIENT -> SERVER:                         <p>Your booking status has been updated to: <strong>PENDING</strong></p>

2025-11-22 11:11:41 - 1: CLIENT -> SERVER:                         

2025-11-22 11:11:41 - 1: CLIENT -> SERVER:                         <div style='background: #f8f9fa; padding: 20px; border-radius: 10px; margin: 20px 0;'>

2025-11-22 11:11:41 - 1: CLIENT -> SERVER:                             <h3>Booking Details:</h3>

2025-11-22 11:11:41 - 1: CLIENT -> SERVER:                             <p><strong>Booking ID:</strong> RESORT1763745146343</p>

2025-11-22 11:11:41 - 1: CLIENT -> SERVER:                             <p><strong>Cottage:</strong> Seaside (Half) — ₱3,400</p>

2025-11-22 11:11:41 - 1: CLIENT -> SERVER:                             <p><strong>Check-in Date:</strong> 2026-01-24</p>

2025-11-22 11:11:41 - 1: CLIENT -> SERVER:                             <p><strong>Status:</strong> PENDING</p>

2025-11-22 11:11:41 - 1: CLIENT -> SERVER:                         </div>

2025-11-22 11:11:41 - 1: CLIENT -> SERVER:                         

2025-11-22 11:11:41 - 1: CLIENT -> SERVER:                         <p>Please contact us at heartofdocean2005@yahoo.com if you have any questions.</p>

2025-11-22 11:11:41 - 1: CLIENT -> SERVER:                         

2025-11-22 11:11:41 - 1: CLIENT -> SERVER:                         <br>

2025-11-22 11:11:41 - 1: CLIENT -> SERVER:                         <p>Best regards,<br>The Heart Of D Ocean Team</p>

2025-11-22 11:11:41 - 1: CLIENT -> SERVER:                     </body>

2025-11-22 11:11:42 - 1: CLIENT -> SERVER:                     </html>

2025-11-22 11:11:42 - 1: CLIENT -> SERVER:                     

2025-11-22 11:11:42 - 1: CLIENT -> SERVER: 

2025-11-22 11:11:42 - 1: CLIENT -> SERVER: 

2025-11-22 11:11:42 - 1: CLIENT -> SERVER: --b1=_YAkAJJ0V2zWTiLe2g1KYKJibMJO9Tl4GT7L9qZUqc--

2025-11-22 11:11:42 - 1: CLIENT -> SERVER: 

2025-11-22 11:11:42 - 1: CLIENT -> SERVER: .

2025-11-22 11:11:42 - 4: SMTP INBOUND: "250 2.0.0 OK  1763806301 41be03b00d2f7-bd760ac633dsm7945301a12.27 - gsmtp"
2025-11-22 11:11:42 - 2: SERVER -> CLIENT: 250 2.0.0 OK  1763806301 41be03b00d2f7-bd760ac633dsm7945301a12.27 - gsmtp

2025-11-22 11:11:42 - 1: CLIENT -> SERVER: QUIT

2025-11-22 11:11:42 - 4: SMTP INBOUND: "221 2.0.0 closing connection 41be03b00d2f7-bd760ac633dsm7945301a12.27 - gsmtp"
2025-11-22 11:11:42 - 2: SERVER -> CLIENT: 221 2.0.0 closing connection 41be03b00d2f7-bd760ac633dsm7945301a12.27 - gsmtp

2025-11-22 11:11:42 - 3: Connection: closed
2025-11-22 11:11:46 - 3: Connection: opening to smtp.gmail.com:587, timeout=300, options=array()
2025-11-22 11:11:46 - 3: Connection: opened
2025-11-22 11:11:46 - 4: SMTP INBOUND: "220 smtp.gmail.com ESMTP d9443c01a7336-29b5b27509dsm80148965ad.78 - gsmtp"
2025-11-22 11:11:46 - 2: SERVER -> CLIENT: 220 smtp.gmail.com ESMTP d9443c01a7336-29b5b27509dsm80148965ad.78 - gsmtp

2025-11-22 11:11:46 - 1: CLIENT -> SERVER: EHLO localhost

2025-11-22 11:11:47 - 4: SMTP INBOUND: "250-smtp.gmail.com at your service, [158.62.4.229]"
2025-11-22 11:11:47 - 4: SMTP INBOUND: "250-SIZE 35882577"
2025-11-22 11:11:47 - 4: SMTP INBOUND: "250-8BITMIME"
2025-11-22 11:11:47 - 4: SMTP INBOUND: "250-STARTTLS"
2025-11-22 11:11:47 - 4: SMTP INBOUND: "250-ENHANCEDSTATUSCODES"
2025-11-22 11:11:47 - 4: SMTP INBOUND: "250-PIPELINING"
2025-11-22 11:11:47 - 4: SMTP INBOUND: "250-CHUNKING"
2025-11-22 11:11:47 - 4: SMTP INBOUND: "250 SMTPUTF8"
2025-11-22 11:11:47 - 2: SERVER -> CLIENT: 250-smtp.gmail.com at your service, [158.62.4.229]
250-SIZE 35882577
250-8BITMIME
250-STARTTLS
250-ENHANCEDSTATUSCODES
250-PIPELINING
250-CHUNKING
250 SMTPUTF8

2025-11-22 11:11:47 - 1: CLIENT -> SERVER: STARTTLS

2025-11-22 11:11:47 - 4: SMTP INBOUND: "220 2.0.0 Ready to start TLS"
2025-11-22 11:11:47 - 2: SERVER -> CLIENT: 220 2.0.0 Ready to start TLS

2025-11-22 11:11:47 - 1: CLIENT -> SERVER: EHLO localhost

2025-11-22 11:11:47 - 4: SMTP INBOUND: "250-smtp.gmail.com at your service, [158.62.4.229]"
2025-11-22 11:11:47 - 4: SMTP INBOUND: "250-SIZE 35882577"
2025-11-22 11:11:47 - 4: SMTP INBOUND: "250-8BITMIME"
2025-11-22 11:11:47 - 4: SMTP INBOUND: "250-AUTH LOGIN PLAIN XOAUTH2 PLAIN-CLIENTTOKEN OAUTHBEARER XOAUTH"
2025-11-22 11:11:47 - 4: SMTP INBOUND: "250-ENHANCEDSTATUSCODES"
2025-11-22 11:11:47 - 4: SMTP INBOUND: "250-PIPELINING"
2025-11-22 11:11:47 - 4: SMTP INBOUND: "250-CHUNKING"
2025-11-22 11:11:47 - 4: SMTP INBOUND: "250 SMTPUTF8"
2025-11-22 11:11:47 - 2: SERVER -> CLIENT: 250-smtp.gmail.com at your service, [158.62.4.229]
250-SIZE 35882577
250-8BITMIME
250-AUTH LOGIN PLAIN XOAUTH2 PLAIN-CLIENTTOKEN OAUTHBEARER XOAUTH
250-ENHANCEDSTATUSCODES
250-PIPELINING
250-CHUNKING
250 SMTPUTF8

2025-11-22 11:11:47 - 4: Auth method requested: UNSPECIFIED
2025-11-22 11:11:47 - 4: Auth methods available on the server: LOGIN,PLAIN,XOAUTH2,PLAIN-CLIENTTOKEN,OAUTHBEARER,XOAUTH
2025-11-22 11:11:47 - 4: Requested auth method not available: 
2025-11-22 11:11:47 - 4: Auth method selected: LOGIN
2025-11-22 11:11:47 - 1: CLIENT -> SERVER: AUTH LOGIN

2025-11-22 11:11:47 - 4: SMTP INBOUND: "334 VXNlcm5hbWU6"
2025-11-22 11:11:47 - 2: SERVER -> CLIENT: 334 VXNlcm5hbWU6

2025-11-22 11:11:47 - 1: CLIENT -> SERVER: bWNwZWJyaW5laHFAZ21haWwuY29t

2025-11-22 11:11:48 - 4: SMTP INBOUND: "334 UGFzc3dvcmQ6"
2025-11-22 11:11:48 - 2: SERVER -> CLIENT: 334 UGFzc3dvcmQ6

2025-11-22 11:11:48 - 1: CLIENT -> SERVER: ZHRkeHh4aGNtYXVvIGVlYnQ=

2025-11-22 11:11:48 - 4: SMTP INBOUND: "235 2.7.0 Accepted"
2025-11-22 11:11:48 - 2: SERVER -> CLIENT: 235 2.7.0 Accepted

2025-11-22 11:11:48 - 1: CLIENT -> SERVER: MAIL FROM:<mcpebrinehq@gmail.com>

2025-11-22 11:11:48 - 4: SMTP INBOUND: "250 2.1.0 OK d9443c01a7336-29b5b27509dsm80148965ad.78 - gsmtp"
2025-11-22 11:11:48 - 2: SERVER -> CLIENT: 250 2.1.0 OK d9443c01a7336-29b5b27509dsm80148965ad.78 - gsmtp

2025-11-22 11:11:48 - 1: CLIENT -> SERVER: RCPT TO:<mcpebrinehq@gmail.com>

2025-11-22 11:11:48 - 4: SMTP INBOUND: "250 2.1.5 OK d9443c01a7336-29b5b27509dsm80148965ad.78 - gsmtp"
2025-11-22 11:11:48 - 2: SERVER -> CLIENT: 250 2.1.5 OK d9443c01a7336-29b5b27509dsm80148965ad.78 - gsmtp

2025-11-22 11:11:48 - 1: CLIENT -> SERVER: DATA

2025-11-22 11:11:49 - 4: SMTP INBOUND: "354 Go ahead d9443c01a7336-29b5b27509dsm80148965ad.78 - gsmtp"
2025-11-22 11:11:49 - 2: SERVER -> CLIENT: 354 Go ahead d9443c01a7336-29b5b27509dsm80148965ad.78 - gsmtp

2025-11-22 11:11:49 - 1: CLIENT -> SERVER: Date: Sat, 22 Nov 2025 11:11:46 +0100

2025-11-22 11:11:49 - 1: CLIENT -> SERVER: To: mcpebrinehq@gmail.com

2025-11-22 11:11:49 - 1: CLIENT -> SERVER: From: Heart Of D Ocean Resort <mcpebrinehq@gmail.com>

2025-11-22 11:11:49 - 1: CLIENT -> SERVER: Reply-To: Heart Of D Ocean Resort <heartofdocean2005@yahoo.com>

2025-11-22 11:11:49 - 1: CLIENT -> SERVER: Subject: Booking Update - Heart Of D Ocean Beach Resort

2025-11-22 11:11:49 - 1: CLIENT -> SERVER: Message-ID: <41Q7LaE0VpK8w9ENj8LmaMEzDjGCcqbzhxRN1vf9w@localhost>

2025-11-22 11:11:49 - 1: CLIENT -> SERVER: X-Mailer: PHPMailer 7.0.0 (https://github.com/PHPMailer/PHPMailer)

2025-11-22 11:11:49 - 1: CLIENT -> SERVER: MIME-Version: 1.0

2025-11-22 11:11:49 - 1: CLIENT -> SERVER: Content-Type: multipart/alternative;

2025-11-22 11:11:49 - 1: CLIENT -> SERVER:  boundary="b1=_41Q7LaE0VpK8w9ENj8LmaMEzDjGCcqbzhxRN1vf9w"

2025-11-22 11:11:49 - 1: CLIENT -> SERVER: Content-Transfer-Encoding: 8bit

2025-11-22 11:11:49 - 1: CLIENT -> SERVER: 

2025-11-22 11:11:49 - 1: CLIENT -> SERVER: --b1=_41Q7LaE0VpK8w9ENj8LmaMEzDjGCcqbzhxRN1vf9w

2025-11-22 11:11:49 - 1: CLIENT -> SERVER: Content-Type: text/plain; charset=iso-8859-1

2025-11-22 11:11:49 - 1: CLIENT -> SERVER: Content-Transfer-Encoding: 8bit

2025-11-22 11:11:49 - 1: CLIENT -> SERVER: 

2025-11-22 11:11:49 - 1: CLIENT -> SERVER: 

2025-11-22 11:11:49 - 1: CLIENT -> SERVER:                     

2025-11-22 11:11:49 - 1: CLIENT -> SERVER:                     

2025-11-22 11:11:49 - 1: CLIENT -> SERVER:                         Booking Status Update

2025-11-22 11:11:49 - 1: CLIENT -> SERVER:                         Dear marjan,

2025-11-22 11:11:49 - 1: CLIENT -> SERVER:                         Your booking status has been updated to: PENDING

2025-11-22 11:11:49 - 1: CLIENT -> SERVER:                         

2025-11-22 11:11:49 - 1: CLIENT -> SERVER:                         

2025-11-22 11:11:49 - 1: CLIENT -> SERVER:                             Booking Details:

2025-11-22 11:11:49 - 1: CLIENT -> SERVER:                             Booking ID: RESORT1763742333153

2025-11-22 11:11:49 - 1: CLIENT -> SERVER:                             Cottage: Seaside (Half) — ₱3,400

2025-11-22 11:11:49 - 1: CLIENT -> SERVER:                             Check-in Date: 2026-01-23

2025-11-22 11:11:49 - 1: CLIENT -> SERVER:                             Status: PENDING

2025-11-22 11:11:49 - 1: CLIENT -> SERVER:                         

2025-11-22 11:11:49 - 1: CLIENT -> SERVER:                         

2025-11-22 11:11:49 - 1: CLIENT -> SERVER:                         Please contact us at heartofdocean2005@yahoo.com if you have any questions.

2025-11-22 11:11:49 - 1: CLIENT -> SERVER:                         

2025-11-22 11:11:49 - 1: CLIENT -> SERVER:                         

2025-11-22 11:11:49 - 1: CLIENT -> SERVER:                         Best regards,The Heart Of D Ocean Team

2025-11-22 11:11:49 - 1: CLIENT -> SERVER:                     

2025-11-22 11:11:49 - 1: CLIENT -> SERVER:                     

2025-11-22 11:11:49 - 1: CLIENT -> SERVER:                     

2025-11-22 11:11:49 - 1: CLIENT -> SERVER: 

2025-11-22 11:11:49 - 1: CLIENT -> SERVER: --b1=_41Q7LaE0VpK8w9ENj8LmaMEzDjGCcqbzhxRN1vf9w

2025-11-22 11:11:49 - 1: CLIENT -> SERVER: Content-Type: text/html; charset=iso-8859-1

2025-11-22 11:11:49 - 1: CLIENT -> SERVER: Content-Transfer-Encoding: 8bit

2025-11-22 11:11:49 - 1: CLIENT -> SERVER: 

2025-11-22 11:11:49 - 1: CLIENT -> SERVER: 

2025-11-22 11:11:49 - 1: CLIENT -> SERVER:                     <html>

2025-11-22 11:11:49 - 1: CLIENT -> SERVER:                     <body style='font-family: Arial, sans-serif; line-height: 1.6;'>

2025-11-22 11:11:49 - 1: CLIENT -> SERVER:                         <h2>Booking Status Update</h2>

2025-11-22 11:11:49 - 1: CLIENT -> SERVER:                         <p>Dear marjan,</p>

2025-11-22 11:11:49 - 1: CLIENT -> SERVER:                         <p>Your booking status has been updated to: <strong>PENDING</strong></p>

2025-11-22 11:11:49 - 1: CLIENT -> SERVER:                         

2025-11-22 11:11:49 - 1: CLIENT -> SERVER:                         <div style='background: #f8f9fa; padding: 20px; border-radius: 10px; margin: 20px 0;'>

2025-11-22 11:11:49 - 1: CLIENT -> SERVER:                             <h3>Booking Details:</h3>

2025-11-22 11:11:49 - 1: CLIENT -> SERVER:                             <p><strong>Booking ID:</strong> RESORT1763742333153</p>

2025-11-22 11:11:49 - 1: CLIENT -> SERVER:                             <p><strong>Cottage:</strong> Seaside (Half) — ₱3,400</p>

2025-11-22 11:11:49 - 1: CLIENT -> SERVER:                             <p><strong>Check-in Date:</strong> 2026-01-23</p>

2025-11-22 11:11:49 - 1: CLIENT -> SERVER:                             <p><strong>Status:</strong> PENDING</p>

2025-11-22 11:11:49 - 1: CLIENT -> SERVER:                         </div>

2025-11-22 11:11:49 - 1: CLIENT -> SERVER:                         

2025-11-22 11:11:49 - 1: CLIENT -> SERVER:                         <p>Please contact us at heartofdocean2005@yahoo.com if you have any questions.</p>

2025-11-22 11:11:49 - 1: CLIENT -> SERVER:                         

2025-11-22 11:11:49 - 1: CLIENT -> SERVER:                         <br>

2025-11-22 11:11:49 - 1: CLIENT -> SERVER:                         <p>Best regards,<br>The Heart Of D Ocean Team</p>

2025-11-22 11:11:49 - 1: CLIENT -> SERVER:                     </body>

2025-11-22 11:11:49 - 1: CLIENT -> SERVER:                     </html>

2025-11-22 11:11:49 - 1: CLIENT -> SERVER:                     

2025-11-22 11:11:49 - 1: CLIENT -> SERVER: 

2025-11-22 11:11:49 - 1: CLIENT -> SERVER: 

2025-11-22 11:11:49 - 1: CLIENT -> SERVER: --b1=_41Q7LaE0VpK8w9ENj8LmaMEzDjGCcqbzhxRN1vf9w--

2025-11-22 11:11:49 - 1: CLIENT -> SERVER: 

2025-11-22 11:11:49 - 1: CLIENT -> SERVER: .

2025-11-22 11:11:49 - 4: SMTP INBOUND: "250 2.0.0 OK  1763806308 d9443c01a7336-29b5b27509dsm80148965ad.78 - gsmtp"
2025-11-22 11:11:49 - 2: SERVER -> CLIENT: 250 2.0.0 OK  1763806308 d9443c01a7336-29b5b27509dsm80148965ad.78 - gsmtp

2025-11-22 11:11:49 - 1: CLIENT -> SERVER: QUIT

2025-11-22 11:11:50 - 4: SMTP INBOUND: "221 2.0.0 closing connection d9443c01a7336-29b5b27509dsm80148965ad.78 - gsmtp"
2025-11-22 11:11:50 - 2: SERVER -> CLIENT: 221 2.0.0 closing connection d9443c01a7336-29b5b27509dsm80148965ad.78 - gsmtp

2025-11-22 11:11:50 - 3: Connection: closed
2025-11-22 11:11:53 - 3: Connection: opening to smtp.gmail.com:587, timeout=300, options=array()
2025-11-22 11:11:53 - 3: Connection: opened
2025-11-22 11:11:53 - 4: SMTP INBOUND: "220 smtp.gmail.com ESMTP d2e1a72fcca58-7c3f174d2c0sm8611937b3a.66 - gsmtp"
2025-11-22 11:11:53 - 2: SERVER -> CLIENT: 220 smtp.gmail.com ESMTP d2e1a72fcca58-7c3f174d2c0sm8611937b3a.66 - gsmtp

2025-11-22 11:11:53 - 1: CLIENT -> SERVER: EHLO localhost

2025-11-22 11:11:53 - 4: SMTP INBOUND: "250-smtp.gmail.com at your service, [158.62.4.229]"
2025-11-22 11:11:53 - 4: SMTP INBOUND: "250-SIZE 35882577"
2025-11-22 11:11:53 - 4: SMTP INBOUND: "250-8BITMIME"
2025-11-22 11:11:53 - 4: SMTP INBOUND: "250-STARTTLS"
2025-11-22 11:11:53 - 4: SMTP INBOUND: "250-ENHANCEDSTATUSCODES"
2025-11-22 11:11:53 - 4: SMTP INBOUND: "250-PIPELINING"
2025-11-22 11:11:53 - 4: SMTP INBOUND: "250-CHUNKING"
2025-11-22 11:11:53 - 4: SMTP INBOUND: "250 SMTPUTF8"
2025-11-22 11:11:53 - 2: SERVER -> CLIENT: 250-smtp.gmail.com at your service, [158.62.4.229]
250-SIZE 35882577
250-8BITMIME
250-STARTTLS
250-ENHANCEDSTATUSCODES
250-PIPELINING
250-CHUNKING
250 SMTPUTF8

2025-11-22 11:11:53 - 1: CLIENT -> SERVER: STARTTLS

2025-11-22 11:11:53 - 4: SMTP INBOUND: "220 2.0.0 Ready to start TLS"
2025-11-22 11:11:53 - 2: SERVER -> CLIENT: 220 2.0.0 Ready to start TLS

2025-11-22 11:11:53 - 1: CLIENT -> SERVER: EHLO localhost

2025-11-22 11:11:54 - 4: SMTP INBOUND: "250-smtp.gmail.com at your service, [158.62.4.229]"
2025-11-22 11:11:54 - 4: SMTP INBOUND: "250-SIZE 35882577"
2025-11-22 11:11:54 - 4: SMTP INBOUND: "250-8BITMIME"
2025-11-22 11:11:54 - 4: SMTP INBOUND: "250-AUTH LOGIN PLAIN XOAUTH2 PLAIN-CLIENTTOKEN OAUTHBEARER XOAUTH"
2025-11-22 11:11:54 - 4: SMTP INBOUND: "250-ENHANCEDSTATUSCODES"
2025-11-22 11:11:54 - 4: SMTP INBOUND: "250-PIPELINING"
2025-11-22 11:11:54 - 4: SMTP INBOUND: "250-CHUNKING"
2025-11-22 11:11:54 - 4: SMTP INBOUND: "250 SMTPUTF8"
2025-11-22 11:11:54 - 2: SERVER -> CLIENT: 250-smtp.gmail.com at your service, [158.62.4.229]
250-SIZE 35882577
250-8BITMIME
250-AUTH LOGIN PLAIN XOAUTH2 PLAIN-CLIENTTOKEN OAUTHBEARER XOAUTH
250-ENHANCEDSTATUSCODES
250-PIPELINING
250-CHUNKING
250 SMTPUTF8

2025-11-22 11:11:54 - 4: Auth method requested: UNSPECIFIED
2025-11-22 11:11:54 - 4: Auth methods available on the server: LOGIN,PLAIN,XOAUTH2,PLAIN-CLIENTTOKEN,OAUTHBEARER,XOAUTH
2025-11-22 11:11:54 - 4: Requested auth method not available: 
2025-11-22 11:11:54 - 4: Auth method selected: LOGIN
2025-11-22 11:11:54 - 1: CLIENT -> SERVER: AUTH LOGIN

2025-11-22 11:11:54 - 4: SMTP INBOUND: "334 VXNlcm5hbWU6"
2025-11-22 11:11:54 - 2: SERVER -> CLIENT: 334 VXNlcm5hbWU6

2025-11-22 11:11:54 - 1: CLIENT -> SERVER: bWNwZWJyaW5laHFAZ21haWwuY29t

2025-11-22 11:11:54 - 4: SMTP INBOUND: "334 UGFzc3dvcmQ6"
2025-11-22 11:11:54 - 2: SERVER -> CLIENT: 334 UGFzc3dvcmQ6

2025-11-22 11:11:54 - 1: CLIENT -> SERVER: ZHRkeHh4aGNtYXVvIGVlYnQ=

2025-11-22 11:11:54 - 4: SMTP INBOUND: "235 2.7.0 Accepted"
2025-11-22 11:11:54 - 2: SERVER -> CLIENT: 235 2.7.0 Accepted

2025-11-22 11:11:54 - 1: CLIENT -> SERVER: MAIL FROM:<mcpebrinehq@gmail.com>

2025-11-22 11:11:55 - 4: SMTP INBOUND: "250 2.1.0 OK d2e1a72fcca58-7c3f174d2c0sm8611937b3a.66 - gsmtp"
2025-11-22 11:11:55 - 2: SERVER -> CLIENT: 250 2.1.0 OK d2e1a72fcca58-7c3f174d2c0sm8611937b3a.66 - gsmtp

2025-11-22 11:11:55 - 1: CLIENT -> SERVER: RCPT TO:<marjhonmatalog@yahoo.com>

2025-11-22 11:11:55 - 4: SMTP INBOUND: "250 2.1.5 OK d2e1a72fcca58-7c3f174d2c0sm8611937b3a.66 - gsmtp"
2025-11-22 11:11:55 - 2: SERVER -> CLIENT: 250 2.1.5 OK d2e1a72fcca58-7c3f174d2c0sm8611937b3a.66 - gsmtp

2025-11-22 11:11:55 - 1: CLIENT -> SERVER: DATA

2025-11-22 11:11:55 - 4: SMTP INBOUND: "354 Go ahead d2e1a72fcca58-7c3f174d2c0sm8611937b3a.66 - gsmtp"
2025-11-22 11:11:55 - 2: SERVER -> CLIENT: 354 Go ahead d2e1a72fcca58-7c3f174d2c0sm8611937b3a.66 - gsmtp

2025-11-22 11:11:55 - 1: CLIENT -> SERVER: Date: Sat, 22 Nov 2025 11:11:53 +0100

2025-11-22 11:11:55 - 1: CLIENT -> SERVER: To: marjhonmatalog@yahoo.com

2025-11-22 11:11:55 - 1: CLIENT -> SERVER: From: Heart Of D Ocean Resort <mcpebrinehq@gmail.com>

2025-11-22 11:11:55 - 1: CLIENT -> SERVER: Reply-To: Heart Of D Ocean Resort <heartofdocean2005@yahoo.com>

2025-11-22 11:11:55 - 1: CLIENT -> SERVER: Subject: Booking Update - Heart Of D Ocean Beach Resort

2025-11-22 11:11:55 - 1: CLIENT -> SERVER: Message-ID: <GMKxn7dPt0FqyeBtCIdTVMcuxhM2d3t7x1wOvptKSK8@localhost>

2025-11-22 11:11:55 - 1: CLIENT -> SERVER: X-Mailer: PHPMailer 7.0.0 (https://github.com/PHPMailer/PHPMailer)

2025-11-22 11:11:55 - 1: CLIENT -> SERVER: MIME-Version: 1.0

2025-11-22 11:11:55 - 1: CLIENT -> SERVER: Content-Type: multipart/alternative;

2025-11-22 11:11:55 - 1: CLIENT -> SERVER:  boundary="b1=_GMKxn7dPt0FqyeBtCIdTVMcuxhM2d3t7x1wOvptKSK8"

2025-11-22 11:11:55 - 1: CLIENT -> SERVER: Content-Transfer-Encoding: 8bit

2025-11-22 11:11:55 - 1: CLIENT -> SERVER: 

2025-11-22 11:11:55 - 1: CLIENT -> SERVER: --b1=_GMKxn7dPt0FqyeBtCIdTVMcuxhM2d3t7x1wOvptKSK8

2025-11-22 11:11:55 - 1: CLIENT -> SERVER: Content-Type: text/plain; charset=iso-8859-1

2025-11-22 11:11:55 - 1: CLIENT -> SERVER: Content-Transfer-Encoding: 8bit

2025-11-22 11:11:55 - 1: CLIENT -> SERVER: 

2025-11-22 11:11:55 - 1: CLIENT -> SERVER: 

2025-11-22 11:11:55 - 1: CLIENT -> SERVER:                     

2025-11-22 11:11:55 - 1: CLIENT -> SERVER:                     

2025-11-22 11:11:55 - 1: CLIENT -> SERVER:                         Booking Status Update

2025-11-22 11:11:55 - 1: CLIENT -> SERVER:                         Dear MAHIYAIN AKO123,

2025-11-22 11:11:55 - 1: CLIENT -> SERVER:                         Your booking status has been updated to: PENDING

2025-11-22 11:11:55 - 1: CLIENT -> SERVER:                         

2025-11-22 11:11:55 - 1: CLIENT -> SERVER:                         

2025-11-22 11:11:55 - 1: CLIENT -> SERVER:                             Booking Details:

2025-11-22 11:11:55 - 1: CLIENT -> SERVER:                             Booking ID: RESORT1763739665481

2025-11-22 11:11:55 - 1: CLIENT -> SERVER:                             Cottage: Seaside (Half) — ₱3,400

2025-11-22 11:11:55 - 1: CLIENT -> SERVER:                             Check-in Date: 2026-01-23

2025-11-22 11:11:55 - 1: CLIENT -> SERVER:                             Status: PENDING

2025-11-22 11:11:55 - 1: CLIENT -> SERVER:                         

2025-11-22 11:11:55 - 1: CLIENT -> SERVER:                         

2025-11-22 11:11:55 - 1: CLIENT -> SERVER:                         Please contact us at heartofdocean2005@yahoo.com if you have any questions.

2025-11-22 11:11:55 - 1: CLIENT -> SERVER:                         

2025-11-22 11:11:55 - 1: CLIENT -> SERVER:                         

2025-11-22 11:11:55 - 1: CLIENT -> SERVER:                         Best regards,The Heart Of D Ocean Team

2025-11-22 11:11:55 - 1: CLIENT -> SERVER:                     

2025-11-22 11:11:55 - 1: CLIENT -> SERVER:                     

2025-11-22 11:11:55 - 1: CLIENT -> SERVER:                     

2025-11-22 11:11:55 - 1: CLIENT -> SERVER: 

2025-11-22 11:11:55 - 1: CLIENT -> SERVER: --b1=_GMKxn7dPt0FqyeBtCIdTVMcuxhM2d3t7x1wOvptKSK8

2025-11-22 11:11:55 - 1: CLIENT -> SERVER: Content-Type: text/html; charset=iso-8859-1

2025-11-22 11:11:55 - 1: CLIENT -> SERVER: Content-Transfer-Encoding: 8bit

2025-11-22 11:11:55 - 1: CLIENT -> SERVER: 

2025-11-22 11:11:55 - 1: CLIENT -> SERVER: 

2025-11-22 11:11:55 - 1: CLIENT -> SERVER:                     <html>

2025-11-22 11:11:55 - 1: CLIENT -> SERVER:                     <body style='font-family: Arial, sans-serif; line-height: 1.6;'>

2025-11-22 11:11:55 - 1: CLIENT -> SERVER:                         <h2>Booking Status Update</h2>

2025-11-22 11:11:55 - 1: CLIENT -> SERVER:                         <p>Dear MAHIYAIN AKO123,</p>

2025-11-22 11:11:55 - 1: CLIENT -> SERVER:                         <p>Your booking status has been updated to: <strong>PENDING</strong></p>

2025-11-22 11:11:55 - 1: CLIENT -> SERVER:                         

2025-11-22 11:11:55 - 1: CLIENT -> SERVER:                         <div style='background: #f8f9fa; padding: 20px; border-radius: 10px; margin: 20px 0;'>

2025-11-22 11:11:55 - 1: CLIENT -> SERVER:                             <h3>Booking Details:</h3>

2025-11-22 11:11:55 - 1: CLIENT -> SERVER:                             <p><strong>Booking ID:</strong> RESORT1763739665481</p>

2025-11-22 11:11:55 - 1: CLIENT -> SERVER:                             <p><strong>Cottage:</strong> Seaside (Half) — ₱3,400</p>

2025-11-22 11:11:55 - 1: CLIENT -> SERVER:                             <p><strong>Check-in Date:</strong> 2026-01-23</p>

2025-11-22 11:11:55 - 1: CLIENT -> SERVER:                             <p><strong>Status:</strong> PENDING</p>

2025-11-22 11:11:55 - 1: CLIENT -> SERVER:                         </div>

2025-11-22 11:11:55 - 1: CLIENT -> SERVER:                         

2025-11-22 11:11:55 - 1: CLIENT -> SERVER:                         <p>Please contact us at heartofdocean2005@yahoo.com if you have any questions.</p>

2025-11-22 11:11:55 - 1: CLIENT -> SERVER:                         

2025-11-22 11:11:55 - 1: CLIENT -> SERVER:                         <br>

2025-11-22 11:11:55 - 1: CLIENT -> SERVER:                         <p>Best regards,<br>The Heart Of D Ocean Team</p>

2025-11-22 11:11:55 - 1: CLIENT -> SERVER:                     </body>

2025-11-22 11:11:55 - 1: CLIENT -> SERVER:                     </html>

2025-11-22 11:11:55 - 1: CLIENT -> SERVER:                     

2025-11-22 11:11:55 - 1: CLIENT -> SERVER: 

2025-11-22 11:11:55 - 1: CLIENT -> SERVER: 

2025-11-22 11:11:55 - 1: CLIENT -> SERVER: --b1=_GMKxn7dPt0FqyeBtCIdTVMcuxhM2d3t7x1wOvptKSK8--

2025-11-22 11:11:55 - 1: CLIENT -> SERVER: 

2025-11-22 11:11:55 - 1: CLIENT -> SERVER: .

2025-11-22 11:11:56 - 4: SMTP INBOUND: "250 2.0.0 OK  1763806315 d2e1a72fcca58-7c3f174d2c0sm8611937b3a.66 - gsmtp"
2025-11-22 11:11:56 - 2: SERVER -> CLIENT: 250 2.0.0 OK  1763806315 d2e1a72fcca58-7c3f174d2c0sm8611937b3a.66 - gsmtp

2025-11-22 11:11:56 - 1: CLIENT -> SERVER: QUIT

2025-11-22 11:11:56 - 4: SMTP INBOUND: "221 2.0.0 closing connection d2e1a72fcca58-7c3f174d2c0sm8611937b3a.66 - gsmtp"
2025-11-22 11:11:56 - 2: SERVER -> CLIENT: 221 2.0.0 closing connection d2e1a72fcca58-7c3f174d2c0sm8611937b3a.66 - gsmtp

2025-11-22 11:11:56 - 3: Connection: closed
2025-11-22 11:11:59 - 3: Connection: opening to smtp.gmail.com:587, timeout=300, options=array()
2025-11-22 11:11:59 - 3: Connection: opened
2025-11-22 11:12:00 - 4: SMTP INBOUND: "220 smtp.gmail.com ESMTP 98e67ed59e1d1-3472692ee4csm7857888a91.12 - gsmtp"
2025-11-22 11:12:00 - 2: SERVER -> CLIENT: 220 smtp.gmail.com ESMTP 98e67ed59e1d1-3472692ee4csm7857888a91.12 - gsmtp

2025-11-22 11:12:00 - 1: CLIENT -> SERVER: EHLO localhost

2025-11-22 11:12:00 - 4: SMTP INBOUND: "250-smtp.gmail.com at your service, [158.62.4.229]"
2025-11-22 11:12:00 - 4: SMTP INBOUND: "250-SIZE 35882577"
2025-11-22 11:12:00 - 4: SMTP INBOUND: "250-8BITMIME"
2025-11-22 11:12:00 - 4: SMTP INBOUND: "250-STARTTLS"
2025-11-22 11:12:00 - 4: SMTP INBOUND: "250-ENHANCEDSTATUSCODES"
2025-11-22 11:12:00 - 4: SMTP INBOUND: "250-PIPELINING"
2025-11-22 11:12:00 - 4: SMTP INBOUND: "250-CHUNKING"
2025-11-22 11:12:00 - 4: SMTP INBOUND: "250 SMTPUTF8"
2025-11-22 11:12:00 - 2: SERVER -> CLIENT: 250-smtp.gmail.com at your service, [158.62.4.229]
250-SIZE 35882577
250-8BITMIME
250-STARTTLS
250-ENHANCEDSTATUSCODES
250-PIPELINING
250-CHUNKING
250 SMTPUTF8

2025-11-22 11:12:00 - 1: CLIENT -> SERVER: STARTTLS

2025-11-22 11:12:00 - 4: SMTP INBOUND: "220 2.0.0 Ready to start TLS"
2025-11-22 11:12:00 - 2: SERVER -> CLIENT: 220 2.0.0 Ready to start TLS

2025-11-22 11:12:00 - 1: CLIENT -> SERVER: EHLO localhost

2025-11-22 11:12:00 - 4: SMTP INBOUND: "250-smtp.gmail.com at your service, [158.62.4.229]"
2025-11-22 11:12:00 - 4: SMTP INBOUND: "250-SIZE 35882577"
2025-11-22 11:12:00 - 4: SMTP INBOUND: "250-8BITMIME"
2025-11-22 11:12:00 - 4: SMTP INBOUND: "250-AUTH LOGIN PLAIN XOAUTH2 PLAIN-CLIENTTOKEN OAUTHBEARER XOAUTH"
2025-11-22 11:12:00 - 4: SMTP INBOUND: "250-ENHANCEDSTATUSCODES"
2025-11-22 11:12:00 - 4: SMTP INBOUND: "250-PIPELINING"
2025-11-22 11:12:00 - 4: SMTP INBOUND: "250-CHUNKING"
2025-11-22 11:12:00 - 4: SMTP INBOUND: "250 SMTPUTF8"
2025-11-22 11:12:00 - 2: SERVER -> CLIENT: 250-smtp.gmail.com at your service, [158.62.4.229]
250-SIZE 35882577
250-8BITMIME
250-AUTH LOGIN PLAIN XOAUTH2 PLAIN-CLIENTTOKEN OAUTHBEARER XOAUTH
250-ENHANCEDSTATUSCODES
250-PIPELINING
250-CHUNKING
250 SMTPUTF8

2025-11-22 11:12:00 - 4: Auth method requested: UNSPECIFIED
2025-11-22 11:12:00 - 4: Auth methods available on the server: LOGIN,PLAIN,XOAUTH2,PLAIN-CLIENTTOKEN,OAUTHBEARER,XOAUTH
2025-11-22 11:12:00 - 4: Requested auth method not available: 
2025-11-22 11:12:00 - 4: Auth method selected: LOGIN
2025-11-22 11:12:00 - 1: CLIENT -> SERVER: AUTH LOGIN

2025-11-22 11:12:01 - 4: SMTP INBOUND: "334 VXNlcm5hbWU6"
2025-11-22 11:12:01 - 2: SERVER -> CLIENT: 334 VXNlcm5hbWU6

2025-11-22 11:12:01 - 1: CLIENT -> SERVER: bWNwZWJyaW5laHFAZ21haWwuY29t

2025-11-22 11:12:01 - 4: SMTP INBOUND: "334 UGFzc3dvcmQ6"
2025-11-22 11:12:01 - 2: SERVER -> CLIENT: 334 UGFzc3dvcmQ6

2025-11-22 11:12:01 - 1: CLIENT -> SERVER: ZHRkeHh4aGNtYXVvIGVlYnQ=

2025-11-22 11:12:01 - 4: SMTP INBOUND: "235 2.7.0 Accepted"
2025-11-22 11:12:01 - 2: SERVER -> CLIENT: 235 2.7.0 Accepted

2025-11-22 11:12:01 - 1: CLIENT -> SERVER: MAIL FROM:<mcpebrinehq@gmail.com>

2025-11-22 11:12:01 - 4: SMTP INBOUND: "250 2.1.0 OK 98e67ed59e1d1-3472692ee4csm7857888a91.12 - gsmtp"
2025-11-22 11:12:01 - 2: SERVER -> CLIENT: 250 2.1.0 OK 98e67ed59e1d1-3472692ee4csm7857888a91.12 - gsmtp

2025-11-22 11:12:01 - 1: CLIENT -> SERVER: RCPT TO:<marjhonmatalog@gmail.com>

2025-11-22 11:12:01 - 4: SMTP INBOUND: "250 2.1.5 OK 98e67ed59e1d1-3472692ee4csm7857888a91.12 - gsmtp"
2025-11-22 11:12:01 - 2: SERVER -> CLIENT: 250 2.1.5 OK 98e67ed59e1d1-3472692ee4csm7857888a91.12 - gsmtp

2025-11-22 11:12:01 - 1: CLIENT -> SERVER: DATA

2025-11-22 11:12:02 - 4: SMTP INBOUND: "354 Go ahead 98e67ed59e1d1-3472692ee4csm7857888a91.12 - gsmtp"
2025-11-22 11:12:02 - 2: SERVER -> CLIENT: 354 Go ahead 98e67ed59e1d1-3472692ee4csm7857888a91.12 - gsmtp

2025-11-22 11:12:02 - 1: CLIENT -> SERVER: Date: Sat, 22 Nov 2025 11:11:59 +0100

2025-11-22 11:12:02 - 1: CLIENT -> SERVER: To: marjhonmatalog@gmail.com

2025-11-22 11:12:02 - 1: CLIENT -> SERVER: From: Heart Of D Ocean Resort <mcpebrinehq@gmail.com>

2025-11-22 11:12:02 - 1: CLIENT -> SERVER: Reply-To: Heart Of D Ocean Resort <heartofdocean2005@yahoo.com>

2025-11-22 11:12:02 - 1: CLIENT -> SERVER: Subject: Booking Update - Heart Of D Ocean Beach Resort

2025-11-22 11:12:02 - 1: CLIENT -> SERVER: Message-ID: <P4DYhkRiylFsPPHfUoIIrS82mr3ZjaB2TgmV6Nrrt4@localhost>

2025-11-22 11:12:02 - 1: CLIENT -> SERVER: X-Mailer: PHPMailer 7.0.0 (https://github.com/PHPMailer/PHPMailer)

2025-11-22 11:12:02 - 1: CLIENT -> SERVER: MIME-Version: 1.0

2025-11-22 11:12:02 - 1: CLIENT -> SERVER: Content-Type: multipart/alternative;

2025-11-22 11:12:02 - 1: CLIENT -> SERVER:  boundary="b1=_P4DYhkRiylFsPPHfUoIIrS82mr3ZjaB2TgmV6Nrrt4"

2025-11-22 11:12:02 - 1: CLIENT -> SERVER: Content-Transfer-Encoding: 8bit

2025-11-22 11:12:02 - 1: CLIENT -> SERVER: 

2025-11-22 11:12:02 - 1: CLIENT -> SERVER: --b1=_P4DYhkRiylFsPPHfUoIIrS82mr3ZjaB2TgmV6Nrrt4

2025-11-22 11:12:02 - 1: CLIENT -> SERVER: Content-Type: text/plain; charset=iso-8859-1

2025-11-22 11:12:02 - 1: CLIENT -> SERVER: Content-Transfer-Encoding: 8bit

2025-11-22 11:12:02 - 1: CLIENT -> SERVER: 

2025-11-22 11:12:02 - 1: CLIENT -> SERVER: 

2025-11-22 11:12:02 - 1: CLIENT -> SERVER:                     

2025-11-22 11:12:02 - 1: CLIENT -> SERVER:                     

2025-11-22 11:12:02 - 1: CLIENT -> SERVER:                         Booking Status Update

2025-11-22 11:12:02 - 1: CLIENT -> SERVER:                         Dear MAHIYAIN AKO123,

2025-11-22 11:12:02 - 1: CLIENT -> SERVER:                         Your booking status has been updated to: PENDING

2025-11-22 11:12:02 - 1: CLIENT -> SERVER:                         

2025-11-22 11:12:02 - 1: CLIENT -> SERVER:                         

2025-11-22 11:12:02 - 1: CLIENT -> SERVER:                             Booking Details:

2025-11-22 11:12:02 - 1: CLIENT -> SERVER:                             Booking ID: RESORT1763739617807

2025-11-22 11:12:02 - 1: CLIENT -> SERVER:                             Cottage: Premium 838 — ₱7,800

2025-11-22 11:12:02 - 1: CLIENT -> SERVER:                             Check-in Date: 2025-11-26

2025-11-22 11:12:02 - 1: CLIENT -> SERVER:                             Status: PENDING

2025-11-22 11:12:02 - 1: CLIENT -> SERVER:                         

2025-11-22 11:12:02 - 1: CLIENT -> SERVER:                         

2025-11-22 11:12:02 - 1: CLIENT -> SERVER:                         Please contact us at heartofdocean2005@yahoo.com if you have any questions.

2025-11-22 11:12:02 - 1: CLIENT -> SERVER:                         

2025-11-22 11:12:02 - 1: CLIENT -> SERVER:                         

2025-11-22 11:12:02 - 1: CLIENT -> SERVER:                         Best regards,The Heart Of D Ocean Team

2025-11-22 11:12:02 - 1: CLIENT -> SERVER:                     

2025-11-22 11:12:02 - 1: CLIENT -> SERVER:                     

2025-11-22 11:12:02 - 1: CLIENT -> SERVER:                     

2025-11-22 11:12:02 - 1: CLIENT -> SERVER: 

2025-11-22 11:12:02 - 1: CLIENT -> SERVER: --b1=_P4DYhkRiylFsPPHfUoIIrS82mr3ZjaB2TgmV6Nrrt4

2025-11-22 11:12:02 - 1: CLIENT -> SERVER: Content-Type: text/html; charset=iso-8859-1

2025-11-22 11:12:02 - 1: CLIENT -> SERVER: Content-Transfer-Encoding: 8bit

2025-11-22 11:12:02 - 1: CLIENT -> SERVER: 

2025-11-22 11:12:02 - 1: CLIENT -> SERVER: 

2025-11-22 11:12:02 - 1: CLIENT -> SERVER:                     <html>

2025-11-22 11:12:02 - 1: CLIENT -> SERVER:                     <body style='font-family: Arial, sans-serif; line-height: 1.6;'>

2025-11-22 11:12:02 - 1: CLIENT -> SERVER:                         <h2>Booking Status Update</h2>

2025-11-22 11:12:02 - 1: CLIENT -> SERVER:                         <p>Dear MAHIYAIN AKO123,</p>

2025-11-22 11:12:02 - 1: CLIENT -> SERVER:                         <p>Your booking status has been updated to: <strong>PENDING</strong></p>

2025-11-22 11:12:02 - 1: CLIENT -> SERVER:                         

2025-11-22 11:12:02 - 1: CLIENT -> SERVER:                         <div style='background: #f8f9fa; padding: 20px; border-radius: 10px; margin: 20px 0;'>

2025-11-22 11:12:02 - 1: CLIENT -> SERVER:                             <h3>Booking Details:</h3>

2025-11-22 11:12:02 - 1: CLIENT -> SERVER:                             <p><strong>Booking ID:</strong> RESORT1763739617807</p>

2025-11-22 11:12:02 - 1: CLIENT -> SERVER:                             <p><strong>Cottage:</strong> Premium 838 — ₱7,800</p>

2025-11-22 11:12:02 - 1: CLIENT -> SERVER:                             <p><strong>Check-in Date:</strong> 2025-11-26</p>

2025-11-22 11:12:02 - 1: CLIENT -> SERVER:                             <p><strong>Status:</strong> PENDING</p>

2025-11-22 11:12:02 - 1: CLIENT -> SERVER:                         </div>

2025-11-22 11:12:02 - 1: CLIENT -> SERVER:                         

2025-11-22 11:12:02 - 1: CLIENT -> SERVER:                         <p>Please contact us at heartofdocean2005@yahoo.com if you have any questions.</p>

2025-11-22 11:12:02 - 1: CLIENT -> SERVER:                         

2025-11-22 11:12:02 - 1: CLIENT -> SERVER:                         <br>

2025-11-22 11:12:02 - 1: CLIENT -> SERVER:                         <p>Best regards,<br>The Heart Of D Ocean Team</p>

2025-11-22 11:12:02 - 1: CLIENT -> SERVER:                     </body>

2025-11-22 11:12:02 - 1: CLIENT -> SERVER:                     </html>

2025-11-22 11:12:02 - 1: CLIENT -> SERVER:                     

2025-11-22 11:12:02 - 1: CLIENT -> SERVER: 

2025-11-22 11:12:02 - 1: CLIENT -> SERVER: 

2025-11-22 11:12:02 - 1: CLIENT -> SERVER: --b1=_P4DYhkRiylFsPPHfUoIIrS82mr3ZjaB2TgmV6Nrrt4--

2025-11-22 11:12:02 - 1: CLIENT -> SERVER: 

2025-11-22 11:12:02 - 1: CLIENT -> SERVER: .

2025-11-22 11:12:02 - 4: SMTP INBOUND: "250 2.0.0 OK  1763806321 98e67ed59e1d1-3472692ee4csm7857888a91.12 - gsmtp"
2025-11-22 11:12:02 - 2: SERVER -> CLIENT: 250 2.0.0 OK  1763806321 98e67ed59e1d1-3472692ee4csm7857888a91.12 - gsmtp

2025-11-22 11:12:02 - 1: CLIENT -> SERVER: QUIT

2025-11-22 11:12:03 - 4: SMTP INBOUND: "221 2.0.0 closing connection 98e67ed59e1d1-3472692ee4csm7857888a91.12 - gsmtp"
2025-11-22 11:12:03 - 2: SERVER -> CLIENT: 221 2.0.0 closing connection 98e67ed59e1d1-3472692ee4csm7857888a91.12 - gsmtp

2025-11-22 11:12:03 - 3: Connection: closed
2025-11-22 11:12:06 - 3: Connection: opening to smtp.gmail.com:587, timeout=300, options=array()
2025-11-22 11:12:06 - 3: Connection: opened
2025-11-22 11:12:07 - 4: SMTP INBOUND: "220 smtp.gmail.com ESMTP 98e67ed59e1d1-345b03971fcsm7598972a91.5 - gsmtp"
2025-11-22 11:12:07 - 2: SERVER -> CLIENT: 220 smtp.gmail.com ESMTP 98e67ed59e1d1-345b03971fcsm7598972a91.5 - gsmtp

2025-11-22 11:12:07 - 1: CLIENT -> SERVER: EHLO localhost

2025-11-22 11:12:07 - 4: SMTP INBOUND: "250-smtp.gmail.com at your service, [158.62.4.229]"
2025-11-22 11:12:07 - 4: SMTP INBOUND: "250-SIZE 35882577"
2025-11-22 11:12:07 - 4: SMTP INBOUND: "250-8BITMIME"
2025-11-22 11:12:07 - 4: SMTP INBOUND: "250-STARTTLS"
2025-11-22 11:12:07 - 4: SMTP INBOUND: "250-ENHANCEDSTATUSCODES"
2025-11-22 11:12:07 - 4: SMTP INBOUND: "250-PIPELINING"
2025-11-22 11:12:07 - 4: SMTP INBOUND: "250-CHUNKING"
2025-11-22 11:12:07 - 4: SMTP INBOUND: "250 SMTPUTF8"
2025-11-22 11:12:07 - 2: SERVER -> CLIENT: 250-smtp.gmail.com at your service, [158.62.4.229]
250-SIZE 35882577
250-8BITMIME
250-STARTTLS
250-ENHANCEDSTATUSCODES
250-PIPELINING
250-CHUNKING
250 SMTPUTF8

2025-11-22 11:12:07 - 1: CLIENT -> SERVER: STARTTLS

2025-11-22 11:12:07 - 4: SMTP INBOUND: "220 2.0.0 Ready to start TLS"
2025-11-22 11:12:07 - 2: SERVER -> CLIENT: 220 2.0.0 Ready to start TLS

2025-11-22 11:12:07 - 1: CLIENT -> SERVER: EHLO localhost

2025-11-22 11:12:07 - 4: SMTP INBOUND: "250-smtp.gmail.com at your service, [158.62.4.229]"
2025-11-22 11:12:07 - 4: SMTP INBOUND: "250-SIZE 35882577"
2025-11-22 11:12:07 - 4: SMTP INBOUND: "250-8BITMIME"
2025-11-22 11:12:07 - 4: SMTP INBOUND: "250-AUTH LOGIN PLAIN XOAUTH2 PLAIN-CLIENTTOKEN OAUTHBEARER XOAUTH"
2025-11-22 11:12:07 - 4: SMTP INBOUND: "250-ENHANCEDSTATUSCODES"
2025-11-22 11:12:07 - 4: SMTP INBOUND: "250-PIPELINING"
2025-11-22 11:12:07 - 4: SMTP INBOUND: "250-CHUNKING"
2025-11-22 11:12:07 - 4: SMTP INBOUND: "250 SMTPUTF8"
2025-11-22 11:12:07 - 2: SERVER -> CLIENT: 250-smtp.gmail.com at your service, [158.62.4.229]
250-SIZE 35882577
250-8BITMIME
250-AUTH LOGIN PLAIN XOAUTH2 PLAIN-CLIENTTOKEN OAUTHBEARER XOAUTH
250-ENHANCEDSTATUSCODES
250-PIPELINING
250-CHUNKING
250 SMTPUTF8

2025-11-22 11:12:07 - 4: Auth method requested: UNSPECIFIED
2025-11-22 11:12:07 - 4: Auth methods available on the server: LOGIN,PLAIN,XOAUTH2,PLAIN-CLIENTTOKEN,OAUTHBEARER,XOAUTH
2025-11-22 11:12:07 - 4: Requested auth method not available: 
2025-11-22 11:12:07 - 4: Auth method selected: LOGIN
2025-11-22 11:12:07 - 1: CLIENT -> SERVER: AUTH LOGIN

2025-11-22 11:12:08 - 4: SMTP INBOUND: "334 VXNlcm5hbWU6"
2025-11-22 11:12:08 - 2: SERVER -> CLIENT: 334 VXNlcm5hbWU6

2025-11-22 11:12:08 - 1: CLIENT -> SERVER: bWNwZWJyaW5laHFAZ21haWwuY29t

2025-11-22 11:12:08 - 4: SMTP INBOUND: "334 UGFzc3dvcmQ6"
2025-11-22 11:12:08 - 2: SERVER -> CLIENT: 334 UGFzc3dvcmQ6

2025-11-22 11:12:08 - 1: CLIENT -> SERVER: ZHRkeHh4aGNtYXVvIGVlYnQ=

2025-11-22 11:12:08 - 4: SMTP INBOUND: "235 2.7.0 Accepted"
2025-11-22 11:12:08 - 2: SERVER -> CLIENT: 235 2.7.0 Accepted

2025-11-22 11:12:08 - 1: CLIENT -> SERVER: MAIL FROM:<mcpebrinehq@gmail.com>

2025-11-22 11:12:08 - 4: SMTP INBOUND: "250 2.1.0 OK 98e67ed59e1d1-345b03971fcsm7598972a91.5 - gsmtp"
2025-11-22 11:12:08 - 2: SERVER -> CLIENT: 250 2.1.0 OK 98e67ed59e1d1-345b03971fcsm7598972a91.5 - gsmtp

2025-11-22 11:12:08 - 1: CLIENT -> SERVER: RCPT TO:<23-50990@g.batstate-u.edu.ph>

2025-11-22 11:12:09 - 4: SMTP INBOUND: "250 2.1.5 OK 98e67ed59e1d1-345b03971fcsm7598972a91.5 - gsmtp"
2025-11-22 11:12:09 - 2: SERVER -> CLIENT: 250 2.1.5 OK 98e67ed59e1d1-345b03971fcsm7598972a91.5 - gsmtp

2025-11-22 11:12:09 - 1: CLIENT -> SERVER: DATA

2025-11-22 11:12:09 - 4: SMTP INBOUND: "354 Go ahead 98e67ed59e1d1-345b03971fcsm7598972a91.5 - gsmtp"
2025-11-22 11:12:09 - 2: SERVER -> CLIENT: 354 Go ahead 98e67ed59e1d1-345b03971fcsm7598972a91.5 - gsmtp

2025-11-22 11:12:09 - 1: CLIENT -> SERVER: Date: Sat, 22 Nov 2025 11:12:06 +0100

2025-11-22 11:12:09 - 1: CLIENT -> SERVER: To: 23-50990@g.batstate-u.edu.ph

2025-11-22 11:12:09 - 1: CLIENT -> SERVER: From: Heart Of D Ocean Resort <mcpebrinehq@gmail.com>

2025-11-22 11:12:09 - 1: CLIENT -> SERVER: Reply-To: Heart Of D Ocean Resort <heartofdocean2005@yahoo.com>

2025-11-22 11:12:09 - 1: CLIENT -> SERVER: Subject: Booking CONFIRMED - Heart Of D Ocean Beach Resort

2025-11-22 11:12:09 - 1: CLIENT -> SERVER: Message-ID: <5VeiDGhX2ArmJa1rGkUwwcpL3CKMvDr2tDAeLWoA@localhost>

2025-11-22 11:12:09 - 1: CLIENT -> SERVER: X-Mailer: PHPMailer 7.0.0 (https://github.com/PHPMailer/PHPMailer)

2025-11-22 11:12:09 - 1: CLIENT -> SERVER: MIME-Version: 1.0

2025-11-22 11:12:09 - 1: CLIENT -> SERVER: Content-Type: multipart/alternative;

2025-11-22 11:12:09 - 1: CLIENT -> SERVER:  boundary="b1=_5VeiDGhX2ArmJa1rGkUwwcpL3CKMvDr2tDAeLWoA"

2025-11-22 11:12:09 - 1: CLIENT -> SERVER: Content-Transfer-Encoding: 8bit

2025-11-22 11:12:09 - 1: CLIENT -> SERVER: 

2025-11-22 11:12:09 - 1: CLIENT -> SERVER: --b1=_5VeiDGhX2ArmJa1rGkUwwcpL3CKMvDr2tDAeLWoA

2025-11-22 11:12:09 - 1: CLIENT -> SERVER: Content-Type: text/plain; charset=iso-8859-1

2025-11-22 11:12:09 - 1: CLIENT -> SERVER: Content-Transfer-Encoding: 8bit

2025-11-22 11:12:09 - 1: CLIENT -> SERVER: 

2025-11-22 11:12:09 - 1: CLIENT -> SERVER: 

2025-11-22 11:12:09 - 1: CLIENT -> SERVER:                     

2025-11-22 11:12:09 - 1: CLIENT -> SERVER:                     

2025-11-22 11:12:09 - 1: CLIENT -> SERVER:                         Booking Confirmed!

2025-11-22 11:12:09 - 1: CLIENT -> SERVER:                         Dear Lance Kelly Salcedo,

2025-11-22 11:12:09 - 1: CLIENT -> SERVER:                         Great news! Your booking has been CONFIRMED!

2025-11-22 11:12:09 - 1: CLIENT -> SERVER:                         

2025-11-22 11:12:09 - 1: CLIENT -> SERVER:                         

2025-11-22 11:12:09 - 1: CLIENT -> SERVER:                             Booking Details:

2025-11-22 11:12:09 - 1: CLIENT -> SERVER:                             Booking ID: RESORT1763802455592

2025-11-22 11:12:09 - 1: CLIENT -> SERVER:                             Cottage: Beatrice A — ₱7,800

2025-11-22 11:12:09 - 1: CLIENT -> SERVER:                             Check-in Date: 2025-11-23

2025-11-22 11:12:09 - 1: CLIENT -> SERVER:                             Number of Guests: 2

2025-11-22 11:12:09 - 1: CLIENT -> SERVER:                             Status: CONFIRMED

2025-11-22 11:12:09 - 1: CLIENT -> SERVER:                         

2025-11-22 11:12:09 - 1: CLIENT -> SERVER:                         

2025-11-22 11:12:09 - 1: CLIENT -> SERVER:                         We're excited to welcome you to Heart Of D Ocean Beach Resort!

2025-11-22 11:12:09 - 1: CLIENT -> SERVER:                         If you have any questions, please contact us at heartofdocean2005@yahoo.com or call us.

2025-11-22 11:12:09 - 1: CLIENT -> SERVER:                         

2025-11-22 11:12:09 - 1: CLIENT -> SERVER:                         

2025-11-22 11:12:09 - 1: CLIENT -> SERVER:                         Best regards,The Heart Of D Ocean Team

2025-11-22 11:12:09 - 1: CLIENT -> SERVER:                     

2025-11-22 11:12:09 - 1: CLIENT -> SERVER:                     

2025-11-22 11:12:09 - 1: CLIENT -> SERVER:                     

2025-11-22 11:12:09 - 1: CLIENT -> SERVER: 

2025-11-22 11:12:09 - 1: CLIENT -> SERVER: --b1=_5VeiDGhX2ArmJa1rGkUwwcpL3CKMvDr2tDAeLWoA

2025-11-22 11:12:09 - 1: CLIENT -> SERVER: Content-Type: text/html; charset=iso-8859-1

2025-11-22 11:12:09 - 1: CLIENT -> SERVER: Content-Transfer-Encoding: 8bit

2025-11-22 11:12:09 - 1: CLIENT -> SERVER: 

2025-11-22 11:12:09 - 1: CLIENT -> SERVER: 

2025-11-22 11:12:09 - 1: CLIENT -> SERVER:                     <html>

2025-11-22 11:12:09 - 1: CLIENT -> SERVER:                     <body style='font-family: Arial, sans-serif; line-height: 1.6;'>

2025-11-22 11:12:09 - 1: CLIENT -> SERVER:                         <h2>Booking Confirmed!</h2>

2025-11-22 11:12:09 - 1: CLIENT -> SERVER:                         <p>Dear Lance Kelly Salcedo,</p>

2025-11-22 11:12:09 - 1: CLIENT -> SERVER:                         <p>Great news! Your booking has been <strong style='color: #28a745;'>CONFIRMED</strong>!</p>

2025-11-22 11:12:09 - 1: CLIENT -> SERVER:                         

2025-11-22 11:12:09 - 1: CLIENT -> SERVER:                         <div style='background: #f8f9fa; padding: 20px; border-radius: 10px; margin: 20px 0;'>

2025-11-22 11:12:09 - 1: CLIENT -> SERVER:                             <h3>Booking Details:</h3>

2025-11-22 11:12:09 - 1: CLIENT -> SERVER:                             <p><strong>Booking ID:</strong> RESORT1763802455592</p>

2025-11-22 11:12:09 - 1: CLIENT -> SERVER:                             <p><strong>Cottage:</strong> Beatrice A — ₱7,800</p>

2025-11-22 11:12:09 - 1: CLIENT -> SERVER:                             <p><strong>Check-in Date:</strong> 2025-11-23</p>

2025-11-22 11:12:09 - 1: CLIENT -> SERVER:                             <p><strong>Number of Guests:</strong> 2</p>

2025-11-22 11:12:09 - 1: CLIENT -> SERVER:                             <p><strong>Status:</strong> <span style='color: #28a745; font-weight: bold;'>CONFIRMED</span></p>

2025-11-22 11:12:09 - 1: CLIENT -> SERVER:                         </div>

2025-11-22 11:12:09 - 1: CLIENT -> SERVER:                         

2025-11-22 11:12:09 - 1: CLIENT -> SERVER:                         <p>We're excited to welcome you to Heart Of D Ocean Beach Resort!</p>

2025-11-22 11:12:09 - 1: CLIENT -> SERVER:                         <p>If you have any questions, please contact us at heartofdocean2005@yahoo.com or call us.</p>

2025-11-22 11:12:09 - 1: CLIENT -> SERVER:                         

2025-11-22 11:12:09 - 1: CLIENT -> SERVER:                         <br>

2025-11-22 11:12:09 - 1: CLIENT -> SERVER:                         <p>Best regards,<br>The Heart Of D Ocean Team</p>

2025-11-22 11:12:09 - 1: CLIENT -> SERVER:                     </body>

2025-11-22 11:12:09 - 1: CLIENT -> SERVER:                     </html>

2025-11-22 11:12:09 - 1: CLIENT -> SERVER:                     

2025-11-22 11:12:09 - 1: CLIENT -> SERVER: 

2025-11-22 11:12:09 - 1: CLIENT -> SERVER: 

2025-11-22 11:12:09 - 1: CLIENT -> SERVER: --b1=_5VeiDGhX2ArmJa1rGkUwwcpL3CKMvDr2tDAeLWoA--

2025-11-22 11:12:09 - 1: CLIENT -> SERVER: 

2025-11-22 11:12:09 - 1: CLIENT -> SERVER: .

2025-11-22 11:12:09 - 4: SMTP INBOUND: "250 2.0.0 OK  1763806328 98e67ed59e1d1-345b03971fcsm7598972a91.5 - gsmtp"
2025-11-22 11:12:09 - 2: SERVER -> CLIENT: 250 2.0.0 OK  1763806328 98e67ed59e1d1-345b03971fcsm7598972a91.5 - gsmtp

2025-11-22 11:12:09 - 1: CLIENT -> SERVER: QUIT

2025-11-22 11:12:10 - 4: SMTP INBOUND: "221 2.0.0 closing connection 98e67ed59e1d1-345b03971fcsm7598972a91.5 - gsmtp"
2025-11-22 11:12:10 - 2: SERVER -> CLIENT: 221 2.0.0 closing connection 98e67ed59e1d1-345b03971fcsm7598972a91.5 - gsmtp

2025-11-22 11:12:10 - 3: Connection: closed
2025-11-22 11:13:10 - 3: Connection: opening to smtp.gmail.com:587, timeout=300, options=array()
2025-11-22 11:13:10 - 3: Connection: opened
2025-11-22 11:13:11 - 4: SMTP INBOUND: "220 smtp.gmail.com ESMTP d2e1a72fcca58-7c3ecf7d849sm8622576b3a.14 - gsmtp"
2025-11-22 11:13:11 - 2: SERVER -> CLIENT: 220 smtp.gmail.com ESMTP d2e1a72fcca58-7c3ecf7d849sm8622576b3a.14 - gsmtp

2025-11-22 11:13:11 - 1: CLIENT -> SERVER: EHLO localhost

2025-11-22 11:13:11 - 4: SMTP INBOUND: "250-smtp.gmail.com at your service, [158.62.4.229]"
2025-11-22 11:13:11 - 4: SMTP INBOUND: "250-SIZE 35882577"
2025-11-22 11:13:11 - 4: SMTP INBOUND: "250-8BITMIME"
2025-11-22 11:13:11 - 4: SMTP INBOUND: "250-STARTTLS"
2025-11-22 11:13:11 - 4: SMTP INBOUND: "250-ENHANCEDSTATUSCODES"
2025-11-22 11:13:11 - 4: SMTP INBOUND: "250-PIPELINING"
2025-11-22 11:13:11 - 4: SMTP INBOUND: "250-CHUNKING"
2025-11-22 11:13:11 - 4: SMTP INBOUND: "250 SMTPUTF8"
2025-11-22 11:13:11 - 2: SERVER -> CLIENT: 250-smtp.gmail.com at your service, [158.62.4.229]
250-SIZE 35882577
250-8BITMIME
250-STARTTLS
250-ENHANCEDSTATUSCODES
250-PIPELINING
250-CHUNKING
250 SMTPUTF8

2025-11-22 11:13:11 - 1: CLIENT -> SERVER: STARTTLS

2025-11-22 11:13:11 - 4: SMTP INBOUND: "220 2.0.0 Ready to start TLS"
2025-11-22 11:13:11 - 2: SERVER -> CLIENT: 220 2.0.0 Ready to start TLS

2025-11-22 11:13:11 - 1: CLIENT -> SERVER: EHLO localhost

2025-11-22 11:13:11 - 4: SMTP INBOUND: "250-smtp.gmail.com at your service, [158.62.4.229]"
2025-11-22 11:13:11 - 4: SMTP INBOUND: "250-SIZE 35882577"
2025-11-22 11:13:11 - 4: SMTP INBOUND: "250-8BITMIME"
2025-11-22 11:13:11 - 4: SMTP INBOUND: "250-AUTH LOGIN PLAIN XOAUTH2 PLAIN-CLIENTTOKEN OAUTHBEARER XOAUTH"
2025-11-22 11:13:11 - 4: SMTP INBOUND: "250-ENHANCEDSTATUSCODES"
2025-11-22 11:13:11 - 4: SMTP INBOUND: "250-PIPELINING"
2025-11-22 11:13:11 - 4: SMTP INBOUND: "250-CHUNKING"
2025-11-22 11:13:11 - 4: SMTP INBOUND: "250 SMTPUTF8"
2025-11-22 11:13:11 - 2: SERVER -> CLIENT: 250-smtp.gmail.com at your service, [158.62.4.229]
250-SIZE 35882577
250-8BITMIME
250-AUTH LOGIN PLAIN XOAUTH2 PLAIN-CLIENTTOKEN OAUTHBEARER XOAUTH
250-ENHANCEDSTATUSCODES
250-PIPELINING
250-CHUNKING
250 SMTPUTF8

2025-11-22 11:13:11 - 4: Auth method requested: UNSPECIFIED
2025-11-22 11:13:11 - 4: Auth methods available on the server: LOGIN,PLAIN,XOAUTH2,PLAIN-CLIENTTOKEN,OAUTHBEARER,XOAUTH
2025-11-22 11:13:11 - 4: Requested auth method not available: 
2025-11-22 11:13:11 - 4: Auth method selected: LOGIN
2025-11-22 11:13:11 - 1: CLIENT -> SERVER: AUTH LOGIN

2025-11-22 11:13:11 - 4: SMTP INBOUND: "334 VXNlcm5hbWU6"
2025-11-22 11:13:11 - 2: SERVER -> CLIENT: 334 VXNlcm5hbWU6

2025-11-22 11:13:11 - 1: CLIENT -> SERVER: bWNwZWJyaW5laHFAZ21haWwuY29t

2025-11-22 11:13:12 - 4: SMTP INBOUND: "334 UGFzc3dvcmQ6"
2025-11-22 11:13:12 - 2: SERVER -> CLIENT: 334 UGFzc3dvcmQ6

2025-11-22 11:13:12 - 1: CLIENT -> SERVER: ZHRkeHh4aGNtYXVvIGVlYnQ=

2025-11-22 11:13:12 - 4: SMTP INBOUND: "235 2.7.0 Accepted"
2025-11-22 11:13:12 - 2: SERVER -> CLIENT: 235 2.7.0 Accepted

2025-11-22 11:13:12 - 1: CLIENT -> SERVER: MAIL FROM:<mcpebrinehq@gmail.com>

2025-11-22 11:13:12 - 4: SMTP INBOUND: "250 2.1.0 OK d2e1a72fcca58-7c3ecf7d849sm8622576b3a.14 - gsmtp"
2025-11-22 11:13:12 - 2: SERVER -> CLIENT: 250 2.1.0 OK d2e1a72fcca58-7c3ecf7d849sm8622576b3a.14 - gsmtp

2025-11-22 11:13:12 - 1: CLIENT -> SERVER: RCPT TO:<jenielynmcasas@gmail.com>

2025-11-22 11:13:12 - 4: SMTP INBOUND: "250 2.1.5 OK d2e1a72fcca58-7c3ecf7d849sm8622576b3a.14 - gsmtp"
2025-11-22 11:13:12 - 2: SERVER -> CLIENT: 250 2.1.5 OK d2e1a72fcca58-7c3ecf7d849sm8622576b3a.14 - gsmtp

2025-11-22 11:13:12 - 1: CLIENT -> SERVER: DATA

2025-11-22 11:13:13 - 4: SMTP INBOUND: "354 Go ahead d2e1a72fcca58-7c3ecf7d849sm8622576b3a.14 - gsmtp"
2025-11-22 11:13:13 - 2: SERVER -> CLIENT: 354 Go ahead d2e1a72fcca58-7c3ecf7d849sm8622576b3a.14 - gsmtp

2025-11-22 11:13:13 - 1: CLIENT -> SERVER: Date: Sat, 22 Nov 2025 11:13:10 +0100

2025-11-22 11:13:13 - 1: CLIENT -> SERVER: To: jenielynmcasas@gmail.com

2025-11-22 11:13:13 - 1: CLIENT -> SERVER: From: Heart Of D Ocean Resort <mcpebrinehq@gmail.com>

2025-11-22 11:13:13 - 1: CLIENT -> SERVER: Reply-To: Heart Of D Ocean Resort <heartofdocean2005@yahoo.com>

2025-11-22 11:13:13 - 1: CLIENT -> SERVER: Subject: Booking CONFIRMED - Heart Of D Ocean Beach Resort

2025-11-22 11:13:13 - 1: CLIENT -> SERVER: Message-ID: <T5SPORzu0anDa1wa4fOsdTcLnGUosBV6uzCWqRGE@localhost>

2025-11-22 11:13:13 - 1: CLIENT -> SERVER: X-Mailer: PHPMailer 7.0.0 (https://github.com/PHPMailer/PHPMailer)

2025-11-22 11:13:13 - 1: CLIENT -> SERVER: MIME-Version: 1.0

2025-11-22 11:13:13 - 1: CLIENT -> SERVER: Content-Type: multipart/alternative;

2025-11-22 11:13:13 - 1: CLIENT -> SERVER:  boundary="b1=_T5SPORzu0anDa1wa4fOsdTcLnGUosBV6uzCWqRGE"

2025-11-22 11:13:13 - 1: CLIENT -> SERVER: Content-Transfer-Encoding: 8bit

2025-11-22 11:13:13 - 1: CLIENT -> SERVER: 

2025-11-22 11:13:13 - 1: CLIENT -> SERVER: --b1=_T5SPORzu0anDa1wa4fOsdTcLnGUosBV6uzCWqRGE

2025-11-22 11:13:13 - 1: CLIENT -> SERVER: Content-Type: text/plain; charset=iso-8859-1

2025-11-22 11:13:13 - 1: CLIENT -> SERVER: Content-Transfer-Encoding: 8bit

2025-11-22 11:13:13 - 1: CLIENT -> SERVER: 

2025-11-22 11:13:13 - 1: CLIENT -> SERVER: 

2025-11-22 11:13:13 - 1: CLIENT -> SERVER:                     

2025-11-22 11:13:13 - 1: CLIENT -> SERVER:                     

2025-11-22 11:13:13 - 1: CLIENT -> SERVER:                         Booking Confirmed!

2025-11-22 11:13:13 - 1: CLIENT -> SERVER:                         Dear Jhen,

2025-11-22 11:13:13 - 1: CLIENT -> SERVER:                         Great news! Your booking has been CONFIRMED!

2025-11-22 11:13:13 - 1: CLIENT -> SERVER:                         

2025-11-22 11:13:13 - 1: CLIENT -> SERVER:                         

2025-11-22 11:13:13 - 1: CLIENT -> SERVER:                             Booking Details:

2025-11-22 11:13:13 - 1: CLIENT -> SERVER:                             Booking ID: RESORT1763799297748

2025-11-22 11:13:13 - 1: CLIENT -> SERVER:                             Cottage: Beatrice B — ₱6,800

2025-11-22 11:13:13 - 1: CLIENT -> SERVER:                             Check-in Date: 2025-11-30

2025-11-22 11:13:13 - 1: CLIENT -> SERVER:                             Number of Guests: 2

2025-11-22 11:13:13 - 1: CLIENT -> SERVER:                             Status: CONFIRMED

2025-11-22 11:13:13 - 1: CLIENT -> SERVER:                         

2025-11-22 11:13:13 - 1: CLIENT -> SERVER:                         

2025-11-22 11:13:13 - 1: CLIENT -> SERVER:                         We're excited to welcome you to Heart Of D Ocean Beach Resort!

2025-11-22 11:13:13 - 1: CLIENT -> SERVER:                         If you have any questions, please contact us at heartofdocean2005@yahoo.com or call us.

2025-11-22 11:13:13 - 1: CLIENT -> SERVER:                         

2025-11-22 11:13:13 - 1: CLIENT -> SERVER:                         

2025-11-22 11:13:13 - 1: CLIENT -> SERVER:                         Best regards,The Heart Of D Ocean Team

2025-11-22 11:13:13 - 1: CLIENT -> SERVER:                     

2025-11-22 11:13:13 - 1: CLIENT -> SERVER:                     

2025-11-22 11:13:13 - 1: CLIENT -> SERVER:                     

2025-11-22 11:13:13 - 1: CLIENT -> SERVER: 

2025-11-22 11:13:13 - 1: CLIENT -> SERVER: --b1=_T5SPORzu0anDa1wa4fOsdTcLnGUosBV6uzCWqRGE

2025-11-22 11:13:13 - 1: CLIENT -> SERVER: Content-Type: text/html; charset=iso-8859-1

2025-11-22 11:13:13 - 1: CLIENT -> SERVER: Content-Transfer-Encoding: 8bit

2025-11-22 11:13:13 - 1: CLIENT -> SERVER: 

2025-11-22 11:13:13 - 1: CLIENT -> SERVER: 

2025-11-22 11:13:13 - 1: CLIENT -> SERVER:                     <html>

2025-11-22 11:13:13 - 1: CLIENT -> SERVER:                     <body style='font-family: Arial, sans-serif; line-height: 1.6;'>

2025-11-22 11:13:13 - 1: CLIENT -> SERVER:                         <h2>Booking Confirmed!</h2>

2025-11-22 11:13:13 - 1: CLIENT -> SERVER:                         <p>Dear Jhen,</p>

2025-11-22 11:13:13 - 1: CLIENT -> SERVER:                         <p>Great news! Your booking has been <strong style='color: #28a745;'>CONFIRMED</strong>!</p>

2025-11-22 11:13:13 - 1: CLIENT -> SERVER:                         

2025-11-22 11:13:13 - 1: CLIENT -> SERVER:                         <div style='background: #f8f9fa; padding: 20px; border-radius: 10px; margin: 20px 0;'>

2025-11-22 11:13:13 - 1: CLIENT -> SERVER:                             <h3>Booking Details:</h3>

2025-11-22 11:13:13 - 1: CLIENT -> SERVER:                             <p><strong>Booking ID:</strong> RESORT1763799297748</p>

2025-11-22 11:13:13 - 1: CLIENT -> SERVER:                             <p><strong>Cottage:</strong> Beatrice B — ₱6,800</p>

2025-11-22 11:13:13 - 1: CLIENT -> SERVER:                             <p><strong>Check-in Date:</strong> 2025-11-30</p>

2025-11-22 11:13:13 - 1: CLIENT -> SERVER:                             <p><strong>Number of Guests:</strong> 2</p>

2025-11-22 11:13:13 - 1: CLIENT -> SERVER:                             <p><strong>Status:</strong> <span style='color: #28a745; font-weight: bold;'>CONFIRMED</span></p>

2025-11-22 11:13:13 - 1: CLIENT -> SERVER:                         </div>

2025-11-22 11:13:13 - 1: CLIENT -> SERVER:                         

2025-11-22 11:13:13 - 1: CLIENT -> SERVER:                         <p>We're excited to welcome you to Heart Of D Ocean Beach Resort!</p>

2025-11-22 11:13:13 - 1: CLIENT -> SERVER:                         <p>If you have any questions, please contact us at heartofdocean2005@yahoo.com or call us.</p>

2025-11-22 11:13:13 - 1: CLIENT -> SERVER:                         

2025-11-22 11:13:13 - 1: CLIENT -> SERVER:                         <br>

2025-11-22 11:13:13 - 1: CLIENT -> SERVER:                         <p>Best regards,<br>The Heart Of D Ocean Team</p>

2025-11-22 11:13:13 - 1: CLIENT -> SERVER:                     </body>

2025-11-22 11:13:13 - 1: CLIENT -> SERVER:                     </html>

2025-11-22 11:13:13 - 1: CLIENT -> SERVER:                     

2025-11-22 11:13:13 - 1: CLIENT -> SERVER: 

2025-11-22 11:13:13 - 1: CLIENT -> SERVER: 

2025-11-22 11:13:13 - 1: CLIENT -> SERVER: --b1=_T5SPORzu0anDa1wa4fOsdTcLnGUosBV6uzCWqRGE--

2025-11-22 11:13:13 - 1: CLIENT -> SERVER: 

2025-11-22 11:13:13 - 1: CLIENT -> SERVER: .

2025-11-22 11:13:13 - 4: SMTP INBOUND: "250 2.0.0 OK  1763806392 d2e1a72fcca58-7c3ecf7d849sm8622576b3a.14 - gsmtp"
2025-11-22 11:13:13 - 2: SERVER -> CLIENT: 250 2.0.0 OK  1763806392 d2e1a72fcca58-7c3ecf7d849sm8622576b3a.14 - gsmtp

2025-11-22 11:13:13 - 1: CLIENT -> SERVER: QUIT

2025-11-22 11:13:14 - 4: SMTP INBOUND: "221 2.0.0 closing connection d2e1a72fcca58-7c3ecf7d849sm8622576b3a.14 - gsmtp"
2025-11-22 11:13:14 - 2: SERVER -> CLIENT: 221 2.0.0 closing connection d2e1a72fcca58-7c3ecf7d849sm8622576b3a.14 - gsmtp

2025-11-22 11:13:14 - 3: Connection: closed
2025-11-22 11:13:14 - 3: Connection: opening to smtp.gmail.com:587, timeout=300, options=array()
2025-11-22 11:13:14 - 3: Connection: opened
2025-11-22 11:13:14 - 4: SMTP INBOUND: "220 smtp.gmail.com ESMTP 98e67ed59e1d1-3472692e5c8sm8028821a91.11 - gsmtp"
2025-11-22 11:13:14 - 2: SERVER -> CLIENT: 220 smtp.gmail.com ESMTP 98e67ed59e1d1-3472692e5c8sm8028821a91.11 - gsmtp

2025-11-22 11:13:14 - 1: CLIENT -> SERVER: EHLO localhost

2025-11-22 11:13:14 - 4: SMTP INBOUND: "250-smtp.gmail.com at your service, [158.62.4.229]"
2025-11-22 11:13:14 - 4: SMTP INBOUND: "250-SIZE 35882577"
2025-11-22 11:13:14 - 4: SMTP INBOUND: "250-8BITMIME"
2025-11-22 11:13:14 - 4: SMTP INBOUND: "250-STARTTLS"
2025-11-22 11:13:14 - 4: SMTP INBOUND: "250-ENHANCEDSTATUSCODES"
2025-11-22 11:13:14 - 4: SMTP INBOUND: "250-PIPELINING"
2025-11-22 11:13:14 - 4: SMTP INBOUND: "250-CHUNKING"
2025-11-22 11:13:14 - 4: SMTP INBOUND: "250 SMTPUTF8"
2025-11-22 11:13:14 - 2: SERVER -> CLIENT: 250-smtp.gmail.com at your service, [158.62.4.229]
250-SIZE 35882577
250-8BITMIME
250-STARTTLS
250-ENHANCEDSTATUSCODES
250-PIPELINING
250-CHUNKING
250 SMTPUTF8

2025-11-22 11:13:14 - 1: CLIENT -> SERVER: STARTTLS

2025-11-22 11:13:14 - 4: SMTP INBOUND: "220 2.0.0 Ready to start TLS"
2025-11-22 11:13:14 - 2: SERVER -> CLIENT: 220 2.0.0 Ready to start TLS

2025-11-22 11:13:14 - 1: CLIENT -> SERVER: EHLO localhost

2025-11-22 11:13:15 - 4: SMTP INBOUND: "250-smtp.gmail.com at your service, [158.62.4.229]"
2025-11-22 11:13:15 - 4: SMTP INBOUND: "250-SIZE 35882577"
2025-11-22 11:13:15 - 4: SMTP INBOUND: "250-8BITMIME"
2025-11-22 11:13:15 - 4: SMTP INBOUND: "250-AUTH LOGIN PLAIN XOAUTH2 PLAIN-CLIENTTOKEN OAUTHBEARER XOAUTH"
2025-11-22 11:13:15 - 4: SMTP INBOUND: "250-ENHANCEDSTATUSCODES"
2025-11-22 11:13:15 - 4: SMTP INBOUND: "250-PIPELINING"
2025-11-22 11:13:15 - 4: SMTP INBOUND: "250-CHUNKING"
2025-11-22 11:13:15 - 4: SMTP INBOUND: "250 SMTPUTF8"
2025-11-22 11:13:15 - 2: SERVER -> CLIENT: 250-smtp.gmail.com at your service, [158.62.4.229]
250-SIZE 35882577
250-8BITMIME
250-AUTH LOGIN PLAIN XOAUTH2 PLAIN-CLIENTTOKEN OAUTHBEARER XOAUTH
250-ENHANCEDSTATUSCODES
250-PIPELINING
250-CHUNKING
250 SMTPUTF8

2025-11-22 11:13:15 - 4: Auth method requested: UNSPECIFIED
2025-11-22 11:13:15 - 4: Auth methods available on the server: LOGIN,PLAIN,XOAUTH2,PLAIN-CLIENTTOKEN,OAUTHBEARER,XOAUTH
2025-11-22 11:13:15 - 4: Requested auth method not available: 
2025-11-22 11:13:15 - 4: Auth method selected: LOGIN
2025-11-22 11:13:15 - 1: CLIENT -> SERVER: AUTH LOGIN

2025-11-22 11:13:15 - 4: SMTP INBOUND: "334 VXNlcm5hbWU6"
2025-11-22 11:13:15 - 2: SERVER -> CLIENT: 334 VXNlcm5hbWU6

2025-11-22 11:13:15 - 1: CLIENT -> SERVER: bWNwZWJyaW5laHFAZ21haWwuY29t

2025-11-22 11:13:15 - 4: SMTP INBOUND: "334 UGFzc3dvcmQ6"
2025-11-22 11:13:15 - 2: SERVER -> CLIENT: 334 UGFzc3dvcmQ6

2025-11-22 11:13:15 - 1: CLIENT -> SERVER: ZHRkeHh4aGNtYXVvIGVlYnQ=

2025-11-22 11:13:15 - 4: SMTP INBOUND: "235 2.7.0 Accepted"
2025-11-22 11:13:15 - 2: SERVER -> CLIENT: 235 2.7.0 Accepted

2025-11-22 11:13:15 - 1: CLIENT -> SERVER: MAIL FROM:<mcpebrinehq@gmail.com>

2025-11-22 11:13:15 - 4: SMTP INBOUND: "250 2.1.0 OK 98e67ed59e1d1-3472692e5c8sm8028821a91.11 - gsmtp"
2025-11-22 11:13:15 - 2: SERVER -> CLIENT: 250 2.1.0 OK 98e67ed59e1d1-3472692e5c8sm8028821a91.11 - gsmtp

2025-11-22 11:13:15 - 1: CLIENT -> SERVER: RCPT TO:<bralphlorenz13@gmail.com>

2025-11-22 11:13:16 - 4: SMTP INBOUND: "250 2.1.5 OK 98e67ed59e1d1-3472692e5c8sm8028821a91.11 - gsmtp"
2025-11-22 11:13:16 - 2: SERVER -> CLIENT: 250 2.1.5 OK 98e67ed59e1d1-3472692e5c8sm8028821a91.11 - gsmtp

2025-11-22 11:13:16 - 1: CLIENT -> SERVER: DATA

2025-11-22 11:13:16 - 4: SMTP INBOUND: "354 Go ahead 98e67ed59e1d1-3472692e5c8sm8028821a91.11 - gsmtp"
2025-11-22 11:13:16 - 2: SERVER -> CLIENT: 354 Go ahead 98e67ed59e1d1-3472692e5c8sm8028821a91.11 - gsmtp

2025-11-22 11:13:16 - 1: CLIENT -> SERVER: Date: Sat, 22 Nov 2025 11:13:14 +0100

2025-11-22 11:13:16 - 1: CLIENT -> SERVER: To: bralphlorenz13@gmail.com

2025-11-22 11:13:16 - 1: CLIENT -> SERVER: From: Heart Of D Ocean Resort <mcpebrinehq@gmail.com>

2025-11-22 11:13:16 - 1: CLIENT -> SERVER: Reply-To: Heart Of D Ocean Resort <heartofdocean2005@yahoo.com>

2025-11-22 11:13:16 - 1: CLIENT -> SERVER: Subject: Booking CONFIRMED - Heart Of D Ocean Beach Resort

2025-11-22 11:13:16 - 1: CLIENT -> SERVER: Message-ID: <vJEVMelj3JRNpyNIZ3O0CyFRpGh7qYYM4odQqDiZHU@localhost>

2025-11-22 11:13:16 - 1: CLIENT -> SERVER: X-Mailer: PHPMailer 7.0.0 (https://github.com/PHPMailer/PHPMailer)

2025-11-22 11:13:16 - 1: CLIENT -> SERVER: MIME-Version: 1.0

2025-11-22 11:13:16 - 1: CLIENT -> SERVER: Content-Type: multipart/alternative;

2025-11-22 11:13:16 - 1: CLIENT -> SERVER:  boundary="b1=_vJEVMelj3JRNpyNIZ3O0CyFRpGh7qYYM4odQqDiZHU"

2025-11-22 11:13:16 - 1: CLIENT -> SERVER: Content-Transfer-Encoding: 8bit

2025-11-22 11:13:16 - 1: CLIENT -> SERVER: 

2025-11-22 11:13:16 - 1: CLIENT -> SERVER: --b1=_vJEVMelj3JRNpyNIZ3O0CyFRpGh7qYYM4odQqDiZHU

2025-11-22 11:13:16 - 1: CLIENT -> SERVER: Content-Type: text/plain; charset=iso-8859-1

2025-11-22 11:13:16 - 1: CLIENT -> SERVER: Content-Transfer-Encoding: 8bit

2025-11-22 11:13:16 - 1: CLIENT -> SERVER: 

2025-11-22 11:13:16 - 1: CLIENT -> SERVER: 

2025-11-22 11:13:16 - 1: CLIENT -> SERVER:                     

2025-11-22 11:13:16 - 1: CLIENT -> SERVER:                     

2025-11-22 11:13:16 - 1: CLIENT -> SERVER:                         Booking Confirmed!

2025-11-22 11:13:16 - 1: CLIENT -> SERVER:                         Dear ralph,

2025-11-22 11:13:16 - 1: CLIENT -> SERVER:                         Great news! Your booking has been CONFIRMED!

2025-11-22 11:13:16 - 1: CLIENT -> SERVER:                         

2025-11-22 11:13:16 - 1: CLIENT -> SERVER:                         

2025-11-22 11:13:16 - 1: CLIENT -> SERVER:                             Booking Details:

2025-11-22 11:13:16 - 1: CLIENT -> SERVER:                             Booking ID: RESORT1763798617422

2025-11-22 11:13:16 - 1: CLIENT -> SERVER:                             Cottage: Premium 838 — ₱7,800

2025-11-22 11:13:16 - 1: CLIENT -> SERVER:                             Check-in Date: 2025-11-28

2025-11-22 11:13:16 - 1: CLIENT -> SERVER:                             Number of Guests: 2

2025-11-22 11:13:16 - 1: CLIENT -> SERVER:                             Status: CONFIRMED

2025-11-22 11:13:16 - 1: CLIENT -> SERVER:                         

2025-11-22 11:13:16 - 1: CLIENT -> SERVER:                         

2025-11-22 11:13:16 - 1: CLIENT -> SERVER:                         We're excited to welcome you to Heart Of D Ocean Beach Resort!

2025-11-22 11:13:16 - 1: CLIENT -> SERVER:                         If you have any questions, please contact us at heartofdocean2005@yahoo.com or call us.

2025-11-22 11:13:16 - 1: CLIENT -> SERVER:                         

2025-11-22 11:13:16 - 1: CLIENT -> SERVER:                         

2025-11-22 11:13:16 - 1: CLIENT -> SERVER:                         Best regards,The Heart Of D Ocean Team

2025-11-22 11:13:16 - 1: CLIENT -> SERVER:                     

2025-11-22 11:13:16 - 1: CLIENT -> SERVER:                     

2025-11-22 11:13:16 - 1: CLIENT -> SERVER:                     

2025-11-22 11:13:16 - 1: CLIENT -> SERVER: 

2025-11-22 11:13:16 - 1: CLIENT -> SERVER: --b1=_vJEVMelj3JRNpyNIZ3O0CyFRpGh7qYYM4odQqDiZHU

2025-11-22 11:13:16 - 1: CLIENT -> SERVER: Content-Type: text/html; charset=iso-8859-1

2025-11-22 11:13:16 - 1: CLIENT -> SERVER: Content-Transfer-Encoding: 8bit

2025-11-22 11:13:16 - 1: CLIENT -> SERVER: 

2025-11-22 11:13:16 - 1: CLIENT -> SERVER: 

2025-11-22 11:13:16 - 1: CLIENT -> SERVER:                     <html>

2025-11-22 11:13:16 - 1: CLIENT -> SERVER:                     <body style='font-family: Arial, sans-serif; line-height: 1.6;'>

2025-11-22 11:13:16 - 1: CLIENT -> SERVER:                         <h2>Booking Confirmed!</h2>

2025-11-22 11:13:16 - 1: CLIENT -> SERVER:                         <p>Dear ralph,</p>

2025-11-22 11:13:16 - 1: CLIENT -> SERVER:                         <p>Great news! Your booking has been <strong style='color: #28a745;'>CONFIRMED</strong>!</p>

2025-11-22 11:13:16 - 1: CLIENT -> SERVER:                         

2025-11-22 11:13:16 - 1: CLIENT -> SERVER:                         <div style='background: #f8f9fa; padding: 20px; border-radius: 10px; margin: 20px 0;'>

2025-11-22 11:13:16 - 1: CLIENT -> SERVER:                             <h3>Booking Details:</h3>

2025-11-22 11:13:16 - 1: CLIENT -> SERVER:                             <p><strong>Booking ID:</strong> RESORT1763798617422</p>

2025-11-22 11:13:16 - 1: CLIENT -> SERVER:                             <p><strong>Cottage:</strong> Premium 838 — ₱7,800</p>

2025-11-22 11:13:16 - 1: CLIENT -> SERVER:                             <p><strong>Check-in Date:</strong> 2025-11-28</p>

2025-11-22 11:13:16 - 1: CLIENT -> SERVER:                             <p><strong>Number of Guests:</strong> 2</p>

2025-11-22 11:13:16 - 1: CLIENT -> SERVER:                             <p><strong>Status:</strong> <span style='color: #28a745; font-weight: bold;'>CONFIRMED</span></p>

2025-11-22 11:13:16 - 1: CLIENT -> SERVER:                         </div>

2025-11-22 11:13:16 - 1: CLIENT -> SERVER:                         

2025-11-22 11:13:16 - 1: CLIENT -> SERVER:                         <p>We're excited to welcome you to Heart Of D Ocean Beach Resort!</p>

2025-11-22 11:13:16 - 1: CLIENT -> SERVER:                         <p>If you have any questions, please contact us at heartofdocean2005@yahoo.com or call us.</p>

2025-11-22 11:13:16 - 1: CLIENT -> SERVER:                         

2025-11-22 11:13:16 - 1: CLIENT -> SERVER:                         <br>

2025-11-22 11:13:16 - 1: CLIENT -> SERVER:                         <p>Best regards,<br>The Heart Of D Ocean Team</p>

2025-11-22 11:13:16 - 1: CLIENT -> SERVER:                     </body>

2025-11-22 11:13:16 - 1: CLIENT -> SERVER:                     </html>

2025-11-22 11:13:16 - 1: CLIENT -> SERVER:                     

2025-11-22 11:13:16 - 1: CLIENT -> SERVER: 

2025-11-22 11:13:16 - 1: CLIENT -> SERVER: 

2025-11-22 11:13:16 - 1: CLIENT -> SERVER: --b1=_vJEVMelj3JRNpyNIZ3O0CyFRpGh7qYYM4odQqDiZHU--

2025-11-22 11:13:16 - 1: CLIENT -> SERVER: 

2025-11-22 11:13:16 - 1: CLIENT -> SERVER: .

2025-11-22 11:13:17 - 4: SMTP INBOUND: "250 2.0.0 OK  1763806395 98e67ed59e1d1-3472692e5c8sm8028821a91.11 - gsmtp"
2025-11-22 11:13:17 - 2: SERVER -> CLIENT: 250 2.0.0 OK  1763806395 98e67ed59e1d1-3472692e5c8sm8028821a91.11 - gsmtp

2025-11-22 11:13:17 - 1: CLIENT -> SERVER: QUIT

2025-11-22 11:13:17 - 4: SMTP INBOUND: "221 2.0.0 closing connection 98e67ed59e1d1-3472692e5c8sm8028821a91.11 - gsmtp"
2025-11-22 11:13:17 - 2: SERVER -> CLIENT: 221 2.0.0 closing connection 98e67ed59e1d1-3472692e5c8sm8028821a91.11 - gsmtp

2025-11-22 11:13:17 - 3: Connection: closed
2025-11-22 11:13:17 - 3: Connection: opening to smtp.gmail.com:587, timeout=300, options=array()
2025-11-22 11:13:17 - 3: Connection: opened
2025-11-22 11:13:17 - 4: SMTP INBOUND: "220 smtp.gmail.com ESMTP d9443c01a7336-29b5b13a80csm81535525ad.35 - gsmtp"
2025-11-22 11:13:17 - 2: SERVER -> CLIENT: 220 smtp.gmail.com ESMTP d9443c01a7336-29b5b13a80csm81535525ad.35 - gsmtp

2025-11-22 11:13:17 - 1: CLIENT -> SERVER: EHLO localhost

2025-11-22 11:13:17 - 4: SMTP INBOUND: "250-smtp.gmail.com at your service, [158.62.4.229]"
2025-11-22 11:13:17 - 4: SMTP INBOUND: "250-SIZE 35882577"
2025-11-22 11:13:17 - 4: SMTP INBOUND: "250-8BITMIME"
2025-11-22 11:13:17 - 4: SMTP INBOUND: "250-STARTTLS"
2025-11-22 11:13:17 - 4: SMTP INBOUND: "250-ENHANCEDSTATUSCODES"
2025-11-22 11:13:17 - 4: SMTP INBOUND: "250-PIPELINING"
2025-11-22 11:13:17 - 4: SMTP INBOUND: "250-CHUNKING"
2025-11-22 11:13:17 - 4: SMTP INBOUND: "250 SMTPUTF8"
2025-11-22 11:13:17 - 2: SERVER -> CLIENT: 250-smtp.gmail.com at your service, [158.62.4.229]
250-SIZE 35882577
250-8BITMIME
250-STARTTLS
250-ENHANCEDSTATUSCODES
250-PIPELINING
250-CHUNKING
250 SMTPUTF8

2025-11-22 11:13:17 - 1: CLIENT -> SERVER: STARTTLS

2025-11-22 11:13:17 - 4: SMTP INBOUND: "220 2.0.0 Ready to start TLS"
2025-11-22 11:13:17 - 2: SERVER -> CLIENT: 220 2.0.0 Ready to start TLS

2025-11-22 11:13:17 - 1: CLIENT -> SERVER: EHLO localhost

2025-11-22 11:13:18 - 4: SMTP INBOUND: "250-smtp.gmail.com at your service, [158.62.4.229]"
2025-11-22 11:13:18 - 4: SMTP INBOUND: "250-SIZE 35882577"
2025-11-22 11:13:18 - 4: SMTP INBOUND: "250-8BITMIME"
2025-11-22 11:13:18 - 4: SMTP INBOUND: "250-AUTH LOGIN PLAIN XOAUTH2 PLAIN-CLIENTTOKEN OAUTHBEARER XOAUTH"
2025-11-22 11:13:18 - 4: SMTP INBOUND: "250-ENHANCEDSTATUSCODES"
2025-11-22 11:13:18 - 4: SMTP INBOUND: "250-PIPELINING"
2025-11-22 11:13:18 - 4: SMTP INBOUND: "250-CHUNKING"
2025-11-22 11:13:18 - 4: SMTP INBOUND: "250 SMTPUTF8"
2025-11-22 11:13:18 - 2: SERVER -> CLIENT: 250-smtp.gmail.com at your service, [158.62.4.229]
250-SIZE 35882577
250-8BITMIME
250-AUTH LOGIN PLAIN XOAUTH2 PLAIN-CLIENTTOKEN OAUTHBEARER XOAUTH
250-ENHANCEDSTATUSCODES
250-PIPELINING
250-CHUNKING
250 SMTPUTF8

2025-11-22 11:13:18 - 4: Auth method requested: UNSPECIFIED
2025-11-22 11:13:18 - 4: Auth methods available on the server: LOGIN,PLAIN,XOAUTH2,PLAIN-CLIENTTOKEN,OAUTHBEARER,XOAUTH
2025-11-22 11:13:18 - 4: Requested auth method not available: 
2025-11-22 11:13:18 - 4: Auth method selected: LOGIN
2025-11-22 11:13:18 - 1: CLIENT -> SERVER: AUTH LOGIN

2025-11-22 11:13:18 - 4: SMTP INBOUND: "334 VXNlcm5hbWU6"
2025-11-22 11:13:18 - 2: SERVER -> CLIENT: 334 VXNlcm5hbWU6

2025-11-22 11:13:18 - 1: CLIENT -> SERVER: bWNwZWJyaW5laHFAZ21haWwuY29t

2025-11-22 11:13:18 - 4: SMTP INBOUND: "334 UGFzc3dvcmQ6"
2025-11-22 11:13:18 - 2: SERVER -> CLIENT: 334 UGFzc3dvcmQ6

2025-11-22 11:13:18 - 1: CLIENT -> SERVER: ZHRkeHh4aGNtYXVvIGVlYnQ=

2025-11-22 11:13:18 - 4: SMTP INBOUND: "235 2.7.0 Accepted"
2025-11-22 11:13:18 - 2: SERVER -> CLIENT: 235 2.7.0 Accepted

2025-11-22 11:13:18 - 1: CLIENT -> SERVER: MAIL FROM:<mcpebrinehq@gmail.com>

2025-11-22 11:13:19 - 4: SMTP INBOUND: "250 2.1.0 OK d9443c01a7336-29b5b13a80csm81535525ad.35 - gsmtp"
2025-11-22 11:13:19 - 2: SERVER -> CLIENT: 250 2.1.0 OK d9443c01a7336-29b5b13a80csm81535525ad.35 - gsmtp

2025-11-22 11:13:19 - 1: CLIENT -> SERVER: RCPT TO:<marjhonmatalog278@gmail.com>

2025-11-22 11:13:19 - 4: SMTP INBOUND: "250 2.1.5 OK d9443c01a7336-29b5b13a80csm81535525ad.35 - gsmtp"
2025-11-22 11:13:19 - 2: SERVER -> CLIENT: 250 2.1.5 OK d9443c01a7336-29b5b13a80csm81535525ad.35 - gsmtp

2025-11-22 11:13:19 - 1: CLIENT -> SERVER: DATA

2025-11-22 11:13:19 - 4: SMTP INBOUND: "354 Go ahead d9443c01a7336-29b5b13a80csm81535525ad.35 - gsmtp"
2025-11-22 11:13:19 - 2: SERVER -> CLIENT: 354 Go ahead d9443c01a7336-29b5b13a80csm81535525ad.35 - gsmtp

2025-11-22 11:13:19 - 1: CLIENT -> SERVER: Date: Sat, 22 Nov 2025 11:13:17 +0100

2025-11-22 11:13:19 - 1: CLIENT -> SERVER: To: marjhonmatalog278@gmail.com

2025-11-22 11:13:19 - 1: CLIENT -> SERVER: From: Heart Of D Ocean Resort <mcpebrinehq@gmail.com>

2025-11-22 11:13:19 - 1: CLIENT -> SERVER: Reply-To: Heart Of D Ocean Resort <heartofdocean2005@yahoo.com>

2025-11-22 11:13:19 - 1: CLIENT -> SERVER: Subject: Booking CONFIRMED - Heart Of D Ocean Beach Resort

2025-11-22 11:13:19 - 1: CLIENT -> SERVER: Message-ID: <uS4Hi1OgL33UOeM6CJsQ2BskyqtaUgM1gxSBdHCVxg@localhost>

2025-11-22 11:13:19 - 1: CLIENT -> SERVER: X-Mailer: PHPMailer 7.0.0 (https://github.com/PHPMailer/PHPMailer)

2025-11-22 11:13:19 - 1: CLIENT -> SERVER: MIME-Version: 1.0

2025-11-22 11:13:19 - 1: CLIENT -> SERVER: Content-Type: multipart/alternative;

2025-11-22 11:13:19 - 1: CLIENT -> SERVER:  boundary="b1=_uS4Hi1OgL33UOeM6CJsQ2BskyqtaUgM1gxSBdHCVxg"

2025-11-22 11:13:19 - 1: CLIENT -> SERVER: Content-Transfer-Encoding: 8bit

2025-11-22 11:13:19 - 1: CLIENT -> SERVER: 

2025-11-22 11:13:19 - 1: CLIENT -> SERVER: --b1=_uS4Hi1OgL33UOeM6CJsQ2BskyqtaUgM1gxSBdHCVxg

2025-11-22 11:13:19 - 1: CLIENT -> SERVER: Content-Type: text/plain; charset=iso-8859-1

2025-11-22 11:13:19 - 1: CLIENT -> SERVER: Content-Transfer-Encoding: 8bit

2025-11-22 11:13:19 - 1: CLIENT -> SERVER: 

2025-11-22 11:13:19 - 1: CLIENT -> SERVER: 

2025-11-22 11:13:19 - 1: CLIENT -> SERVER:                     

2025-11-22 11:13:19 - 1: CLIENT -> SERVER:                     

2025-11-22 11:13:19 - 1: CLIENT -> SERVER:                         Booking Confirmed!

2025-11-22 11:13:19 - 1: CLIENT -> SERVER:                         Dear marjan,

2025-11-22 11:13:19 - 1: CLIENT -> SERVER:                         Great news! Your booking has been CONFIRMED!

2025-11-22 11:13:19 - 1: CLIENT -> SERVER:                         

2025-11-22 11:13:19 - 1: CLIENT -> SERVER:                         

2025-11-22 11:13:19 - 1: CLIENT -> SERVER:                             Booking Details:

2025-11-22 11:13:19 - 1: CLIENT -> SERVER:                             Booking ID: RESORT1763798474868

2025-11-22 11:13:19 - 1: CLIENT -> SERVER:                             Cottage: Giant Kubo — ₱6,800

2025-11-22 11:13:19 - 1: CLIENT -> SERVER:                             Check-in Date: 2025-11-26

2025-11-22 11:13:19 - 1: CLIENT -> SERVER:                             Number of Guests: 2

2025-11-22 11:13:19 - 1: CLIENT -> SERVER:                             Status: CONFIRMED

2025-11-22 11:13:19 - 1: CLIENT -> SERVER:                         

2025-11-22 11:13:19 - 1: CLIENT -> SERVER:                         

2025-11-22 11:13:19 - 1: CLIENT -> SERVER:                         We're excited to welcome you to Heart Of D Ocean Beach Resort!

2025-11-22 11:13:19 - 1: CLIENT -> SERVER:                         If you have any questions, please contact us at heartofdocean2005@yahoo.com or call us.

2025-11-22 11:13:19 - 1: CLIENT -> SERVER:                         

2025-11-22 11:13:19 - 1: CLIENT -> SERVER:                         

2025-11-22 11:13:19 - 1: CLIENT -> SERVER:                         Best regards,The Heart Of D Ocean Team

2025-11-22 11:13:19 - 1: CLIENT -> SERVER:                     

2025-11-22 11:13:19 - 1: CLIENT -> SERVER:                     

2025-11-22 11:13:19 - 1: CLIENT -> SERVER:                     

2025-11-22 11:13:19 - 1: CLIENT -> SERVER: 

2025-11-22 11:13:19 - 1: CLIENT -> SERVER: --b1=_uS4Hi1OgL33UOeM6CJsQ2BskyqtaUgM1gxSBdHCVxg

2025-11-22 11:13:19 - 1: CLIENT -> SERVER: Content-Type: text/html; charset=iso-8859-1

2025-11-22 11:13:19 - 1: CLIENT -> SERVER: Content-Transfer-Encoding: 8bit

2025-11-22 11:13:19 - 1: CLIENT -> SERVER: 

2025-11-22 11:13:19 - 1: CLIENT -> SERVER: 

2025-11-22 11:13:19 - 1: CLIENT -> SERVER:                     <html>

2025-11-22 11:13:19 - 1: CLIENT -> SERVER:                     <body style='font-family: Arial, sans-serif; line-height: 1.6;'>

2025-11-22 11:13:19 - 1: CLIENT -> SERVER:                         <h2>Booking Confirmed!</h2>

2025-11-22 11:13:19 - 1: CLIENT -> SERVER:                         <p>Dear marjan,</p>

2025-11-22 11:13:19 - 1: CLIENT -> SERVER:                         <p>Great news! Your booking has been <strong style='color: #28a745;'>CONFIRMED</strong>!</p>

2025-11-22 11:13:19 - 1: CLIENT -> SERVER:                         

2025-11-22 11:13:19 - 1: CLIENT -> SERVER:                         <div style='background: #f8f9fa; padding: 20px; border-radius: 10px; margin: 20px 0;'>

2025-11-22 11:13:19 - 1: CLIENT -> SERVER:                             <h3>Booking Details:</h3>

2025-11-22 11:13:19 - 1: CLIENT -> SERVER:                             <p><strong>Booking ID:</strong> RESORT1763798474868</p>

2025-11-22 11:13:19 - 1: CLIENT -> SERVER:                             <p><strong>Cottage:</strong> Giant Kubo — ₱6,800</p>

2025-11-22 11:13:19 - 1: CLIENT -> SERVER:                             <p><strong>Check-in Date:</strong> 2025-11-26</p>

2025-11-22 11:13:19 - 1: CLIENT -> SERVER:                             <p><strong>Number of Guests:</strong> 2</p>

2025-11-22 11:13:19 - 1: CLIENT -> SERVER:                             <p><strong>Status:</strong> <span style='color: #28a745; font-weight: bold;'>CONFIRMED</span></p>

2025-11-22 11:13:19 - 1: CLIENT -> SERVER:                         </div>

2025-11-22 11:13:19 - 1: CLIENT -> SERVER:                         

2025-11-22 11:13:19 - 1: CLIENT -> SERVER:                         <p>We're excited to welcome you to Heart Of D Ocean Beach Resort!</p>

2025-11-22 11:13:19 - 1: CLIENT -> SERVER:                         <p>If you have any questions, please contact us at heartofdocean2005@yahoo.com or call us.</p>

2025-11-22 11:13:19 - 1: CLIENT -> SERVER:                         

2025-11-22 11:13:19 - 1: CLIENT -> SERVER:                         <br>

2025-11-22 11:13:19 - 1: CLIENT -> SERVER:                         <p>Best regards,<br>The Heart Of D Ocean Team</p>

2025-11-22 11:13:19 - 1: CLIENT -> SERVER:                     </body>

2025-11-22 11:13:19 - 1: CLIENT -> SERVER:                     </html>

2025-11-22 11:13:19 - 1: CLIENT -> SERVER:                     

2025-11-22 11:13:19 - 1: CLIENT -> SERVER: 

2025-11-22 11:13:19 - 1: CLIENT -> SERVER: 

2025-11-22 11:13:19 - 1: CLIENT -> SERVER: --b1=_uS4Hi1OgL33UOeM6CJsQ2BskyqtaUgM1gxSBdHCVxg--

2025-11-22 11:13:19 - 1: CLIENT -> SERVER: 

2025-11-22 11:13:19 - 1: CLIENT -> SERVER: .

2025-11-22 11:13:20 - 4: SMTP INBOUND: "250 2.0.0 OK  1763806399 d9443c01a7336-29b5b13a80csm81535525ad.35 - gsmtp"
2025-11-22 11:13:20 - 2: SERVER -> CLIENT: 250 2.0.0 OK  1763806399 d9443c01a7336-29b5b13a80csm81535525ad.35 - gsmtp

2025-11-22 11:13:20 - 1: CLIENT -> SERVER: QUIT

2025-11-22 11:13:20 - 4: SMTP INBOUND: "221 2.0.0 closing connection d9443c01a7336-29b5b13a80csm81535525ad.35 - gsmtp"
2025-11-22 11:13:20 - 2: SERVER -> CLIENT: 221 2.0.0 closing connection d9443c01a7336-29b5b13a80csm81535525ad.35 - gsmtp

2025-11-22 11:13:20 - 3: Connection: closed
2025-11-22 11:13:40 - 3: Connection: opening to smtp.gmail.com:587, timeout=300, options=array()
2025-11-22 11:13:40 - 3: Connection: opened
2025-11-22 11:13:40 - 4: SMTP INBOUND: "220 smtp.gmail.com ESMTP 98e67ed59e1d1-3472692ed92sm7859794a91.10 - gsmtp"
2025-11-22 11:13:40 - 2: SERVER -> CLIENT: 220 smtp.gmail.com ESMTP 98e67ed59e1d1-3472692ed92sm7859794a91.10 - gsmtp

2025-11-22 11:13:40 - 1: CLIENT -> SERVER: EHLO localhost

2025-11-22 11:13:40 - 4: SMTP INBOUND: "250-smtp.gmail.com at your service, [158.62.4.229]"
2025-11-22 11:13:40 - 4: SMTP INBOUND: "250-SIZE 35882577"
2025-11-22 11:13:40 - 4: SMTP INBOUND: "250-8BITMIME"
2025-11-22 11:13:40 - 4: SMTP INBOUND: "250-STARTTLS"
2025-11-22 11:13:40 - 4: SMTP INBOUND: "250-ENHANCEDSTATUSCODES"
2025-11-22 11:13:40 - 4: SMTP INBOUND: "250-PIPELINING"
2025-11-22 11:13:40 - 4: SMTP INBOUND: "250-CHUNKING"
2025-11-22 11:13:40 - 4: SMTP INBOUND: "250 SMTPUTF8"
2025-11-22 11:13:40 - 2: SERVER -> CLIENT: 250-smtp.gmail.com at your service, [158.62.4.229]
250-SIZE 35882577
250-8BITMIME
250-STARTTLS
250-ENHANCEDSTATUSCODES
250-PIPELINING
250-CHUNKING
250 SMTPUTF8

2025-11-22 11:13:40 - 1: CLIENT -> SERVER: STARTTLS

2025-11-22 11:13:41 - 4: SMTP INBOUND: "220 2.0.0 Ready to start TLS"
2025-11-22 11:13:41 - 2: SERVER -> CLIENT: 220 2.0.0 Ready to start TLS

2025-11-22 11:13:41 - 1: CLIENT -> SERVER: EHLO localhost

2025-11-22 11:13:41 - 4: SMTP INBOUND: "250-smtp.gmail.com at your service, [158.62.4.229]"
2025-11-22 11:13:41 - 4: SMTP INBOUND: "250-SIZE 35882577"
2025-11-22 11:13:41 - 4: SMTP INBOUND: "250-8BITMIME"
2025-11-22 11:13:41 - 4: SMTP INBOUND: "250-AUTH LOGIN PLAIN XOAUTH2 PLAIN-CLIENTTOKEN OAUTHBEARER XOAUTH"
2025-11-22 11:13:41 - 4: SMTP INBOUND: "250-ENHANCEDSTATUSCODES"
2025-11-22 11:13:41 - 4: SMTP INBOUND: "250-PIPELINING"
2025-11-22 11:13:41 - 4: SMTP INBOUND: "250-CHUNKING"
2025-11-22 11:13:41 - 4: SMTP INBOUND: "250 SMTPUTF8"
2025-11-22 11:13:41 - 2: SERVER -> CLIENT: 250-smtp.gmail.com at your service, [158.62.4.229]
250-SIZE 35882577
250-8BITMIME
250-AUTH LOGIN PLAIN XOAUTH2 PLAIN-CLIENTTOKEN OAUTHBEARER XOAUTH
250-ENHANCEDSTATUSCODES
250-PIPELINING
250-CHUNKING
250 SMTPUTF8

2025-11-22 11:13:41 - 4: Auth method requested: UNSPECIFIED
2025-11-22 11:13:41 - 4: Auth methods available on the server: LOGIN,PLAIN,XOAUTH2,PLAIN-CLIENTTOKEN,OAUTHBEARER,XOAUTH
2025-11-22 11:13:41 - 4: Requested auth method not available: 
2025-11-22 11:13:41 - 4: Auth method selected: LOGIN
2025-11-22 11:13:41 - 1: CLIENT -> SERVER: AUTH LOGIN

2025-11-22 11:13:41 - 4: SMTP INBOUND: "334 VXNlcm5hbWU6"
2025-11-22 11:13:41 - 2: SERVER -> CLIENT: 334 VXNlcm5hbWU6

2025-11-22 11:13:41 - 1: CLIENT -> SERVER: bWNwZWJyaW5laHFAZ21haWwuY29t

2025-11-22 11:13:41 - 4: SMTP INBOUND: "334 UGFzc3dvcmQ6"
2025-11-22 11:13:41 - 2: SERVER -> CLIENT: 334 UGFzc3dvcmQ6

2025-11-22 11:13:41 - 1: CLIENT -> SERVER: ZHRkeHh4aGNtYXVvIGVlYnQ=

2025-11-22 11:13:42 - 4: SMTP INBOUND: "235 2.7.0 Accepted"
2025-11-22 11:13:42 - 2: SERVER -> CLIENT: 235 2.7.0 Accepted

2025-11-22 11:13:42 - 1: CLIENT -> SERVER: MAIL FROM:<mcpebrinehq@gmail.com>

2025-11-22 11:13:42 - 4: SMTP INBOUND: "250 2.1.0 OK 98e67ed59e1d1-3472692ed92sm7859794a91.10 - gsmtp"
2025-11-22 11:13:42 - 2: SERVER -> CLIENT: 250 2.1.0 OK 98e67ed59e1d1-3472692ed92sm7859794a91.10 - gsmtp

2025-11-22 11:13:42 - 1: CLIENT -> SERVER: RCPT TO:<marjhonmatalog278@gmail.com>

2025-11-22 11:13:42 - 4: SMTP INBOUND: "250 2.1.5 OK 98e67ed59e1d1-3472692ed92sm7859794a91.10 - gsmtp"
2025-11-22 11:13:42 - 2: SERVER -> CLIENT: 250 2.1.5 OK 98e67ed59e1d1-3472692ed92sm7859794a91.10 - gsmtp

2025-11-22 11:13:42 - 1: CLIENT -> SERVER: DATA

2025-11-22 11:13:42 - 4: SMTP INBOUND: "354 Go ahead 98e67ed59e1d1-3472692ed92sm7859794a91.10 - gsmtp"
2025-11-22 11:13:42 - 2: SERVER -> CLIENT: 354 Go ahead 98e67ed59e1d1-3472692ed92sm7859794a91.10 - gsmtp

2025-11-22 11:13:42 - 1: CLIENT -> SERVER: Date: Sat, 22 Nov 2025 11:13:40 +0100

2025-11-22 11:13:42 - 1: CLIENT -> SERVER: To: marjhonmatalog278@gmail.com

2025-11-22 11:13:42 - 1: CLIENT -> SERVER: From: Heart Of D Ocean Resort <mcpebrinehq@gmail.com>

2025-11-22 11:13:42 - 1: CLIENT -> SERVER: Reply-To: Heart Of D Ocean Resort <heartofdocean2005@yahoo.com>

2025-11-22 11:13:42 - 1: CLIENT -> SERVER: Subject: Booking CONFIRMED - Heart Of D Ocean Beach Resort

2025-11-22 11:13:42 - 1: CLIENT -> SERVER: Message-ID: <YJuwzLtRlUre1uz4Y25Tj2IrH4LF6XBX6NQruzHI@localhost>

2025-11-22 11:13:42 - 1: CLIENT -> SERVER: X-Mailer: PHPMailer 7.0.0 (https://github.com/PHPMailer/PHPMailer)

2025-11-22 11:13:42 - 1: CLIENT -> SERVER: MIME-Version: 1.0

2025-11-22 11:13:42 - 1: CLIENT -> SERVER: Content-Type: multipart/alternative;

2025-11-22 11:13:42 - 1: CLIENT -> SERVER:  boundary="b1=_YJuwzLtRlUre1uz4Y25Tj2IrH4LF6XBX6NQruzHI"

2025-11-22 11:13:42 - 1: CLIENT -> SERVER: Content-Transfer-Encoding: 8bit

2025-11-22 11:13:42 - 1: CLIENT -> SERVER: 

2025-11-22 11:13:42 - 1: CLIENT -> SERVER: --b1=_YJuwzLtRlUre1uz4Y25Tj2IrH4LF6XBX6NQruzHI

2025-11-22 11:13:42 - 1: CLIENT -> SERVER: Content-Type: text/plain; charset=iso-8859-1

2025-11-22 11:13:42 - 1: CLIENT -> SERVER: Content-Transfer-Encoding: 8bit

2025-11-22 11:13:42 - 1: CLIENT -> SERVER: 

2025-11-22 11:13:42 - 1: CLIENT -> SERVER: 

2025-11-22 11:13:42 - 1: CLIENT -> SERVER:                     

2025-11-22 11:13:42 - 1: CLIENT -> SERVER:                     

2025-11-22 11:13:42 - 1: CLIENT -> SERVER:                         Booking Confirmed!

2025-11-22 11:13:42 - 1: CLIENT -> SERVER:                         Dear marjan,

2025-11-22 11:13:42 - 1: CLIENT -> SERVER:                         Great news! Your booking has been CONFIRMED!

2025-11-22 11:13:42 - 1: CLIENT -> SERVER:                         

2025-11-22 11:13:42 - 1: CLIENT -> SERVER:                         

2025-11-22 11:13:42 - 1: CLIENT -> SERVER:                             Booking Details:

2025-11-22 11:13:42 - 1: CLIENT -> SERVER:                             Booking ID: RESORT1763798227682

2025-11-22 11:13:42 - 1: CLIENT -> SERVER:                             Cottage: Premium 838 — ₱7,800

2025-11-22 11:13:42 - 1: CLIENT -> SERVER:                             Check-in Date: 2025-11-27

2025-11-22 11:13:42 - 1: CLIENT -> SERVER:                             Number of Guests: 2

2025-11-22 11:13:42 - 1: CLIENT -> SERVER:                             Status: CONFIRMED

2025-11-22 11:13:42 - 1: CLIENT -> SERVER:                         

2025-11-22 11:13:42 - 1: CLIENT -> SERVER:                         

2025-11-22 11:13:42 - 1: CLIENT -> SERVER:                         We're excited to welcome you to Heart Of D Ocean Beach Resort!

2025-11-22 11:13:42 - 1: CLIENT -> SERVER:                         If you have any questions, please contact us at heartofdocean2005@yahoo.com or call us.

2025-11-22 11:13:42 - 1: CLIENT -> SERVER:                         

2025-11-22 11:13:42 - 1: CLIENT -> SERVER:                         

2025-11-22 11:13:42 - 1: CLIENT -> SERVER:                         Best regards,The Heart Of D Ocean Team

2025-11-22 11:13:42 - 1: CLIENT -> SERVER:                     

2025-11-22 11:13:42 - 1: CLIENT -> SERVER:                     

2025-11-22 11:13:42 - 1: CLIENT -> SERVER:                     

2025-11-22 11:13:42 - 1: CLIENT -> SERVER: 

2025-11-22 11:13:42 - 1: CLIENT -> SERVER: --b1=_YJuwzLtRlUre1uz4Y25Tj2IrH4LF6XBX6NQruzHI

2025-11-22 11:13:42 - 1: CLIENT -> SERVER: Content-Type: text/html; charset=iso-8859-1

2025-11-22 11:13:42 - 1: CLIENT -> SERVER: Content-Transfer-Encoding: 8bit

2025-11-22 11:13:42 - 1: CLIENT -> SERVER: 

2025-11-22 11:13:42 - 1: CLIENT -> SERVER: 

2025-11-22 11:13:42 - 1: CLIENT -> SERVER:                     <html>

2025-11-22 11:13:42 - 1: CLIENT -> SERVER:                     <body style='font-family: Arial, sans-serif; line-height: 1.6;'>

2025-11-22 11:13:42 - 1: CLIENT -> SERVER:                         <h2>Booking Confirmed!</h2>

2025-11-22 11:13:42 - 1: CLIENT -> SERVER:                         <p>Dear marjan,</p>

2025-11-22 11:13:42 - 1: CLIENT -> SERVER:                         <p>Great news! Your booking has been <strong style='color: #28a745;'>CONFIRMED</strong>!</p>

2025-11-22 11:13:42 - 1: CLIENT -> SERVER:                         

2025-11-22 11:13:42 - 1: CLIENT -> SERVER:                         <div style='background: #f8f9fa; padding: 20px; border-radius: 10px; margin: 20px 0;'>

2025-11-22 11:13:42 - 1: CLIENT -> SERVER:                             <h3>Booking Details:</h3>

2025-11-22 11:13:42 - 1: CLIENT -> SERVER:                             <p><strong>Booking ID:</strong> RESORT1763798227682</p>

2025-11-22 11:13:42 - 1: CLIENT -> SERVER:                             <p><strong>Cottage:</strong> Premium 838 — ₱7,800</p>

2025-11-22 11:13:42 - 1: CLIENT -> SERVER:                             <p><strong>Check-in Date:</strong> 2025-11-27</p>

2025-11-22 11:13:42 - 1: CLIENT -> SERVER:                             <p><strong>Number of Guests:</strong> 2</p>

2025-11-22 11:13:42 - 1: CLIENT -> SERVER:                             <p><strong>Status:</strong> <span style='color: #28a745; font-weight: bold;'>CONFIRMED</span></p>

2025-11-22 11:13:42 - 1: CLIENT -> SERVER:                         </div>

2025-11-22 11:13:42 - 1: CLIENT -> SERVER:                         

2025-11-22 11:13:42 - 1: CLIENT -> SERVER:                         <p>We're excited to welcome you to Heart Of D Ocean Beach Resort!</p>

2025-11-22 11:13:42 - 1: CLIENT -> SERVER:                         <p>If you have any questions, please contact us at heartofdocean2005@yahoo.com or call us.</p>

2025-11-22 11:13:42 - 1: CLIENT -> SERVER:                         

2025-11-22 11:13:42 - 1: CLIENT -> SERVER:                         <br>

2025-11-22 11:13:42 - 1: CLIENT -> SERVER:                         <p>Best regards,<br>The Heart Of D Ocean Team</p>

2025-11-22 11:13:42 - 1: CLIENT -> SERVER:                     </body>

2025-11-22 11:13:42 - 1: CLIENT -> SERVER:                     </html>

2025-11-22 11:13:42 - 1: CLIENT -> SERVER:                     

2025-11-22 11:13:42 - 1: CLIENT -> SERVER: 

2025-11-22 11:13:42 - 1: CLIENT -> SERVER: 

2025-11-22 11:13:42 - 1: CLIENT -> SERVER: --b1=_YJuwzLtRlUre1uz4Y25Tj2IrH4LF6XBX6NQruzHI--

2025-11-22 11:13:42 - 1: CLIENT -> SERVER: 

2025-11-22 11:13:42 - 1: CLIENT -> SERVER: .

2025-11-22 11:13:43 - 4: SMTP INBOUND: "250 2.0.0 OK  1763806422 98e67ed59e1d1-3472692ed92sm7859794a91.10 - gsmtp"
2025-11-22 11:13:43 - 2: SERVER -> CLIENT: 250 2.0.0 OK  1763806422 98e67ed59e1d1-3472692ed92sm7859794a91.10 - gsmtp

2025-11-22 11:13:43 - 1: CLIENT -> SERVER: QUIT

2025-11-22 11:13:43 - 4: SMTP INBOUND: "221 2.0.0 closing connection 98e67ed59e1d1-3472692ed92sm7859794a91.10 - gsmtp"
2025-11-22 11:13:43 - 2: SERVER -> CLIENT: 221 2.0.0 closing connection 98e67ed59e1d1-3472692ed92sm7859794a91.10 - gsmtp

2025-11-22 11:13:43 - 3: Connection: closed
2025-11-22 11:14:09 - 3: Connection: opening to smtp.gmail.com:587, timeout=300, options=array()
2025-11-22 11:14:09 - 3: Connection: opened
2025-11-22 11:14:10 - 4: SMTP INBOUND: "220 smtp.gmail.com ESMTP d9443c01a7336-29b5b111650sm79192595ad.8 - gsmtp"
2025-11-22 11:14:10 - 2: SERVER -> CLIENT: 220 smtp.gmail.com ESMTP d9443c01a7336-29b5b111650sm79192595ad.8 - gsmtp

2025-11-22 11:14:10 - 1: CLIENT -> SERVER: EHLO localhost

2025-11-22 11:14:10 - 4: SMTP INBOUND: "250-smtp.gmail.com at your service, [158.62.4.229]"
2025-11-22 11:14:10 - 4: SMTP INBOUND: "250-SIZE 35882577"
2025-11-22 11:14:10 - 4: SMTP INBOUND: "250-8BITMIME"
2025-11-22 11:14:10 - 4: SMTP INBOUND: "250-STARTTLS"
2025-11-22 11:14:10 - 4: SMTP INBOUND: "250-ENHANCEDSTATUSCODES"
2025-11-22 11:14:10 - 4: SMTP INBOUND: "250-PIPELINING"
2025-11-22 11:14:10 - 4: SMTP INBOUND: "250-CHUNKING"
2025-11-22 11:14:10 - 4: SMTP INBOUND: "250 SMTPUTF8"
2025-11-22 11:14:10 - 2: SERVER -> CLIENT: 250-smtp.gmail.com at your service, [158.62.4.229]
250-SIZE 35882577
250-8BITMIME
250-STARTTLS
250-ENHANCEDSTATUSCODES
250-PIPELINING
250-CHUNKING
250 SMTPUTF8

2025-11-22 11:14:10 - 1: CLIENT -> SERVER: STARTTLS

2025-11-22 11:14:10 - 4: SMTP INBOUND: "220 2.0.0 Ready to start TLS"
2025-11-22 11:14:10 - 2: SERVER -> CLIENT: 220 2.0.0 Ready to start TLS

2025-11-22 11:14:10 - 1: CLIENT -> SERVER: EHLO localhost

2025-11-22 11:14:10 - 4: SMTP INBOUND: "250-smtp.gmail.com at your service, [158.62.4.229]"
2025-11-22 11:14:10 - 4: SMTP INBOUND: "250-SIZE 35882577"
2025-11-22 11:14:10 - 4: SMTP INBOUND: "250-8BITMIME"
2025-11-22 11:14:10 - 4: SMTP INBOUND: "250-AUTH LOGIN PLAIN XOAUTH2 PLAIN-CLIENTTOKEN OAUTHBEARER XOAUTH"
2025-11-22 11:14:10 - 4: SMTP INBOUND: "250-ENHANCEDSTATUSCODES"
2025-11-22 11:14:10 - 4: SMTP INBOUND: "250-PIPELINING"
2025-11-22 11:14:10 - 4: SMTP INBOUND: "250-CHUNKING"
2025-11-22 11:14:10 - 4: SMTP INBOUND: "250 SMTPUTF8"
2025-11-22 11:14:10 - 2: SERVER -> CLIENT: 250-smtp.gmail.com at your service, [158.62.4.229]
250-SIZE 35882577
250-8BITMIME
250-AUTH LOGIN PLAIN XOAUTH2 PLAIN-CLIENTTOKEN OAUTHBEARER XOAUTH
250-ENHANCEDSTATUSCODES
250-PIPELINING
250-CHUNKING
250 SMTPUTF8

2025-11-22 11:14:10 - 4: Auth method requested: UNSPECIFIED
2025-11-22 11:14:10 - 4: Auth methods available on the server: LOGIN,PLAIN,XOAUTH2,PLAIN-CLIENTTOKEN,OAUTHBEARER,XOAUTH
2025-11-22 11:14:10 - 4: Requested auth method not available: 
2025-11-22 11:14:10 - 4: Auth method selected: LOGIN
2025-11-22 11:14:10 - 1: CLIENT -> SERVER: AUTH LOGIN

2025-11-22 11:14:11 - 4: SMTP INBOUND: "334 VXNlcm5hbWU6"
2025-11-22 11:14:11 - 2: SERVER -> CLIENT: 334 VXNlcm5hbWU6

2025-11-22 11:14:11 - 1: CLIENT -> SERVER: bWNwZWJyaW5laHFAZ21haWwuY29t

2025-11-22 11:14:11 - 4: SMTP INBOUND: "334 UGFzc3dvcmQ6"
2025-11-22 11:14:11 - 2: SERVER -> CLIENT: 334 UGFzc3dvcmQ6

2025-11-22 11:14:11 - 1: CLIENT -> SERVER: ZHRkeHh4aGNtYXVvIGVlYnQ=

2025-11-22 11:14:11 - 4: SMTP INBOUND: "235 2.7.0 Accepted"
2025-11-22 11:14:11 - 2: SERVER -> CLIENT: 235 2.7.0 Accepted

2025-11-22 11:14:11 - 1: CLIENT -> SERVER: MAIL FROM:<mcpebrinehq@gmail.com>

2025-11-22 11:14:11 - 4: SMTP INBOUND: "250 2.1.0 OK d9443c01a7336-29b5b111650sm79192595ad.8 - gsmtp"
2025-11-22 11:14:11 - 2: SERVER -> CLIENT: 250 2.1.0 OK d9443c01a7336-29b5b111650sm79192595ad.8 - gsmtp

2025-11-22 11:14:11 - 1: CLIENT -> SERVER: RCPT TO:<marjhonmatalog278@gmail.com>

2025-11-22 11:14:12 - 4: SMTP INBOUND: "250 2.1.5 OK d9443c01a7336-29b5b111650sm79192595ad.8 - gsmtp"
2025-11-22 11:14:12 - 2: SERVER -> CLIENT: 250 2.1.5 OK d9443c01a7336-29b5b111650sm79192595ad.8 - gsmtp

2025-11-22 11:14:12 - 1: CLIENT -> SERVER: DATA

2025-11-22 11:14:12 - 4: SMTP INBOUND: "354 Go ahead d9443c01a7336-29b5b111650sm79192595ad.8 - gsmtp"
2025-11-22 11:14:12 - 2: SERVER -> CLIENT: 354 Go ahead d9443c01a7336-29b5b111650sm79192595ad.8 - gsmtp

2025-11-22 11:14:12 - 1: CLIENT -> SERVER: Date: Sat, 22 Nov 2025 11:14:09 +0100

2025-11-22 11:14:12 - 1: CLIENT -> SERVER: To: marjhonmatalog278@gmail.com

2025-11-22 11:14:12 - 1: CLIENT -> SERVER: From: Heart Of D Ocean Resort <mcpebrinehq@gmail.com>

2025-11-22 11:14:12 - 1: CLIENT -> SERVER: Reply-To: Heart Of D Ocean Resort <heartofdocean2005@yahoo.com>

2025-11-22 11:14:12 - 1: CLIENT -> SERVER: Subject: Booking CONFIRMED - Heart Of D Ocean Beach Resort

2025-11-22 11:14:12 - 1: CLIENT -> SERVER: Message-ID: <cBDFSCP0IrExqJLY1GcPHoxeavCceuncfhwxzRRGhdI@localhost>

2025-11-22 11:14:12 - 1: CLIENT -> SERVER: X-Mailer: PHPMailer 7.0.0 (https://github.com/PHPMailer/PHPMailer)

2025-11-22 11:14:12 - 1: CLIENT -> SERVER: MIME-Version: 1.0

2025-11-22 11:14:12 - 1: CLIENT -> SERVER: Content-Type: multipart/alternative;

2025-11-22 11:14:12 - 1: CLIENT -> SERVER:  boundary="b1=_cBDFSCP0IrExqJLY1GcPHoxeavCceuncfhwxzRRGhdI"

2025-11-22 11:14:12 - 1: CLIENT -> SERVER: Content-Transfer-Encoding: 8bit

2025-11-22 11:14:12 - 1: CLIENT -> SERVER: 

2025-11-22 11:14:12 - 1: CLIENT -> SERVER: --b1=_cBDFSCP0IrExqJLY1GcPHoxeavCceuncfhwxzRRGhdI

2025-11-22 11:14:12 - 1: CLIENT -> SERVER: Content-Type: text/plain; charset=iso-8859-1

2025-11-22 11:14:12 - 1: CLIENT -> SERVER: Content-Transfer-Encoding: 8bit

2025-11-22 11:14:12 - 1: CLIENT -> SERVER: 

2025-11-22 11:14:12 - 1: CLIENT -> SERVER: 

2025-11-22 11:14:12 - 1: CLIENT -> SERVER:                     

2025-11-22 11:14:12 - 1: CLIENT -> SERVER:                     

2025-11-22 11:14:12 - 1: CLIENT -> SERVER:                         Booking Confirmed!

2025-11-22 11:14:12 - 1: CLIENT -> SERVER:                         Dear marjan,

2025-11-22 11:14:12 - 1: CLIENT -> SERVER:                         Great news! Your booking has been CONFIRMED!

2025-11-22 11:14:12 - 1: CLIENT -> SERVER:                         

2025-11-22 11:14:12 - 1: CLIENT -> SERVER:                         

2025-11-22 11:14:12 - 1: CLIENT -> SERVER:                             Booking Details:

2025-11-22 11:14:12 - 1: CLIENT -> SERVER:                             Booking ID: RESORT1763797971528

2025-11-22 11:14:12 - 1: CLIENT -> SERVER:                             Cottage: Beatrice A — ₱7,800

2025-11-22 11:14:12 - 1: CLIENT -> SERVER:                             Check-in Date: 2025-11-28

2025-11-22 11:14:12 - 1: CLIENT -> SERVER:                             Number of Guests: 2

2025-11-22 11:14:12 - 1: CLIENT -> SERVER:                             Status: CONFIRMED

2025-11-22 11:14:12 - 1: CLIENT -> SERVER:                         

2025-11-22 11:14:12 - 1: CLIENT -> SERVER:                         

2025-11-22 11:14:12 - 1: CLIENT -> SERVER:                         We're excited to welcome you to Heart Of D Ocean Beach Resort!

2025-11-22 11:14:12 - 1: CLIENT -> SERVER:                         If you have any questions, please contact us at heartofdocean2005@yahoo.com or call us.

2025-11-22 11:14:12 - 1: CLIENT -> SERVER:                         

2025-11-22 11:14:12 - 1: CLIENT -> SERVER:                         

2025-11-22 11:14:12 - 1: CLIENT -> SERVER:                         Best regards,The Heart Of D Ocean Team

2025-11-22 11:14:12 - 1: CLIENT -> SERVER:                     

2025-11-22 11:14:12 - 1: CLIENT -> SERVER:                     

2025-11-22 11:14:12 - 1: CLIENT -> SERVER:                     

2025-11-22 11:14:12 - 1: CLIENT -> SERVER: 

2025-11-22 11:14:12 - 1: CLIENT -> SERVER: --b1=_cBDFSCP0IrExqJLY1GcPHoxeavCceuncfhwxzRRGhdI

2025-11-22 11:14:12 - 1: CLIENT -> SERVER: Content-Type: text/html; charset=iso-8859-1

2025-11-22 11:14:12 - 1: CLIENT -> SERVER: Content-Transfer-Encoding: 8bit

2025-11-22 11:14:12 - 1: CLIENT -> SERVER: 

2025-11-22 11:14:12 - 1: CLIENT -> SERVER: 

2025-11-22 11:14:12 - 1: CLIENT -> SERVER:                     <html>

2025-11-22 11:14:12 - 1: CLIENT -> SERVER:                     <body style='font-family: Arial, sans-serif; line-height: 1.6;'>

2025-11-22 11:14:12 - 1: CLIENT -> SERVER:                         <h2>Booking Confirmed!</h2>

2025-11-22 11:14:12 - 1: CLIENT -> SERVER:                         <p>Dear marjan,</p>

2025-11-22 11:14:12 - 1: CLIENT -> SERVER:                         <p>Great news! Your booking has been <strong style='color: #28a745;'>CONFIRMED</strong>!</p>

2025-11-22 11:14:12 - 1: CLIENT -> SERVER:                         

2025-11-22 11:14:12 - 1: CLIENT -> SERVER:                         <div style='background: #f8f9fa; padding: 20px; border-radius: 10px; margin: 20px 0;'>

2025-11-22 11:14:12 - 1: CLIENT -> SERVER:                             <h3>Booking Details:</h3>

2025-11-22 11:14:12 - 1: CLIENT -> SERVER:                             <p><strong>Booking ID:</strong> RESORT1763797971528</p>

2025-11-22 11:14:12 - 1: CLIENT -> SERVER:                             <p><strong>Cottage:</strong> Beatrice A — ₱7,800</p>

2025-11-22 11:14:12 - 1: CLIENT -> SERVER:                             <p><strong>Check-in Date:</strong> 2025-11-28</p>

2025-11-22 11:14:12 - 1: CLIENT -> SERVER:                             <p><strong>Number of Guests:</strong> 2</p>

2025-11-22 11:14:12 - 1: CLIENT -> SERVER:                             <p><strong>Status:</strong> <span style='color: #28a745; font-weight: bold;'>CONFIRMED</span></p>

2025-11-22 11:14:12 - 1: CLIENT -> SERVER:                         </div>

2025-11-22 11:14:12 - 1: CLIENT -> SERVER:                         

2025-11-22 11:14:12 - 1: CLIENT -> SERVER:                         <p>We're excited to welcome you to Heart Of D Ocean Beach Resort!</p>

2025-11-22 11:14:12 - 1: CLIENT -> SERVER:                         <p>If you have any questions, please contact us at heartofdocean2005@yahoo.com or call us.</p>

2025-11-22 11:14:12 - 1: CLIENT -> SERVER:                         

2025-11-22 11:14:12 - 1: CLIENT -> SERVER:                         <br>

2025-11-22 11:14:12 - 1: CLIENT -> SERVER:                         <p>Best regards,<br>The Heart Of D Ocean Team</p>

2025-11-22 11:14:12 - 1: CLIENT -> SERVER:                     </body>

2025-11-22 11:14:12 - 1: CLIENT -> SERVER:                     </html>

2025-11-22 11:14:12 - 1: CLIENT -> SERVER:                     

2025-11-22 11:14:12 - 1: CLIENT -> SERVER: 

2025-11-22 11:14:12 - 1: CLIENT -> SERVER: 

2025-11-22 11:14:12 - 1: CLIENT -> SERVER: --b1=_cBDFSCP0IrExqJLY1GcPHoxeavCceuncfhwxzRRGhdI--

2025-11-22 11:14:12 - 1: CLIENT -> SERVER: 

2025-11-22 11:14:12 - 1: CLIENT -> SERVER: .

2025-11-22 11:14:12 - 4: SMTP INBOUND: "250 2.0.0 OK  1763806451 d9443c01a7336-29b5b111650sm79192595ad.8 - gsmtp"
2025-11-22 11:14:12 - 2: SERVER -> CLIENT: 250 2.0.0 OK  1763806451 d9443c01a7336-29b5b111650sm79192595ad.8 - gsmtp

2025-11-22 11:14:12 - 1: CLIENT -> SERVER: QUIT

2025-11-22 11:14:13 - 4: SMTP INBOUND: "221 2.0.0 closing connection d9443c01a7336-29b5b111650sm79192595ad.8 - gsmtp"
2025-11-22 11:14:13 - 2: SERVER -> CLIENT: 221 2.0.0 closing connection d9443c01a7336-29b5b111650sm79192595ad.8 - gsmtp

2025-11-22 11:14:13 - 3: Connection: closed
2025-11-22 11:14:13 - 3: Connection: opening to smtp.gmail.com:587, timeout=300, options=array()
2025-11-22 11:14:13 - 3: Connection: opened
2025-11-22 11:14:13 - 4: SMTP INBOUND: "220 smtp.gmail.com ESMTP 98e67ed59e1d1-34726696cd4sm8074554a91.4 - gsmtp"
2025-11-22 11:14:13 - 2: SERVER -> CLIENT: 220 smtp.gmail.com ESMTP 98e67ed59e1d1-34726696cd4sm8074554a91.4 - gsmtp

2025-11-22 11:14:13 - 1: CLIENT -> SERVER: EHLO localhost

2025-11-22 11:14:13 - 4: SMTP INBOUND: "250-smtp.gmail.com at your service, [158.62.4.229]"
2025-11-22 11:14:13 - 4: SMTP INBOUND: "250-SIZE 35882577"
2025-11-22 11:14:13 - 4: SMTP INBOUND: "250-8BITMIME"
2025-11-22 11:14:13 - 4: SMTP INBOUND: "250-STARTTLS"
2025-11-22 11:14:13 - 4: SMTP INBOUND: "250-ENHANCEDSTATUSCODES"
2025-11-22 11:14:13 - 4: SMTP INBOUND: "250-PIPELINING"
2025-11-22 11:14:13 - 4: SMTP INBOUND: "250-CHUNKING"
2025-11-22 11:14:13 - 4: SMTP INBOUND: "250 SMTPUTF8"
2025-11-22 11:14:13 - 2: SERVER -> CLIENT: 250-smtp.gmail.com at your service, [158.62.4.229]
250-SIZE 35882577
250-8BITMIME
250-STARTTLS
250-ENHANCEDSTATUSCODES
250-PIPELINING
250-CHUNKING
250 SMTPUTF8

2025-11-22 11:14:13 - 1: CLIENT -> SERVER: STARTTLS

2025-11-22 11:14:13 - 4: SMTP INBOUND: "220 2.0.0 Ready to start TLS"
2025-11-22 11:14:13 - 2: SERVER -> CLIENT: 220 2.0.0 Ready to start TLS

2025-11-22 11:14:13 - 1: CLIENT -> SERVER: EHLO localhost

2025-11-22 11:14:14 - 4: SMTP INBOUND: "250-smtp.gmail.com at your service, [158.62.4.229]"
2025-11-22 11:14:14 - 4: SMTP INBOUND: "250-SIZE 35882577"
2025-11-22 11:14:14 - 4: SMTP INBOUND: "250-8BITMIME"
2025-11-22 11:14:14 - 4: SMTP INBOUND: "250-AUTH LOGIN PLAIN XOAUTH2 PLAIN-CLIENTTOKEN OAUTHBEARER XOAUTH"
2025-11-22 11:14:14 - 4: SMTP INBOUND: "250-ENHANCEDSTATUSCODES"
2025-11-22 11:14:14 - 4: SMTP INBOUND: "250-PIPELINING"
2025-11-22 11:14:14 - 4: SMTP INBOUND: "250-CHUNKING"
2025-11-22 11:14:14 - 4: SMTP INBOUND: "250 SMTPUTF8"
2025-11-22 11:14:14 - 2: SERVER -> CLIENT: 250-smtp.gmail.com at your service, [158.62.4.229]
250-SIZE 35882577
250-8BITMIME
250-AUTH LOGIN PLAIN XOAUTH2 PLAIN-CLIENTTOKEN OAUTHBEARER XOAUTH
250-ENHANCEDSTATUSCODES
250-PIPELINING
250-CHUNKING
250 SMTPUTF8

2025-11-22 11:14:14 - 4: Auth method requested: UNSPECIFIED
2025-11-22 11:14:14 - 4: Auth methods available on the server: LOGIN,PLAIN,XOAUTH2,PLAIN-CLIENTTOKEN,OAUTHBEARER,XOAUTH
2025-11-22 11:14:14 - 4: Requested auth method not available: 
2025-11-22 11:14:14 - 4: Auth method selected: LOGIN
2025-11-22 11:14:14 - 1: CLIENT -> SERVER: AUTH LOGIN

2025-11-22 11:14:14 - 4: SMTP INBOUND: "334 VXNlcm5hbWU6"
2025-11-22 11:14:14 - 2: SERVER -> CLIENT: 334 VXNlcm5hbWU6

2025-11-22 11:14:14 - 1: CLIENT -> SERVER: bWNwZWJyaW5laHFAZ21haWwuY29t

2025-11-22 11:14:14 - 4: SMTP INBOUND: "334 UGFzc3dvcmQ6"
2025-11-22 11:14:14 - 2: SERVER -> CLIENT: 334 UGFzc3dvcmQ6

2025-11-22 11:14:14 - 1: CLIENT -> SERVER: ZHRkeHh4aGNtYXVvIGVlYnQ=

2025-11-22 11:14:14 - 4: SMTP INBOUND: "235 2.7.0 Accepted"
2025-11-22 11:14:14 - 2: SERVER -> CLIENT: 235 2.7.0 Accepted

2025-11-22 11:14:14 - 1: CLIENT -> SERVER: MAIL FROM:<mcpebrinehq@gmail.com>

2025-11-22 11:14:15 - 4: SMTP INBOUND: "250 2.1.0 OK 98e67ed59e1d1-34726696cd4sm8074554a91.4 - gsmtp"
2025-11-22 11:14:15 - 2: SERVER -> CLIENT: 250 2.1.0 OK 98e67ed59e1d1-34726696cd4sm8074554a91.4 - gsmtp

2025-11-22 11:14:15 - 1: CLIENT -> SERVER: RCPT TO:<24-07711@g.batstate-u.edu.ph>

2025-11-22 11:14:15 - 4: SMTP INBOUND: "250 2.1.5 OK 98e67ed59e1d1-34726696cd4sm8074554a91.4 - gsmtp"
2025-11-22 11:14:15 - 2: SERVER -> CLIENT: 250 2.1.5 OK 98e67ed59e1d1-34726696cd4sm8074554a91.4 - gsmtp

2025-11-22 11:14:15 - 1: CLIENT -> SERVER: DATA

2025-11-22 11:14:15 - 4: SMTP INBOUND: "354 Go ahead 98e67ed59e1d1-34726696cd4sm8074554a91.4 - gsmtp"
2025-11-22 11:14:15 - 2: SERVER -> CLIENT: 354 Go ahead 98e67ed59e1d1-34726696cd4sm8074554a91.4 - gsmtp

2025-11-22 11:14:15 - 1: CLIENT -> SERVER: Date: Sat, 22 Nov 2025 11:14:13 +0100

2025-11-22 11:14:15 - 1: CLIENT -> SERVER: To: 24-07711@g.batstate-u.edu.ph

2025-11-22 11:14:15 - 1: CLIENT -> SERVER: From: Heart Of D Ocean Resort <mcpebrinehq@gmail.com>

2025-11-22 11:14:15 - 1: CLIENT -> SERVER: Reply-To: Heart Of D Ocean Resort <heartofdocean2005@yahoo.com>

2025-11-22 11:14:15 - 1: CLIENT -> SERVER: Subject: Booking CONFIRMED - Heart Of D Ocean Beach Resort

2025-11-22 11:14:15 - 1: CLIENT -> SERVER: Message-ID: <Rykgi9qoH1dSmg9Bh1YwnJbRiZp3ezDLHjoICmSF4@localhost>

2025-11-22 11:14:15 - 1: CLIENT -> SERVER: X-Mailer: PHPMailer 7.0.0 (https://github.com/PHPMailer/PHPMailer)

2025-11-22 11:14:15 - 1: CLIENT -> SERVER: MIME-Version: 1.0

2025-11-22 11:14:15 - 1: CLIENT -> SERVER: Content-Type: multipart/alternative;

2025-11-22 11:14:15 - 1: CLIENT -> SERVER:  boundary="b1=_Rykgi9qoH1dSmg9Bh1YwnJbRiZp3ezDLHjoICmSF4"

2025-11-22 11:14:15 - 1: CLIENT -> SERVER: Content-Transfer-Encoding: 8bit

2025-11-22 11:14:15 - 1: CLIENT -> SERVER: 

2025-11-22 11:14:15 - 1: CLIENT -> SERVER: --b1=_Rykgi9qoH1dSmg9Bh1YwnJbRiZp3ezDLHjoICmSF4

2025-11-22 11:14:15 - 1: CLIENT -> SERVER: Content-Type: text/plain; charset=iso-8859-1

2025-11-22 11:14:15 - 1: CLIENT -> SERVER: Content-Transfer-Encoding: 8bit

2025-11-22 11:14:15 - 1: CLIENT -> SERVER: 

2025-11-22 11:14:15 - 1: CLIENT -> SERVER: 

2025-11-22 11:14:15 - 1: CLIENT -> SERVER:                     

2025-11-22 11:14:15 - 1: CLIENT -> SERVER:                     

2025-11-22 11:14:15 - 1: CLIENT -> SERVER:                         Booking Confirmed!

2025-11-22 11:14:15 - 1: CLIENT -> SERVER:                         Dear Mar Jhon Lowie Matalog,

2025-11-22 11:14:15 - 1: CLIENT -> SERVER:                         Great news! Your booking has been CONFIRMED!

2025-11-22 11:14:15 - 1: CLIENT -> SERVER:                         

2025-11-22 11:14:15 - 1: CLIENT -> SERVER:                         

2025-11-22 11:14:15 - 1: CLIENT -> SERVER:                             Booking Details:

2025-11-22 11:14:15 - 1: CLIENT -> SERVER:                             Booking ID: RESORT1763746240471

2025-11-22 11:14:15 - 1: CLIENT -> SERVER:                             Cottage: Seaside (Half) — ₱3,400

2025-11-22 11:14:15 - 1: CLIENT -> SERVER:                             Check-in Date: 2026-01-29

2025-11-22 11:14:15 - 1: CLIENT -> SERVER:                             Number of Guests: 2

2025-11-22 11:14:15 - 1: CLIENT -> SERVER:                             Status: CONFIRMED

2025-11-22 11:14:15 - 1: CLIENT -> SERVER:                         

2025-11-22 11:14:15 - 1: CLIENT -> SERVER:                         

2025-11-22 11:14:15 - 1: CLIENT -> SERVER:                         We're excited to welcome you to Heart Of D Ocean Beach Resort!

2025-11-22 11:14:15 - 1: CLIENT -> SERVER:                         If you have any questions, please contact us at heartofdocean2005@yahoo.com or call us.

2025-11-22 11:14:15 - 1: CLIENT -> SERVER:                         

2025-11-22 11:14:15 - 1: CLIENT -> SERVER:                         

2025-11-22 11:14:15 - 1: CLIENT -> SERVER:                         Best regards,The Heart Of D Ocean Team

2025-11-22 11:14:15 - 1: CLIENT -> SERVER:                     

2025-11-22 11:14:15 - 1: CLIENT -> SERVER:                     

2025-11-22 11:14:15 - 1: CLIENT -> SERVER:                     

2025-11-22 11:14:15 - 1: CLIENT -> SERVER: 

2025-11-22 11:14:15 - 1: CLIENT -> SERVER: --b1=_Rykgi9qoH1dSmg9Bh1YwnJbRiZp3ezDLHjoICmSF4

2025-11-22 11:14:15 - 1: CLIENT -> SERVER: Content-Type: text/html; charset=iso-8859-1

2025-11-22 11:14:15 - 1: CLIENT -> SERVER: Content-Transfer-Encoding: 8bit

2025-11-22 11:14:15 - 1: CLIENT -> SERVER: 

2025-11-22 11:14:15 - 1: CLIENT -> SERVER: 

2025-11-22 11:14:15 - 1: CLIENT -> SERVER:                     <html>

2025-11-22 11:14:15 - 1: CLIENT -> SERVER:                     <body style='font-family: Arial, sans-serif; line-height: 1.6;'>

2025-11-22 11:14:15 - 1: CLIENT -> SERVER:                         <h2>Booking Confirmed!</h2>

2025-11-22 11:14:15 - 1: CLIENT -> SERVER:                         <p>Dear Mar Jhon Lowie Matalog,</p>

2025-11-22 11:14:15 - 1: CLIENT -> SERVER:                         <p>Great news! Your booking has been <strong style='color: #28a745;'>CONFIRMED</strong>!</p>

2025-11-22 11:14:15 - 1: CLIENT -> SERVER:                         

2025-11-22 11:14:15 - 1: CLIENT -> SERVER:                         <div style='background: #f8f9fa; padding: 20px; border-radius: 10px; margin: 20px 0;'>

2025-11-22 11:14:15 - 1: CLIENT -> SERVER:                             <h3>Booking Details:</h3>

2025-11-22 11:14:15 - 1: CLIENT -> SERVER:                             <p><strong>Booking ID:</strong> RESORT1763746240471</p>

2025-11-22 11:14:15 - 1: CLIENT -> SERVER:                             <p><strong>Cottage:</strong> Seaside (Half) — ₱3,400</p>

2025-11-22 11:14:15 - 1: CLIENT -> SERVER:                             <p><strong>Check-in Date:</strong> 2026-01-29</p>

2025-11-22 11:14:15 - 1: CLIENT -> SERVER:                             <p><strong>Number of Guests:</strong> 2</p>

2025-11-22 11:14:15 - 1: CLIENT -> SERVER:                             <p><strong>Status:</strong> <span style='color: #28a745; font-weight: bold;'>CONFIRMED</span></p>

2025-11-22 11:14:15 - 1: CLIENT -> SERVER:                         </div>

2025-11-22 11:14:15 - 1: CLIENT -> SERVER:                         

2025-11-22 11:14:15 - 1: CLIENT -> SERVER:                         <p>We're excited to welcome you to Heart Of D Ocean Beach Resort!</p>

2025-11-22 11:14:15 - 1: CLIENT -> SERVER:                         <p>If you have any questions, please contact us at heartofdocean2005@yahoo.com or call us.</p>

2025-11-22 11:14:15 - 1: CLIENT -> SERVER:                         

2025-11-22 11:14:15 - 1: CLIENT -> SERVER:                         <br>

2025-11-22 11:14:15 - 1: CLIENT -> SERVER:                         <p>Best regards,<br>The Heart Of D Ocean Team</p>

2025-11-22 11:14:15 - 1: CLIENT -> SERVER:                     </body>

2025-11-22 11:14:15 - 1: CLIENT -> SERVER:                     </html>

2025-11-22 11:14:15 - 1: CLIENT -> SERVER:                     

2025-11-22 11:14:15 - 1: CLIENT -> SERVER: 

2025-11-22 11:14:15 - 1: CLIENT -> SERVER: 

2025-11-22 11:14:15 - 1: CLIENT -> SERVER: --b1=_Rykgi9qoH1dSmg9Bh1YwnJbRiZp3ezDLHjoICmSF4--

2025-11-22 11:14:15 - 1: CLIENT -> SERVER: 

2025-11-22 11:14:15 - 1: CLIENT -> SERVER: .

2025-11-22 11:14:16 - 4: SMTP INBOUND: "250 2.0.0 OK  1763806455 98e67ed59e1d1-34726696cd4sm8074554a91.4 - gsmtp"
2025-11-22 11:14:16 - 2: SERVER -> CLIENT: 250 2.0.0 OK  1763806455 98e67ed59e1d1-34726696cd4sm8074554a91.4 - gsmtp

2025-11-22 11:14:16 - 1: CLIENT -> SERVER: QUIT

2025-11-22 11:14:16 - 4: SMTP INBOUND: "221 2.0.0 closing connection 98e67ed59e1d1-34726696cd4sm8074554a91.4 - gsmtp"
2025-11-22 11:14:16 - 2: SERVER -> CLIENT: 221 2.0.0 closing connection 98e67ed59e1d1-34726696cd4sm8074554a91.4 - gsmtp

2025-11-22 11:14:16 - 3: Connection: closed
2025-11-22 11:14:16 - 3: Connection: opening to smtp.gmail.com:587, timeout=300, options=array()
2025-11-22 11:14:16 - 3: Connection: opened
2025-11-22 11:14:16 - 4: SMTP INBOUND: "220 smtp.gmail.com ESMTP 41be03b00d2f7-bd75e6c6ad3sm7930349a12.13 - gsmtp"
2025-11-22 11:14:16 - 2: SERVER -> CLIENT: 220 smtp.gmail.com ESMTP 41be03b00d2f7-bd75e6c6ad3sm7930349a12.13 - gsmtp

2025-11-22 11:14:16 - 1: CLIENT -> SERVER: EHLO localhost

2025-11-22 11:14:16 - 4: SMTP INBOUND: "250-smtp.gmail.com at your service, [158.62.4.229]"
2025-11-22 11:14:16 - 4: SMTP INBOUND: "250-SIZE 35882577"
2025-11-22 11:14:16 - 4: SMTP INBOUND: "250-8BITMIME"
2025-11-22 11:14:16 - 4: SMTP INBOUND: "250-STARTTLS"
2025-11-22 11:14:16 - 4: SMTP INBOUND: "250-ENHANCEDSTATUSCODES"
2025-11-22 11:14:16 - 4: SMTP INBOUND: "250-PIPELINING"
2025-11-22 11:14:16 - 4: SMTP INBOUND: "250-CHUNKING"
2025-11-22 11:14:16 - 4: SMTP INBOUND: "250 SMTPUTF8"
2025-11-22 11:14:16 - 2: SERVER -> CLIENT: 250-smtp.gmail.com at your service, [158.62.4.229]
250-SIZE 35882577
250-8BITMIME
250-STARTTLS
250-ENHANCEDSTATUSCODES
250-PIPELINING
250-CHUNKING
250 SMTPUTF8

2025-11-22 11:14:16 - 1: CLIENT -> SERVER: STARTTLS

2025-11-22 11:14:17 - 4: SMTP INBOUND: "220 2.0.0 Ready to start TLS"
2025-11-22 11:14:17 - 2: SERVER -> CLIENT: 220 2.0.0 Ready to start TLS

2025-11-22 11:14:17 - 1: CLIENT -> SERVER: EHLO localhost

2025-11-22 11:14:17 - 4: SMTP INBOUND: "250-smtp.gmail.com at your service, [158.62.4.229]"
2025-11-22 11:14:17 - 4: SMTP INBOUND: "250-SIZE 35882577"
2025-11-22 11:14:17 - 4: SMTP INBOUND: "250-8BITMIME"
2025-11-22 11:14:17 - 4: SMTP INBOUND: "250-AUTH LOGIN PLAIN XOAUTH2 PLAIN-CLIENTTOKEN OAUTHBEARER XOAUTH"
2025-11-22 11:14:17 - 4: SMTP INBOUND: "250-ENHANCEDSTATUSCODES"
2025-11-22 11:14:17 - 4: SMTP INBOUND: "250-PIPELINING"
2025-11-22 11:14:17 - 4: SMTP INBOUND: "250-CHUNKING"
2025-11-22 11:14:17 - 4: SMTP INBOUND: "250 SMTPUTF8"
2025-11-22 11:14:17 - 2: SERVER -> CLIENT: 250-smtp.gmail.com at your service, [158.62.4.229]
250-SIZE 35882577
250-8BITMIME
250-AUTH LOGIN PLAIN XOAUTH2 PLAIN-CLIENTTOKEN OAUTHBEARER XOAUTH
250-ENHANCEDSTATUSCODES
250-PIPELINING
250-CHUNKING
250 SMTPUTF8

2025-11-22 11:14:17 - 4: Auth method requested: UNSPECIFIED
2025-11-22 11:14:17 - 4: Auth methods available on the server: LOGIN,PLAIN,XOAUTH2,PLAIN-CLIENTTOKEN,OAUTHBEARER,XOAUTH
2025-11-22 11:14:17 - 4: Requested auth method not available: 
2025-11-22 11:14:17 - 4: Auth method selected: LOGIN
2025-11-22 11:14:17 - 1: CLIENT -> SERVER: AUTH LOGIN

2025-11-22 11:14:17 - 4: SMTP INBOUND: "334 VXNlcm5hbWU6"
2025-11-22 11:14:17 - 2: SERVER -> CLIENT: 334 VXNlcm5hbWU6

2025-11-22 11:14:17 - 1: CLIENT -> SERVER: bWNwZWJyaW5laHFAZ21haWwuY29t

2025-11-22 11:14:17 - 4: SMTP INBOUND: "334 UGFzc3dvcmQ6"
2025-11-22 11:14:17 - 2: SERVER -> CLIENT: 334 UGFzc3dvcmQ6

2025-11-22 11:14:17 - 1: CLIENT -> SERVER: ZHRkeHh4aGNtYXVvIGVlYnQ=

2025-11-22 11:14:18 - 4: SMTP INBOUND: "235 2.7.0 Accepted"
2025-11-22 11:14:18 - 2: SERVER -> CLIENT: 235 2.7.0 Accepted

2025-11-22 11:14:18 - 1: CLIENT -> SERVER: MAIL FROM:<mcpebrinehq@gmail.com>

2025-11-22 11:14:18 - 4: SMTP INBOUND: "250 2.1.0 OK 41be03b00d2f7-bd75e6c6ad3sm7930349a12.13 - gsmtp"
2025-11-22 11:14:18 - 2: SERVER -> CLIENT: 250 2.1.0 OK 41be03b00d2f7-bd75e6c6ad3sm7930349a12.13 - gsmtp

2025-11-22 11:14:18 - 1: CLIENT -> SERVER: RCPT TO:<MarjanOwie@gmail.com>

2025-11-22 11:14:18 - 4: SMTP INBOUND: "250 2.1.5 OK 41be03b00d2f7-bd75e6c6ad3sm7930349a12.13 - gsmtp"
2025-11-22 11:14:18 - 2: SERVER -> CLIENT: 250 2.1.5 OK 41be03b00d2f7-bd75e6c6ad3sm7930349a12.13 - gsmtp

2025-11-22 11:14:18 - 1: CLIENT -> SERVER: DATA

2025-11-22 11:14:18 - 4: SMTP INBOUND: "354 Go ahead 41be03b00d2f7-bd75e6c6ad3sm7930349a12.13 - gsmtp"
2025-11-22 11:14:18 - 2: SERVER -> CLIENT: 354 Go ahead 41be03b00d2f7-bd75e6c6ad3sm7930349a12.13 - gsmtp

2025-11-22 11:14:18 - 1: CLIENT -> SERVER: Date: Sat, 22 Nov 2025 11:14:16 +0100

2025-11-22 11:14:18 - 1: CLIENT -> SERVER: To: MarjanOwie@gmail.com

2025-11-22 11:14:18 - 1: CLIENT -> SERVER: From: Heart Of D Ocean Resort <mcpebrinehq@gmail.com>

2025-11-22 11:14:18 - 1: CLIENT -> SERVER: Reply-To: Heart Of D Ocean Resort <heartofdocean2005@yahoo.com>

2025-11-22 11:14:18 - 1: CLIENT -> SERVER: Subject: Booking CONFIRMED - Heart Of D Ocean Beach Resort

2025-11-22 11:14:18 - 1: CLIENT -> SERVER: Message-ID: <6KNJVooaDNnTbO89LXTpY07AiCLsREKzXvMXeFKI30@localhost>

2025-11-22 11:14:18 - 1: CLIENT -> SERVER: X-Mailer: PHPMailer 7.0.0 (https://github.com/PHPMailer/PHPMailer)

2025-11-22 11:14:18 - 1: CLIENT -> SERVER: MIME-Version: 1.0

2025-11-22 11:14:18 - 1: CLIENT -> SERVER: Content-Type: multipart/alternative;

2025-11-22 11:14:18 - 1: CLIENT -> SERVER:  boundary="b1=_6KNJVooaDNnTbO89LXTpY07AiCLsREKzXvMXeFKI30"

2025-11-22 11:14:18 - 1: CLIENT -> SERVER: Content-Transfer-Encoding: 8bit

2025-11-22 11:14:18 - 1: CLIENT -> SERVER: 

2025-11-22 11:14:18 - 1: CLIENT -> SERVER: --b1=_6KNJVooaDNnTbO89LXTpY07AiCLsREKzXvMXeFKI30

2025-11-22 11:14:18 - 1: CLIENT -> SERVER: Content-Type: text/plain; charset=iso-8859-1

2025-11-22 11:14:18 - 1: CLIENT -> SERVER: Content-Transfer-Encoding: 8bit

2025-11-22 11:14:18 - 1: CLIENT -> SERVER: 

2025-11-22 11:14:18 - 1: CLIENT -> SERVER: 

2025-11-22 11:14:18 - 1: CLIENT -> SERVER:                     

2025-11-22 11:14:18 - 1: CLIENT -> SERVER:                     

2025-11-22 11:14:18 - 1: CLIENT -> SERVER:                         Booking Confirmed!

2025-11-22 11:14:18 - 1: CLIENT -> SERVER:                         Dear marjan,

2025-11-22 11:14:18 - 1: CLIENT -> SERVER:                         Great news! Your booking has been CONFIRMED!

2025-11-22 11:14:18 - 1: CLIENT -> SERVER:                         

2025-11-22 11:14:18 - 1: CLIENT -> SERVER:                         

2025-11-22 11:14:18 - 1: CLIENT -> SERVER:                             Booking Details:

2025-11-22 11:14:18 - 1: CLIENT -> SERVER:                             Booking ID: RESORT1763745146343

2025-11-22 11:14:18 - 1: CLIENT -> SERVER:                             Cottage: Seaside (Half) — ₱3,400

2025-11-22 11:14:18 - 1: CLIENT -> SERVER:                             Check-in Date: 2026-01-24

2025-11-22 11:14:18 - 1: CLIENT -> SERVER:                             Number of Guests: 2

2025-11-22 11:14:18 - 1: CLIENT -> SERVER:                             Status: CONFIRMED

2025-11-22 11:14:18 - 1: CLIENT -> SERVER:                         

2025-11-22 11:14:18 - 1: CLIENT -> SERVER:                         

2025-11-22 11:14:18 - 1: CLIENT -> SERVER:                         We're excited to welcome you to Heart Of D Ocean Beach Resort!

2025-11-22 11:14:18 - 1: CLIENT -> SERVER:                         If you have any questions, please contact us at heartofdocean2005@yahoo.com or call us.

2025-11-22 11:14:18 - 1: CLIENT -> SERVER:                         

2025-11-22 11:14:18 - 1: CLIENT -> SERVER:                         

2025-11-22 11:14:18 - 1: CLIENT -> SERVER:                         Best regards,The Heart Of D Ocean Team

2025-11-22 11:14:18 - 1: CLIENT -> SERVER:                     

2025-11-22 11:14:18 - 1: CLIENT -> SERVER:                     

2025-11-22 11:14:18 - 1: CLIENT -> SERVER:                     

2025-11-22 11:14:18 - 1: CLIENT -> SERVER: 

2025-11-22 11:14:18 - 1: CLIENT -> SERVER: --b1=_6KNJVooaDNnTbO89LXTpY07AiCLsREKzXvMXeFKI30

2025-11-22 11:14:18 - 1: CLIENT -> SERVER: Content-Type: text/html; charset=iso-8859-1

2025-11-22 11:14:18 - 1: CLIENT -> SERVER: Content-Transfer-Encoding: 8bit

2025-11-22 11:14:18 - 1: CLIENT -> SERVER: 

2025-11-22 11:14:18 - 1: CLIENT -> SERVER: 

2025-11-22 11:14:18 - 1: CLIENT -> SERVER:                     <html>

2025-11-22 11:14:18 - 1: CLIENT -> SERVER:                     <body style='font-family: Arial, sans-serif; line-height: 1.6;'>

2025-11-22 11:14:18 - 1: CLIENT -> SERVER:                         <h2>Booking Confirmed!</h2>

2025-11-22 11:14:18 - 1: CLIENT -> SERVER:                         <p>Dear marjan,</p>

2025-11-22 11:14:18 - 1: CLIENT -> SERVER:                         <p>Great news! Your booking has been <strong style='color: #28a745;'>CONFIRMED</strong>!</p>

2025-11-22 11:14:18 - 1: CLIENT -> SERVER:                         

2025-11-22 11:14:18 - 1: CLIENT -> SERVER:                         <div style='background: #f8f9fa; padding: 20px; border-radius: 10px; margin: 20px 0;'>

2025-11-22 11:14:18 - 1: CLIENT -> SERVER:                             <h3>Booking Details:</h3>

2025-11-22 11:14:18 - 1: CLIENT -> SERVER:                             <p><strong>Booking ID:</strong> RESORT1763745146343</p>

2025-11-22 11:14:18 - 1: CLIENT -> SERVER:                             <p><strong>Cottage:</strong> Seaside (Half) — ₱3,400</p>

2025-11-22 11:14:18 - 1: CLIENT -> SERVER:                             <p><strong>Check-in Date:</strong> 2026-01-24</p>

2025-11-22 11:14:18 - 1: CLIENT -> SERVER:                             <p><strong>Number of Guests:</strong> 2</p>

2025-11-22 11:14:18 - 1: CLIENT -> SERVER:                             <p><strong>Status:</strong> <span style='color: #28a745; font-weight: bold;'>CONFIRMED</span></p>

2025-11-22 11:14:18 - 1: CLIENT -> SERVER:                         </div>

2025-11-22 11:14:18 - 1: CLIENT -> SERVER:                         

2025-11-22 11:14:18 - 1: CLIENT -> SERVER:                         <p>We're excited to welcome you to Heart Of D Ocean Beach Resort!</p>

2025-11-22 11:14:18 - 1: CLIENT -> SERVER:                         <p>If you have any questions, please contact us at heartofdocean2005@yahoo.com or call us.</p>

2025-11-22 11:14:18 - 1: CLIENT -> SERVER:                         

2025-11-22 11:14:18 - 1: CLIENT -> SERVER:                         <br>

2025-11-22 11:14:18 - 1: CLIENT -> SERVER:                         <p>Best regards,<br>The Heart Of D Ocean Team</p>

2025-11-22 11:14:18 - 1: CLIENT -> SERVER:                     </body>

2025-11-22 11:14:18 - 1: CLIENT -> SERVER:                     </html>

2025-11-22 11:14:18 - 1: CLIENT -> SERVER:                     

2025-11-22 11:14:18 - 1: CLIENT -> SERVER: 

2025-11-22 11:14:18 - 1: CLIENT -> SERVER: 

2025-11-22 11:14:18 - 1: CLIENT -> SERVER: --b1=_6KNJVooaDNnTbO89LXTpY07AiCLsREKzXvMXeFKI30--

2025-11-22 11:14:18 - 1: CLIENT -> SERVER: 

2025-11-22 11:14:18 - 1: CLIENT -> SERVER: .

2025-11-22 11:14:19 - 4: SMTP INBOUND: "250 2.0.0 OK  1763806458 41be03b00d2f7-bd75e6c6ad3sm7930349a12.13 - gsmtp"
2025-11-22 11:14:19 - 2: SERVER -> CLIENT: 250 2.0.0 OK  1763806458 41be03b00d2f7-bd75e6c6ad3sm7930349a12.13 - gsmtp

2025-11-22 11:14:19 - 1: CLIENT -> SERVER: QUIT

2025-11-22 11:14:19 - 4: SMTP INBOUND: "221 2.0.0 closing connection 41be03b00d2f7-bd75e6c6ad3sm7930349a12.13 - gsmtp"
2025-11-22 11:14:19 - 2: SERVER -> CLIENT: 221 2.0.0 closing connection 41be03b00d2f7-bd75e6c6ad3sm7930349a12.13 - gsmtp

2025-11-22 11:14:19 - 3: Connection: closed
2025-11-22 11:14:34 - 3: Connection: opening to smtp.gmail.com:587, timeout=300, options=array()
2025-11-22 11:14:34 - 3: Connection: opened
2025-11-22 11:14:34 - 4: SMTP INBOUND: "220 smtp.gmail.com ESMTP d9443c01a7336-29b5b25e32csm81065885ad.53 - gsmtp"
2025-11-22 11:14:34 - 2: SERVER -> CLIENT: 220 smtp.gmail.com ESMTP d9443c01a7336-29b5b25e32csm81065885ad.53 - gsmtp

2025-11-22 11:14:34 - 1: CLIENT -> SERVER: EHLO localhost

2025-11-22 11:14:34 - 4: SMTP INBOUND: "250-smtp.gmail.com at your service, [158.62.4.229]"
2025-11-22 11:14:34 - 4: SMTP INBOUND: "250-SIZE 35882577"
2025-11-22 11:14:34 - 4: SMTP INBOUND: "250-8BITMIME"
2025-11-22 11:14:34 - 4: SMTP INBOUND: "250-STARTTLS"
2025-11-22 11:14:34 - 4: SMTP INBOUND: "250-ENHANCEDSTATUSCODES"
2025-11-22 11:14:34 - 4: SMTP INBOUND: "250-PIPELINING"
2025-11-22 11:14:34 - 4: SMTP INBOUND: "250-CHUNKING"
2025-11-22 11:14:34 - 4: SMTP INBOUND: "250 SMTPUTF8"
2025-11-22 11:14:34 - 2: SERVER -> CLIENT: 250-smtp.gmail.com at your service, [158.62.4.229]
250-SIZE 35882577
250-8BITMIME
250-STARTTLS
250-ENHANCEDSTATUSCODES
250-PIPELINING
250-CHUNKING
250 SMTPUTF8

2025-11-22 11:14:34 - 1: CLIENT -> SERVER: STARTTLS

2025-11-22 11:14:34 - 4: SMTP INBOUND: "220 2.0.0 Ready to start TLS"
2025-11-22 11:14:34 - 2: SERVER -> CLIENT: 220 2.0.0 Ready to start TLS

2025-11-22 11:14:35 - 1: CLIENT -> SERVER: EHLO localhost

2025-11-22 11:14:35 - 4: SMTP INBOUND: "250-smtp.gmail.com at your service, [158.62.4.229]"
2025-11-22 11:14:35 - 4: SMTP INBOUND: "250-SIZE 35882577"
2025-11-22 11:14:35 - 4: SMTP INBOUND: "250-8BITMIME"
2025-11-22 11:14:35 - 4: SMTP INBOUND: "250-AUTH LOGIN PLAIN XOAUTH2 PLAIN-CLIENTTOKEN OAUTHBEARER XOAUTH"
2025-11-22 11:14:35 - 4: SMTP INBOUND: "250-ENHANCEDSTATUSCODES"
2025-11-22 11:14:35 - 4: SMTP INBOUND: "250-PIPELINING"
2025-11-22 11:14:35 - 4: SMTP INBOUND: "250-CHUNKING"
2025-11-22 11:14:35 - 4: SMTP INBOUND: "250 SMTPUTF8"
2025-11-22 11:14:35 - 2: SERVER -> CLIENT: 250-smtp.gmail.com at your service, [158.62.4.229]
250-SIZE 35882577
250-8BITMIME
250-AUTH LOGIN PLAIN XOAUTH2 PLAIN-CLIENTTOKEN OAUTHBEARER XOAUTH
250-ENHANCEDSTATUSCODES
250-PIPELINING
250-CHUNKING
250 SMTPUTF8

2025-11-22 11:14:35 - 4: Auth method requested: UNSPECIFIED
2025-11-22 11:14:35 - 4: Auth methods available on the server: LOGIN,PLAIN,XOAUTH2,PLAIN-CLIENTTOKEN,OAUTHBEARER,XOAUTH
2025-11-22 11:14:35 - 4: Requested auth method not available: 
2025-11-22 11:14:35 - 4: Auth method selected: LOGIN
2025-11-22 11:14:35 - 1: CLIENT -> SERVER: AUTH LOGIN

2025-11-22 11:14:35 - 4: SMTP INBOUND: "334 VXNlcm5hbWU6"
2025-11-22 11:14:35 - 2: SERVER -> CLIENT: 334 VXNlcm5hbWU6

2025-11-22 11:14:35 - 1: CLIENT -> SERVER: bWNwZWJyaW5laHFAZ21haWwuY29t

2025-11-22 11:14:35 - 4: SMTP INBOUND: "334 UGFzc3dvcmQ6"
2025-11-22 11:14:35 - 2: SERVER -> CLIENT: 334 UGFzc3dvcmQ6

2025-11-22 11:14:35 - 1: CLIENT -> SERVER: ZHRkeHh4aGNtYXVvIGVlYnQ=

2025-11-22 11:14:35 - 4: SMTP INBOUND: "235 2.7.0 Accepted"
2025-11-22 11:14:35 - 2: SERVER -> CLIENT: 235 2.7.0 Accepted

2025-11-22 11:14:35 - 1: CLIENT -> SERVER: MAIL FROM:<mcpebrinehq@gmail.com>

2025-11-22 11:14:36 - 4: SMTP INBOUND: "250 2.1.0 OK d9443c01a7336-29b5b25e32csm81065885ad.53 - gsmtp"
2025-11-22 11:14:36 - 2: SERVER -> CLIENT: 250 2.1.0 OK d9443c01a7336-29b5b25e32csm81065885ad.53 - gsmtp

2025-11-22 11:14:36 - 1: CLIENT -> SERVER: RCPT TO:<mcpebrinehq@gmail.com>

2025-11-22 11:14:36 - 4: SMTP INBOUND: "250 2.1.5 OK d9443c01a7336-29b5b25e32csm81065885ad.53 - gsmtp"
2025-11-22 11:14:36 - 2: SERVER -> CLIENT: 250 2.1.5 OK d9443c01a7336-29b5b25e32csm81065885ad.53 - gsmtp

2025-11-22 11:14:36 - 1: CLIENT -> SERVER: DATA

2025-11-22 11:14:36 - 4: SMTP INBOUND: "354 Go ahead d9443c01a7336-29b5b25e32csm81065885ad.53 - gsmtp"
2025-11-22 11:14:36 - 2: SERVER -> CLIENT: 354 Go ahead d9443c01a7336-29b5b25e32csm81065885ad.53 - gsmtp

2025-11-22 11:14:36 - 1: CLIENT -> SERVER: Date: Sat, 22 Nov 2025 11:14:34 +0100

2025-11-22 11:14:36 - 1: CLIENT -> SERVER: To: mcpebrinehq@gmail.com

2025-11-22 11:14:36 - 1: CLIENT -> SERVER: From: Heart Of D Ocean Resort <mcpebrinehq@gmail.com>

2025-11-22 11:14:36 - 1: CLIENT -> SERVER: Reply-To: Heart Of D Ocean Resort <heartofdocean2005@yahoo.com>

2025-11-22 11:14:36 - 1: CLIENT -> SERVER: Subject: Booking CONFIRMED - Heart Of D Ocean Beach Resort

2025-11-22 11:14:36 - 1: CLIENT -> SERVER: Message-ID: <633EdyPOB8tZJMTyR2PY8302nHDU0HfU5c9zD7NHoA@localhost>

2025-11-22 11:14:36 - 1: CLIENT -> SERVER: X-Mailer: PHPMailer 7.0.0 (https://github.com/PHPMailer/PHPMailer)

2025-11-22 11:14:36 - 1: CLIENT -> SERVER: MIME-Version: 1.0

2025-11-22 11:14:36 - 1: CLIENT -> SERVER: Content-Type: multipart/alternative;

2025-11-22 11:14:36 - 1: CLIENT -> SERVER:  boundary="b1=_633EdyPOB8tZJMTyR2PY8302nHDU0HfU5c9zD7NHoA"

2025-11-22 11:14:36 - 1: CLIENT -> SERVER: Content-Transfer-Encoding: 8bit

2025-11-22 11:14:36 - 1: CLIENT -> SERVER: 

2025-11-22 11:14:36 - 1: CLIENT -> SERVER: --b1=_633EdyPOB8tZJMTyR2PY8302nHDU0HfU5c9zD7NHoA

2025-11-22 11:14:36 - 1: CLIENT -> SERVER: Content-Type: text/plain; charset=iso-8859-1

2025-11-22 11:14:36 - 1: CLIENT -> SERVER: Content-Transfer-Encoding: 8bit

2025-11-22 11:14:36 - 1: CLIENT -> SERVER: 

2025-11-22 11:14:36 - 1: CLIENT -> SERVER: 

2025-11-22 11:14:36 - 1: CLIENT -> SERVER:                     

2025-11-22 11:14:36 - 1: CLIENT -> SERVER:                     

2025-11-22 11:14:36 - 1: CLIENT -> SERVER:                         Booking Confirmed!

2025-11-22 11:14:36 - 1: CLIENT -> SERVER:                         Dear marjan,

2025-11-22 11:14:36 - 1: CLIENT -> SERVER:                         Great news! Your booking has been CONFIRMED!

2025-11-22 11:14:36 - 1: CLIENT -> SERVER:                         

2025-11-22 11:14:36 - 1: CLIENT -> SERVER:                         

2025-11-22 11:14:36 - 1: CLIENT -> SERVER:                             Booking Details:

2025-11-22 11:14:36 - 1: CLIENT -> SERVER:                             Booking ID: RESORT1763742333153

2025-11-22 11:14:36 - 1: CLIENT -> SERVER:                             Cottage: Seaside (Half) — ₱3,400

2025-11-22 11:14:36 - 1: CLIENT -> SERVER:                             Check-in Date: 2026-01-23

2025-11-22 11:14:36 - 1: CLIENT -> SERVER:                             Number of Guests: 2

2025-11-22 11:14:36 - 1: CLIENT -> SERVER:                             Status: CONFIRMED

2025-11-22 11:14:36 - 1: CLIENT -> SERVER:                         

2025-11-22 11:14:36 - 1: CLIENT -> SERVER:                         

2025-11-22 11:14:36 - 1: CLIENT -> SERVER:                         We're excited to welcome you to Heart Of D Ocean Beach Resort!

2025-11-22 11:14:36 - 1: CLIENT -> SERVER:                         If you have any questions, please contact us at heartofdocean2005@yahoo.com or call us.

2025-11-22 11:14:36 - 1: CLIENT -> SERVER:                         

2025-11-22 11:14:36 - 1: CLIENT -> SERVER:                         

2025-11-22 11:14:36 - 1: CLIENT -> SERVER:                         Best regards,The Heart Of D Ocean Team

2025-11-22 11:14:36 - 1: CLIENT -> SERVER:                     

2025-11-22 11:14:36 - 1: CLIENT -> SERVER:                     

2025-11-22 11:14:36 - 1: CLIENT -> SERVER:                     

2025-11-22 11:14:36 - 1: CLIENT -> SERVER: 

2025-11-22 11:14:36 - 1: CLIENT -> SERVER: --b1=_633EdyPOB8tZJMTyR2PY8302nHDU0HfU5c9zD7NHoA

2025-11-22 11:14:36 - 1: CLIENT -> SERVER: Content-Type: text/html; charset=iso-8859-1

2025-11-22 11:14:36 - 1: CLIENT -> SERVER: Content-Transfer-Encoding: 8bit

2025-11-22 11:14:36 - 1: CLIENT -> SERVER: 

2025-11-22 11:14:36 - 1: CLIENT -> SERVER: 

2025-11-22 11:14:36 - 1: CLIENT -> SERVER:                     <html>

2025-11-22 11:14:36 - 1: CLIENT -> SERVER:                     <body style='font-family: Arial, sans-serif; line-height: 1.6;'>

2025-11-22 11:14:36 - 1: CLIENT -> SERVER:                         <h2>Booking Confirmed!</h2>

2025-11-22 11:14:36 - 1: CLIENT -> SERVER:                         <p>Dear marjan,</p>

2025-11-22 11:14:36 - 1: CLIENT -> SERVER:                         <p>Great news! Your booking has been <strong style='color: #28a745;'>CONFIRMED</strong>!</p>

2025-11-22 11:14:36 - 1: CLIENT -> SERVER:                         

2025-11-22 11:14:36 - 1: CLIENT -> SERVER:                         <div style='background: #f8f9fa; padding: 20px; border-radius: 10px; margin: 20px 0;'>

2025-11-22 11:14:36 - 1: CLIENT -> SERVER:                             <h3>Booking Details:</h3>

2025-11-22 11:14:36 - 1: CLIENT -> SERVER:                             <p><strong>Booking ID:</strong> RESORT1763742333153</p>

2025-11-22 11:14:36 - 1: CLIENT -> SERVER:                             <p><strong>Cottage:</strong> Seaside (Half) — ₱3,400</p>

2025-11-22 11:14:36 - 1: CLIENT -> SERVER:                             <p><strong>Check-in Date:</strong> 2026-01-23</p>

2025-11-22 11:14:36 - 1: CLIENT -> SERVER:                             <p><strong>Number of Guests:</strong> 2</p>

2025-11-22 11:14:36 - 1: CLIENT -> SERVER:                             <p><strong>Status:</strong> <span style='color: #28a745; font-weight: bold;'>CONFIRMED</span></p>

2025-11-22 11:14:36 - 1: CLIENT -> SERVER:                         </div>

2025-11-22 11:14:36 - 1: CLIENT -> SERVER:                         

2025-11-22 11:14:36 - 1: CLIENT -> SERVER:                         <p>We're excited to welcome you to Heart Of D Ocean Beach Resort!</p>

2025-11-22 11:14:36 - 1: CLIENT -> SERVER:                         <p>If you have any questions, please contact us at heartofdocean2005@yahoo.com or call us.</p>

2025-11-22 11:14:36 - 1: CLIENT -> SERVER:                         

2025-11-22 11:14:36 - 1: CLIENT -> SERVER:                         <br>

2025-11-22 11:14:36 - 1: CLIENT -> SERVER:                         <p>Best regards,<br>The Heart Of D Ocean Team</p>

2025-11-22 11:14:36 - 1: CLIENT -> SERVER:                     </body>

2025-11-22 11:14:36 - 1: CLIENT -> SERVER:                     </html>

2025-11-22 11:14:36 - 1: CLIENT -> SERVER:                     

2025-11-22 11:14:36 - 1: CLIENT -> SERVER: 

2025-11-22 11:14:36 - 1: CLIENT -> SERVER: 

2025-11-22 11:14:36 - 1: CLIENT -> SERVER: --b1=_633EdyPOB8tZJMTyR2PY8302nHDU0HfU5c9zD7NHoA--

2025-11-22 11:14:36 - 1: CLIENT -> SERVER: 

2025-11-22 11:14:36 - 1: CLIENT -> SERVER: .

2025-11-22 11:14:37 - 4: SMTP INBOUND: "250 2.0.0 OK  1763806476 d9443c01a7336-29b5b25e32csm81065885ad.53 - gsmtp"
2025-11-22 11:14:37 - 2: SERVER -> CLIENT: 250 2.0.0 OK  1763806476 d9443c01a7336-29b5b25e32csm81065885ad.53 - gsmtp

2025-11-22 11:14:37 - 1: CLIENT -> SERVER: QUIT

2025-11-22 11:14:37 - 4: SMTP INBOUND: "221 2.0.0 closing connection d9443c01a7336-29b5b25e32csm81065885ad.53 - gsmtp"
2025-11-22 11:14:37 - 2: SERVER -> CLIENT: 221 2.0.0 closing connection d9443c01a7336-29b5b25e32csm81065885ad.53 - gsmtp

2025-11-22 11:14:37 - 3: Connection: closed
2025-11-22 11:14:55 - 3: Connection: opening to smtp.gmail.com:587, timeout=300, options=array()
2025-11-22 11:14:55 - 3: Connection: opened
2025-11-22 11:14:55 - 4: SMTP INBOUND: "220 smtp.gmail.com ESMTP 41be03b00d2f7-bd75e9b1239sm7903419a12.15 - gsmtp"
2025-11-22 11:14:55 - 2: SERVER -> CLIENT: 220 smtp.gmail.com ESMTP 41be03b00d2f7-bd75e9b1239sm7903419a12.15 - gsmtp

2025-11-22 11:14:55 - 1: CLIENT -> SERVER: EHLO localhost

2025-11-22 11:14:55 - 4: SMTP INBOUND: "250-smtp.gmail.com at your service, [158.62.4.229]"
2025-11-22 11:14:55 - 4: SMTP INBOUND: "250-SIZE 35882577"
2025-11-22 11:14:55 - 4: SMTP INBOUND: "250-8BITMIME"
2025-11-22 11:14:55 - 4: SMTP INBOUND: "250-STARTTLS"
2025-11-22 11:14:55 - 4: SMTP INBOUND: "250-ENHANCEDSTATUSCODES"
2025-11-22 11:14:55 - 4: SMTP INBOUND: "250-PIPELINING"
2025-11-22 11:14:55 - 4: SMTP INBOUND: "250-CHUNKING"
2025-11-22 11:14:55 - 4: SMTP INBOUND: "250 SMTPUTF8"
2025-11-22 11:14:55 - 2: SERVER -> CLIENT: 250-smtp.gmail.com at your service, [158.62.4.229]
250-SIZE 35882577
250-8BITMIME
250-STARTTLS
250-ENHANCEDSTATUSCODES
250-PIPELINING
250-CHUNKING
250 SMTPUTF8

2025-11-22 11:14:55 - 1: CLIENT -> SERVER: STARTTLS

2025-11-22 11:14:55 - 4: SMTP INBOUND: "220 2.0.0 Ready to start TLS"
2025-11-22 11:14:55 - 2: SERVER -> CLIENT: 220 2.0.0 Ready to start TLS

2025-11-22 11:14:55 - 1: CLIENT -> SERVER: EHLO localhost

2025-11-22 11:14:56 - 4: SMTP INBOUND: "250-smtp.gmail.com at your service, [158.62.4.229]"
2025-11-22 11:14:56 - 4: SMTP INBOUND: "250-SIZE 35882577"
2025-11-22 11:14:56 - 4: SMTP INBOUND: "250-8BITMIME"
2025-11-22 11:14:56 - 4: SMTP INBOUND: "250-AUTH LOGIN PLAIN XOAUTH2 PLAIN-CLIENTTOKEN OAUTHBEARER XOAUTH"
2025-11-22 11:14:56 - 4: SMTP INBOUND: "250-ENHANCEDSTATUSCODES"
2025-11-22 11:14:56 - 4: SMTP INBOUND: "250-PIPELINING"
2025-11-22 11:14:56 - 4: SMTP INBOUND: "250-CHUNKING"
2025-11-22 11:14:56 - 4: SMTP INBOUND: "250 SMTPUTF8"
2025-11-22 11:14:56 - 2: SERVER -> CLIENT: 250-smtp.gmail.com at your service, [158.62.4.229]
250-SIZE 35882577
250-8BITMIME
250-AUTH LOGIN PLAIN XOAUTH2 PLAIN-CLIENTTOKEN OAUTHBEARER XOAUTH
250-ENHANCEDSTATUSCODES
250-PIPELINING
250-CHUNKING
250 SMTPUTF8

2025-11-22 11:14:56 - 4: Auth method requested: UNSPECIFIED
2025-11-22 11:14:56 - 4: Auth methods available on the server: LOGIN,PLAIN,XOAUTH2,PLAIN-CLIENTTOKEN,OAUTHBEARER,XOAUTH
2025-11-22 11:14:56 - 4: Requested auth method not available: 
2025-11-22 11:14:56 - 4: Auth method selected: LOGIN
2025-11-22 11:14:56 - 1: CLIENT -> SERVER: AUTH LOGIN

2025-11-22 11:14:56 - 4: SMTP INBOUND: "334 VXNlcm5hbWU6"
2025-11-22 11:14:56 - 2: SERVER -> CLIENT: 334 VXNlcm5hbWU6

2025-11-22 11:14:56 - 1: CLIENT -> SERVER: bWNwZWJyaW5laHFAZ21haWwuY29t

2025-11-22 11:14:56 - 4: SMTP INBOUND: "334 UGFzc3dvcmQ6"
2025-11-22 11:14:56 - 2: SERVER -> CLIENT: 334 UGFzc3dvcmQ6

2025-11-22 11:14:56 - 1: CLIENT -> SERVER: ZHRkeHh4aGNtYXVvIGVlYnQ=

2025-11-22 11:14:56 - 4: SMTP INBOUND: "235 2.7.0 Accepted"
2025-11-22 11:14:56 - 2: SERVER -> CLIENT: 235 2.7.0 Accepted

2025-11-22 11:14:56 - 1: CLIENT -> SERVER: MAIL FROM:<mcpebrinehq@gmail.com>

2025-11-22 11:14:57 - 4: SMTP INBOUND: "250 2.1.0 OK 41be03b00d2f7-bd75e9b1239sm7903419a12.15 - gsmtp"
2025-11-22 11:14:57 - 2: SERVER -> CLIENT: 250 2.1.0 OK 41be03b00d2f7-bd75e9b1239sm7903419a12.15 - gsmtp

2025-11-22 11:14:57 - 1: CLIENT -> SERVER: RCPT TO:<marjhonmatalog@yahoo.com>

2025-11-22 11:14:57 - 4: SMTP INBOUND: "250 2.1.5 OK 41be03b00d2f7-bd75e9b1239sm7903419a12.15 - gsmtp"
2025-11-22 11:14:57 - 2: SERVER -> CLIENT: 250 2.1.5 OK 41be03b00d2f7-bd75e9b1239sm7903419a12.15 - gsmtp

2025-11-22 11:14:57 - 1: CLIENT -> SERVER: DATA

2025-11-22 11:14:57 - 4: SMTP INBOUND: "354 Go ahead 41be03b00d2f7-bd75e9b1239sm7903419a12.15 - gsmtp"
2025-11-22 11:14:57 - 2: SERVER -> CLIENT: 354 Go ahead 41be03b00d2f7-bd75e9b1239sm7903419a12.15 - gsmtp

2025-11-22 11:14:57 - 1: CLIENT -> SERVER: Date: Sat, 22 Nov 2025 11:14:55 +0100

2025-11-22 11:14:57 - 1: CLIENT -> SERVER: To: marjhonmatalog@yahoo.com

2025-11-22 11:14:57 - 1: CLIENT -> SERVER: From: Heart Of D Ocean Resort <mcpebrinehq@gmail.com>

2025-11-22 11:14:57 - 1: CLIENT -> SERVER: Reply-To: Heart Of D Ocean Resort <heartofdocean2005@yahoo.com>

2025-11-22 11:14:57 - 1: CLIENT -> SERVER: Subject: Booking CONFIRMED - Heart Of D Ocean Beach Resort

2025-11-22 11:14:57 - 1: CLIENT -> SERVER: Message-ID: <rtoywakhj5VPdgXJ5wf6RsSVRCWb8BnC2bGqcsjj5gA@localhost>

2025-11-22 11:14:57 - 1: CLIENT -> SERVER: X-Mailer: PHPMailer 7.0.0 (https://github.com/PHPMailer/PHPMailer)

2025-11-22 11:14:57 - 1: CLIENT -> SERVER: MIME-Version: 1.0

2025-11-22 11:14:57 - 1: CLIENT -> SERVER: Content-Type: multipart/alternative;

2025-11-22 11:14:57 - 1: CLIENT -> SERVER:  boundary="b1=_rtoywakhj5VPdgXJ5wf6RsSVRCWb8BnC2bGqcsjj5gA"

2025-11-22 11:14:57 - 1: CLIENT -> SERVER: Content-Transfer-Encoding: 8bit

2025-11-22 11:14:57 - 1: CLIENT -> SERVER: 

2025-11-22 11:14:57 - 1: CLIENT -> SERVER: --b1=_rtoywakhj5VPdgXJ5wf6RsSVRCWb8BnC2bGqcsjj5gA

2025-11-22 11:14:57 - 1: CLIENT -> SERVER: Content-Type: text/plain; charset=iso-8859-1

2025-11-22 11:14:57 - 1: CLIENT -> SERVER: Content-Transfer-Encoding: 8bit

2025-11-22 11:14:57 - 1: CLIENT -> SERVER: 

2025-11-22 11:14:57 - 1: CLIENT -> SERVER: 

2025-11-22 11:14:57 - 1: CLIENT -> SERVER:                     

2025-11-22 11:14:57 - 1: CLIENT -> SERVER:                     

2025-11-22 11:14:57 - 1: CLIENT -> SERVER:                         Booking Confirmed!

2025-11-22 11:14:57 - 1: CLIENT -> SERVER:                         Dear MAHIYAIN AKO123,

2025-11-22 11:14:57 - 1: CLIENT -> SERVER:                         Great news! Your booking has been CONFIRMED!

2025-11-22 11:14:57 - 1: CLIENT -> SERVER:                         

2025-11-22 11:14:57 - 1: CLIENT -> SERVER:                         

2025-11-22 11:14:57 - 1: CLIENT -> SERVER:                             Booking Details:

2025-11-22 11:14:57 - 1: CLIENT -> SERVER:                             Booking ID: RESORT1763739665481

2025-11-22 11:14:57 - 1: CLIENT -> SERVER:                             Cottage: Seaside (Half) — ₱3,400

2025-11-22 11:14:57 - 1: CLIENT -> SERVER:                             Check-in Date: 2026-01-23

2025-11-22 11:14:57 - 1: CLIENT -> SERVER:                             Number of Guests: 3

2025-11-22 11:14:57 - 1: CLIENT -> SERVER:                             Status: CONFIRMED

2025-11-22 11:14:57 - 1: CLIENT -> SERVER:                         

2025-11-22 11:14:57 - 1: CLIENT -> SERVER:                         

2025-11-22 11:14:57 - 1: CLIENT -> SERVER:                         We're excited to welcome you to Heart Of D Ocean Beach Resort!

2025-11-22 11:14:57 - 1: CLIENT -> SERVER:                         If you have any questions, please contact us at heartofdocean2005@yahoo.com or call us.

2025-11-22 11:14:57 - 1: CLIENT -> SERVER:                         

2025-11-22 11:14:57 - 1: CLIENT -> SERVER:                         

2025-11-22 11:14:57 - 1: CLIENT -> SERVER:                         Best regards,The Heart Of D Ocean Team

2025-11-22 11:14:57 - 1: CLIENT -> SERVER:                     

2025-11-22 11:14:57 - 1: CLIENT -> SERVER:                     

2025-11-22 11:14:57 - 1: CLIENT -> SERVER:                     

2025-11-22 11:14:57 - 1: CLIENT -> SERVER: 

2025-11-22 11:14:57 - 1: CLIENT -> SERVER: --b1=_rtoywakhj5VPdgXJ5wf6RsSVRCWb8BnC2bGqcsjj5gA

2025-11-22 11:14:57 - 1: CLIENT -> SERVER: Content-Type: text/html; charset=iso-8859-1

2025-11-22 11:14:57 - 1: CLIENT -> SERVER: Content-Transfer-Encoding: 8bit

2025-11-22 11:14:57 - 1: CLIENT -> SERVER: 

2025-11-22 11:14:57 - 1: CLIENT -> SERVER: 

2025-11-22 11:14:57 - 1: CLIENT -> SERVER:                     <html>

2025-11-22 11:14:57 - 1: CLIENT -> SERVER:                     <body style='font-family: Arial, sans-serif; line-height: 1.6;'>

2025-11-22 11:14:57 - 1: CLIENT -> SERVER:                         <h2>Booking Confirmed!</h2>

2025-11-22 11:14:57 - 1: CLIENT -> SERVER:                         <p>Dear MAHIYAIN AKO123,</p>

2025-11-22 11:14:57 - 1: CLIENT -> SERVER:                         <p>Great news! Your booking has been <strong style='color: #28a745;'>CONFIRMED</strong>!</p>

2025-11-22 11:14:57 - 1: CLIENT -> SERVER:                         

2025-11-22 11:14:57 - 1: CLIENT -> SERVER:                         <div style='background: #f8f9fa; padding: 20px; border-radius: 10px; margin: 20px 0;'>

2025-11-22 11:14:57 - 1: CLIENT -> SERVER:                             <h3>Booking Details:</h3>

2025-11-22 11:14:57 - 1: CLIENT -> SERVER:                             <p><strong>Booking ID:</strong> RESORT1763739665481</p>

2025-11-22 11:14:57 - 1: CLIENT -> SERVER:                             <p><strong>Cottage:</strong> Seaside (Half) — ₱3,400</p>

2025-11-22 11:14:57 - 1: CLIENT -> SERVER:                             <p><strong>Check-in Date:</strong> 2026-01-23</p>

2025-11-22 11:14:57 - 1: CLIENT -> SERVER:                             <p><strong>Number of Guests:</strong> 3</p>

2025-11-22 11:14:57 - 1: CLIENT -> SERVER:                             <p><strong>Status:</strong> <span style='color: #28a745; font-weight: bold;'>CONFIRMED</span></p>

2025-11-22 11:14:57 - 1: CLIENT -> SERVER:                         </div>

2025-11-22 11:14:57 - 1: CLIENT -> SERVER:                         

2025-11-22 11:14:57 - 1: CLIENT -> SERVER:                         <p>We're excited to welcome you to Heart Of D Ocean Beach Resort!</p>

2025-11-22 11:14:57 - 1: CLIENT -> SERVER:                         <p>If you have any questions, please contact us at heartofdocean2005@yahoo.com or call us.</p>

2025-11-22 11:14:57 - 1: CLIENT -> SERVER:                         

2025-11-22 11:14:57 - 1: CLIENT -> SERVER:                         <br>

2025-11-22 11:14:57 - 1: CLIENT -> SERVER:                         <p>Best regards,<br>The Heart Of D Ocean Team</p>

2025-11-22 11:14:57 - 1: CLIENT -> SERVER:                     </body>

2025-11-22 11:14:57 - 1: CLIENT -> SERVER:                     </html>

2025-11-22 11:14:57 - 1: CLIENT -> SERVER:                     

2025-11-22 11:14:57 - 1: CLIENT -> SERVER: 

2025-11-22 11:14:57 - 1: CLIENT -> SERVER: 

2025-11-22 11:14:57 - 1: CLIENT -> SERVER: --b1=_rtoywakhj5VPdgXJ5wf6RsSVRCWb8BnC2bGqcsjj5gA--

2025-11-22 11:14:57 - 1: CLIENT -> SERVER: 

2025-11-22 11:14:57 - 1: CLIENT -> SERVER: .

2025-11-22 11:14:58 - 4: SMTP INBOUND: "250 2.0.0 OK  1763806497 41be03b00d2f7-bd75e9b1239sm7903419a12.15 - gsmtp"
2025-11-22 11:14:58 - 2: SERVER -> CLIENT: 250 2.0.0 OK  1763806497 41be03b00d2f7-bd75e9b1239sm7903419a12.15 - gsmtp

2025-11-22 11:14:58 - 1: CLIENT -> SERVER: QUIT

2025-11-22 11:14:58 - 4: SMTP INBOUND: "221 2.0.0 closing connection 41be03b00d2f7-bd75e9b1239sm7903419a12.15 - gsmtp"
2025-11-22 11:14:58 - 2: SERVER -> CLIENT: 221 2.0.0 closing connection 41be03b00d2f7-bd75e9b1239sm7903419a12.15 - gsmtp

2025-11-22 11:14:58 - 3: Connection: closed
2025-11-22 11:15:02 - 3: Connection: opening to smtp.gmail.com:587, timeout=300, options=array()
2025-11-22 11:15:02 - 3: Connection: opened
2025-11-22 11:15:02 - 4: SMTP INBOUND: "220 smtp.gmail.com ESMTP d2e1a72fcca58-7c3f0a67a4csm8772325b3a.48 - gsmtp"
2025-11-22 11:15:02 - 2: SERVER -> CLIENT: 220 smtp.gmail.com ESMTP d2e1a72fcca58-7c3f0a67a4csm8772325b3a.48 - gsmtp

2025-11-22 11:15:02 - 1: CLIENT -> SERVER: EHLO localhost

2025-11-22 11:15:03 - 4: SMTP INBOUND: "250-smtp.gmail.com at your service, [158.62.4.229]"
2025-11-22 11:15:03 - 4: SMTP INBOUND: "250-SIZE 35882577"
2025-11-22 11:15:03 - 4: SMTP INBOUND: "250-8BITMIME"
2025-11-22 11:15:03 - 4: SMTP INBOUND: "250-STARTTLS"
2025-11-22 11:15:03 - 4: SMTP INBOUND: "250-ENHANCEDSTATUSCODES"
2025-11-22 11:15:03 - 4: SMTP INBOUND: "250-PIPELINING"
2025-11-22 11:15:03 - 4: SMTP INBOUND: "250-CHUNKING"
2025-11-22 11:15:03 - 4: SMTP INBOUND: "250 SMTPUTF8"
2025-11-22 11:15:03 - 2: SERVER -> CLIENT: 250-smtp.gmail.com at your service, [158.62.4.229]
250-SIZE 35882577
250-8BITMIME
250-STARTTLS
250-ENHANCEDSTATUSCODES
250-PIPELINING
250-CHUNKING
250 SMTPUTF8

2025-11-22 11:15:03 - 1: CLIENT -> SERVER: STARTTLS

2025-11-22 11:15:03 - 4: SMTP INBOUND: "220 2.0.0 Ready to start TLS"
2025-11-22 11:15:03 - 2: SERVER -> CLIENT: 220 2.0.0 Ready to start TLS

2025-11-22 11:15:03 - 1: CLIENT -> SERVER: EHLO localhost

2025-11-22 11:15:03 - 4: SMTP INBOUND: "250-smtp.gmail.com at your service, [158.62.4.229]"
2025-11-22 11:15:03 - 4: SMTP INBOUND: "250-SIZE 35882577"
2025-11-22 11:15:03 - 4: SMTP INBOUND: "250-8BITMIME"
2025-11-22 11:15:03 - 4: SMTP INBOUND: "250-AUTH LOGIN PLAIN XOAUTH2 PLAIN-CLIENTTOKEN OAUTHBEARER XOAUTH"
2025-11-22 11:15:03 - 4: SMTP INBOUND: "250-ENHANCEDSTATUSCODES"
2025-11-22 11:15:03 - 4: SMTP INBOUND: "250-PIPELINING"
2025-11-22 11:15:03 - 4: SMTP INBOUND: "250-CHUNKING"
2025-11-22 11:15:03 - 4: SMTP INBOUND: "250 SMTPUTF8"
2025-11-22 11:15:03 - 2: SERVER -> CLIENT: 250-smtp.gmail.com at your service, [158.62.4.229]
250-SIZE 35882577
250-8BITMIME
250-AUTH LOGIN PLAIN XOAUTH2 PLAIN-CLIENTTOKEN OAUTHBEARER XOAUTH
250-ENHANCEDSTATUSCODES
250-PIPELINING
250-CHUNKING
250 SMTPUTF8

2025-11-22 11:15:03 - 4: Auth method requested: UNSPECIFIED
2025-11-22 11:15:03 - 4: Auth methods available on the server: LOGIN,PLAIN,XOAUTH2,PLAIN-CLIENTTOKEN,OAUTHBEARER,XOAUTH
2025-11-22 11:15:03 - 4: Requested auth method not available: 
2025-11-22 11:15:03 - 4: Auth method selected: LOGIN
2025-11-22 11:15:03 - 1: CLIENT -> SERVER: AUTH LOGIN

2025-11-22 11:15:03 - 4: SMTP INBOUND: "334 VXNlcm5hbWU6"
2025-11-22 11:15:03 - 2: SERVER -> CLIENT: 334 VXNlcm5hbWU6

2025-11-22 11:15:03 - 1: CLIENT -> SERVER: bWNwZWJyaW5laHFAZ21haWwuY29t

2025-11-22 11:15:04 - 4: SMTP INBOUND: "334 UGFzc3dvcmQ6"
2025-11-22 11:15:04 - 2: SERVER -> CLIENT: 334 UGFzc3dvcmQ6

2025-11-22 11:15:04 - 1: CLIENT -> SERVER: ZHRkeHh4aGNtYXVvIGVlYnQ=

2025-11-22 11:15:04 - 4: SMTP INBOUND: "235 2.7.0 Accepted"
2025-11-22 11:15:04 - 2: SERVER -> CLIENT: 235 2.7.0 Accepted

2025-11-22 11:15:04 - 1: CLIENT -> SERVER: MAIL FROM:<mcpebrinehq@gmail.com>

2025-11-22 11:15:04 - 4: SMTP INBOUND: "250 2.1.0 OK d2e1a72fcca58-7c3f0a67a4csm8772325b3a.48 - gsmtp"
2025-11-22 11:15:04 - 2: SERVER -> CLIENT: 250 2.1.0 OK d2e1a72fcca58-7c3f0a67a4csm8772325b3a.48 - gsmtp

2025-11-22 11:15:04 - 1: CLIENT -> SERVER: RCPT TO:<marjhonmatalog@gmail.com>

2025-11-22 11:15:04 - 4: SMTP INBOUND: "250 2.1.5 OK d2e1a72fcca58-7c3f0a67a4csm8772325b3a.48 - gsmtp"
2025-11-22 11:15:04 - 2: SERVER -> CLIENT: 250 2.1.5 OK d2e1a72fcca58-7c3f0a67a4csm8772325b3a.48 - gsmtp

2025-11-22 11:15:04 - 1: CLIENT -> SERVER: DATA

2025-11-22 11:15:05 - 4: SMTP INBOUND: "354 Go ahead d2e1a72fcca58-7c3f0a67a4csm8772325b3a.48 - gsmtp"
2025-11-22 11:15:05 - 2: SERVER -> CLIENT: 354 Go ahead d2e1a72fcca58-7c3f0a67a4csm8772325b3a.48 - gsmtp

2025-11-22 11:15:05 - 1: CLIENT -> SERVER: Date: Sat, 22 Nov 2025 11:15:02 +0100

2025-11-22 11:15:05 - 1: CLIENT -> SERVER: To: marjhonmatalog@gmail.com

2025-11-22 11:15:05 - 1: CLIENT -> SERVER: From: Heart Of D Ocean Resort <mcpebrinehq@gmail.com>

2025-11-22 11:15:05 - 1: CLIENT -> SERVER: Reply-To: Heart Of D Ocean Resort <heartofdocean2005@yahoo.com>

2025-11-22 11:15:05 - 1: CLIENT -> SERVER: Subject: Booking CONFIRMED - Heart Of D Ocean Beach Resort

2025-11-22 11:15:05 - 1: CLIENT -> SERVER: Message-ID: <NF4OzRBGmpBhYm6bf48slqbwn0bzfAOm7jVxN1pF84@localhost>

2025-11-22 11:15:05 - 1: CLIENT -> SERVER: X-Mailer: PHPMailer 7.0.0 (https://github.com/PHPMailer/PHPMailer)

2025-11-22 11:15:05 - 1: CLIENT -> SERVER: MIME-Version: 1.0

2025-11-22 11:15:05 - 1: CLIENT -> SERVER: Content-Type: multipart/alternative;

2025-11-22 11:15:05 - 1: CLIENT -> SERVER:  boundary="b1=_NF4OzRBGmpBhYm6bf48slqbwn0bzfAOm7jVxN1pF84"

2025-11-22 11:15:05 - 1: CLIENT -> SERVER: Content-Transfer-Encoding: 8bit

2025-11-22 11:15:05 - 1: CLIENT -> SERVER: 

2025-11-22 11:15:05 - 1: CLIENT -> SERVER: --b1=_NF4OzRBGmpBhYm6bf48slqbwn0bzfAOm7jVxN1pF84

2025-11-22 11:15:05 - 1: CLIENT -> SERVER: Content-Type: text/plain; charset=iso-8859-1

2025-11-22 11:15:05 - 1: CLIENT -> SERVER: Content-Transfer-Encoding: 8bit

2025-11-22 11:15:05 - 1: CLIENT -> SERVER: 

2025-11-22 11:15:05 - 1: CLIENT -> SERVER: 

2025-11-22 11:15:05 - 1: CLIENT -> SERVER:                     

2025-11-22 11:15:05 - 1: CLIENT -> SERVER:                     

2025-11-22 11:15:05 - 1: CLIENT -> SERVER:                         Booking Confirmed!

2025-11-22 11:15:05 - 1: CLIENT -> SERVER:                         Dear MAHIYAIN AKO123,

2025-11-22 11:15:05 - 1: CLIENT -> SERVER:                         Great news! Your booking has been CONFIRMED!

2025-11-22 11:15:05 - 1: CLIENT -> SERVER:                         

2025-11-22 11:15:05 - 1: CLIENT -> SERVER:                         

2025-11-22 11:15:05 - 1: CLIENT -> SERVER:                             Booking Details:

2025-11-22 11:15:05 - 1: CLIENT -> SERVER:                             Booking ID: RESORT1763739617807

2025-11-22 11:15:05 - 1: CLIENT -> SERVER:                             Cottage: Premium 838 — ₱7,800

2025-11-22 11:15:05 - 1: CLIENT -> SERVER:                             Check-in Date: 2025-11-26

2025-11-22 11:15:05 - 1: CLIENT -> SERVER:                             Number of Guests: 3

2025-11-22 11:15:05 - 1: CLIENT -> SERVER:                             Status: CONFIRMED

2025-11-22 11:15:05 - 1: CLIENT -> SERVER:                         

2025-11-22 11:15:05 - 1: CLIENT -> SERVER:                         

2025-11-22 11:15:05 - 1: CLIENT -> SERVER:                         We're excited to welcome you to Heart Of D Ocean Beach Resort!

2025-11-22 11:15:05 - 1: CLIENT -> SERVER:                         If you have any questions, please contact us at heartofdocean2005@yahoo.com or call us.

2025-11-22 11:15:05 - 1: CLIENT -> SERVER:                         

2025-11-22 11:15:05 - 1: CLIENT -> SERVER:                         

2025-11-22 11:15:05 - 1: CLIENT -> SERVER:                         Best regards,The Heart Of D Ocean Team

2025-11-22 11:15:05 - 1: CLIENT -> SERVER:                     

2025-11-22 11:15:05 - 1: CLIENT -> SERVER:                     

2025-11-22 11:15:05 - 1: CLIENT -> SERVER:                     

2025-11-22 11:15:05 - 1: CLIENT -> SERVER: 

2025-11-22 11:15:05 - 1: CLIENT -> SERVER: --b1=_NF4OzRBGmpBhYm6bf48slqbwn0bzfAOm7jVxN1pF84

2025-11-22 11:15:05 - 1: CLIENT -> SERVER: Content-Type: text/html; charset=iso-8859-1

2025-11-22 11:15:05 - 1: CLIENT -> SERVER: Content-Transfer-Encoding: 8bit

2025-11-22 11:15:05 - 1: CLIENT -> SERVER: 

2025-11-22 11:15:05 - 1: CLIENT -> SERVER: 

2025-11-22 11:15:05 - 1: CLIENT -> SERVER:                     <html>

2025-11-22 11:15:05 - 1: CLIENT -> SERVER:                     <body style='font-family: Arial, sans-serif; line-height: 1.6;'>

2025-11-22 11:15:05 - 1: CLIENT -> SERVER:                         <h2>Booking Confirmed!</h2>

2025-11-22 11:15:05 - 1: CLIENT -> SERVER:                         <p>Dear MAHIYAIN AKO123,</p>

2025-11-22 11:15:05 - 1: CLIENT -> SERVER:                         <p>Great news! Your booking has been <strong style='color: #28a745;'>CONFIRMED</strong>!</p>

2025-11-22 11:15:05 - 1: CLIENT -> SERVER:                         

2025-11-22 11:15:05 - 1: CLIENT -> SERVER:                         <div style='background: #f8f9fa; padding: 20px; border-radius: 10px; margin: 20px 0;'>

2025-11-22 11:15:05 - 1: CLIENT -> SERVER:                             <h3>Booking Details:</h3>

2025-11-22 11:15:05 - 1: CLIENT -> SERVER:                             <p><strong>Booking ID:</strong> RESORT1763739617807</p>

2025-11-22 11:15:05 - 1: CLIENT -> SERVER:                             <p><strong>Cottage:</strong> Premium 838 — ₱7,800</p>

2025-11-22 11:15:05 - 1: CLIENT -> SERVER:                             <p><strong>Check-in Date:</strong> 2025-11-26</p>

2025-11-22 11:15:05 - 1: CLIENT -> SERVER:                             <p><strong>Number of Guests:</strong> 3</p>

2025-11-22 11:15:05 - 1: CLIENT -> SERVER:                             <p><strong>Status:</strong> <span style='color: #28a745; font-weight: bold;'>CONFIRMED</span></p>

2025-11-22 11:15:05 - 1: CLIENT -> SERVER:                         </div>

2025-11-22 11:15:05 - 1: CLIENT -> SERVER:                         

2025-11-22 11:15:05 - 1: CLIENT -> SERVER:                         <p>We're excited to welcome you to Heart Of D Ocean Beach Resort!</p>

2025-11-22 11:15:05 - 1: CLIENT -> SERVER:                         <p>If you have any questions, please contact us at heartofdocean2005@yahoo.com or call us.</p>

2025-11-22 11:15:05 - 1: CLIENT -> SERVER:                         

2025-11-22 11:15:05 - 1: CLIENT -> SERVER:                         <br>

2025-11-22 11:15:05 - 1: CLIENT -> SERVER:                         <p>Best regards,<br>The Heart Of D Ocean Team</p>

2025-11-22 11:15:05 - 1: CLIENT -> SERVER:                     </body>

2025-11-22 11:15:05 - 1: CLIENT -> SERVER:                     </html>

2025-11-22 11:15:05 - 1: CLIENT -> SERVER:                     

2025-11-22 11:15:05 - 1: CLIENT -> SERVER: 

2025-11-22 11:15:05 - 1: CLIENT -> SERVER: 

2025-11-22 11:15:05 - 1: CLIENT -> SERVER: --b1=_NF4OzRBGmpBhYm6bf48slqbwn0bzfAOm7jVxN1pF84--

2025-11-22 11:15:05 - 1: CLIENT -> SERVER: 

2025-11-22 11:15:05 - 1: CLIENT -> SERVER: .

2025-11-22 11:15:05 - 4: SMTP INBOUND: "250 2.0.0 OK  1763806504 d2e1a72fcca58-7c3f0a67a4csm8772325b3a.48 - gsmtp"
2025-11-22 11:15:05 - 2: SERVER -> CLIENT: 250 2.0.0 OK  1763806504 d2e1a72fcca58-7c3f0a67a4csm8772325b3a.48 - gsmtp

2025-11-22 11:15:05 - 1: CLIENT -> SERVER: QUIT

2025-11-22 11:15:06 - 4: SMTP INBOUND: "221 2.0.0 closing connection d2e1a72fcca58-7c3f0a67a4csm8772325b3a.48 - gsmtp"
2025-11-22 11:15:06 - 2: SERVER -> CLIENT: 221 2.0.0 closing connection d2e1a72fcca58-7c3f0a67a4csm8772325b3a.48 - gsmtp

2025-11-22 11:15:06 - 3: Connection: closed
2025-11-22 13:13:04 - 3: Connection: opening to smtp.gmail.com:587, timeout=300, options=array()
2025-11-22 13:13:04 - 3: Connection: opened
2025-11-22 13:13:04 - 4: SMTP INBOUND: "220 smtp.gmail.com ESMTP 98e67ed59e1d1-34727bcaf13sm8107123a91.1 - gsmtp"
2025-11-22 13:13:04 - 2: SERVER -> CLIENT: 220 smtp.gmail.com ESMTP 98e67ed59e1d1-34727bcaf13sm8107123a91.1 - gsmtp

2025-11-22 13:13:04 - 1: CLIENT -> SERVER: EHLO localhost

2025-11-22 13:13:05 - 4: SMTP INBOUND: "250-smtp.gmail.com at your service, [158.62.4.229]"
2025-11-22 13:13:05 - 4: SMTP INBOUND: "250-SIZE 35882577"
2025-11-22 13:13:05 - 4: SMTP INBOUND: "250-8BITMIME"
2025-11-22 13:13:05 - 4: SMTP INBOUND: "250-STARTTLS"
2025-11-22 13:13:05 - 4: SMTP INBOUND: "250-ENHANCEDSTATUSCODES"
2025-11-22 13:13:05 - 4: SMTP INBOUND: "250-PIPELINING"
2025-11-22 13:13:05 - 4: SMTP INBOUND: "250-CHUNKING"
2025-11-22 13:13:05 - 4: SMTP INBOUND: "250 SMTPUTF8"
2025-11-22 13:13:05 - 2: SERVER -> CLIENT: 250-smtp.gmail.com at your service, [158.62.4.229]
250-SIZE 35882577
250-8BITMIME
250-STARTTLS
250-ENHANCEDSTATUSCODES
250-PIPELINING
250-CHUNKING
250 SMTPUTF8

2025-11-22 13:13:05 - 1: CLIENT -> SERVER: STARTTLS

2025-11-22 13:13:05 - 4: SMTP INBOUND: "220 2.0.0 Ready to start TLS"
2025-11-22 13:13:05 - 2: SERVER -> CLIENT: 220 2.0.0 Ready to start TLS

2025-11-22 13:13:05 - 1: CLIENT -> SERVER: EHLO localhost

2025-11-22 13:13:05 - 4: SMTP INBOUND: "250-smtp.gmail.com at your service, [158.62.4.229]"
2025-11-22 13:13:05 - 4: SMTP INBOUND: "250-SIZE 35882577"
2025-11-22 13:13:05 - 4: SMTP INBOUND: "250-8BITMIME"
2025-11-22 13:13:05 - 4: SMTP INBOUND: "250-AUTH LOGIN PLAIN XOAUTH2 PLAIN-CLIENTTOKEN OAUTHBEARER XOAUTH"
2025-11-22 13:13:05 - 4: SMTP INBOUND: "250-ENHANCEDSTATUSCODES"
2025-11-22 13:13:05 - 4: SMTP INBOUND: "250-PIPELINING"
2025-11-22 13:13:05 - 4: SMTP INBOUND: "250-CHUNKING"
2025-11-22 13:13:05 - 4: SMTP INBOUND: "250 SMTPUTF8"
2025-11-22 13:13:05 - 2: SERVER -> CLIENT: 250-smtp.gmail.com at your service, [158.62.4.229]
250-SIZE 35882577
250-8BITMIME
250-AUTH LOGIN PLAIN XOAUTH2 PLAIN-CLIENTTOKEN OAUTHBEARER XOAUTH
250-ENHANCEDSTATUSCODES
250-PIPELINING
250-CHUNKING
250 SMTPUTF8

2025-11-22 13:13:05 - 4: Auth method requested: UNSPECIFIED
2025-11-22 13:13:05 - 4: Auth methods available on the server: LOGIN,PLAIN,XOAUTH2,PLAIN-CLIENTTOKEN,OAUTHBEARER,XOAUTH
2025-11-22 13:13:05 - 4: Requested auth method not available: 
2025-11-22 13:13:05 - 4: Auth method selected: LOGIN
2025-11-22 13:13:05 - 1: CLIENT -> SERVER: AUTH LOGIN

2025-11-22 13:13:05 - 4: SMTP INBOUND: "334 VXNlcm5hbWU6"
2025-11-22 13:13:05 - 2: SERVER -> CLIENT: 334 VXNlcm5hbWU6

2025-11-22 13:13:05 - 1: CLIENT -> SERVER: bWNwZWJyaW5laHFAZ21haWwuY29t

2025-11-22 13:13:05 - 4: SMTP INBOUND: "334 UGFzc3dvcmQ6"
2025-11-22 13:13:05 - 2: SERVER -> CLIENT: 334 UGFzc3dvcmQ6

2025-11-22 13:13:05 - 1: CLIENT -> SERVER: ZHRkeHh4aGNtYXVvIGVlYnQ=

2025-11-22 13:13:06 - 4: SMTP INBOUND: "235 2.7.0 Accepted"
2025-11-22 13:13:06 - 2: SERVER -> CLIENT: 235 2.7.0 Accepted

2025-11-22 13:13:06 - 1: CLIENT -> SERVER: MAIL FROM:<mcpebrinehq@gmail.com>

2025-11-22 13:13:06 - 4: SMTP INBOUND: "250 2.1.0 OK 98e67ed59e1d1-34727bcaf13sm8107123a91.1 - gsmtp"
2025-11-22 13:13:06 - 2: SERVER -> CLIENT: 250 2.1.0 OK 98e67ed59e1d1-34727bcaf13sm8107123a91.1 - gsmtp

2025-11-22 13:13:06 - 1: CLIENT -> SERVER: RCPT TO:<marjhonmatalog278@gmail.com>

2025-11-22 13:13:06 - 4: SMTP INBOUND: "250 2.1.5 OK 98e67ed59e1d1-34727bcaf13sm8107123a91.1 - gsmtp"
2025-11-22 13:13:06 - 2: SERVER -> CLIENT: 250 2.1.5 OK 98e67ed59e1d1-34727bcaf13sm8107123a91.1 - gsmtp

2025-11-22 13:13:06 - 1: CLIENT -> SERVER: DATA

2025-11-22 13:13:06 - 4: SMTP INBOUND: "354 Go ahead 98e67ed59e1d1-34727bcaf13sm8107123a91.1 - gsmtp"
2025-11-22 13:13:06 - 2: SERVER -> CLIENT: 354 Go ahead 98e67ed59e1d1-34727bcaf13sm8107123a91.1 - gsmtp

2025-11-22 13:13:06 - 1: CLIENT -> SERVER: Date: Sat, 22 Nov 2025 13:13:04 +0100

2025-11-22 13:13:06 - 1: CLIENT -> SERVER: To: marjhonmatalog278@gmail.com

2025-11-22 13:13:06 - 1: CLIENT -> SERVER: From: Heart Of D Ocean Resort <mcpebrinehq@gmail.com>

2025-11-22 13:13:06 - 1: CLIENT -> SERVER: Reply-To: Heart Of D Ocean Resort <heartofdocean2005@yahoo.com>

2025-11-22 13:13:06 - 1: CLIENT -> SERVER: Subject: Booking CONFIRMED - Heart Of D Ocean Beach Resort

2025-11-22 13:13:06 - 1: CLIENT -> SERVER: Message-ID: <dQCKZuzQccYntePI4QObR01AOco8O7YT7yJ0VDNX2I@localhost>

2025-11-22 13:13:06 - 1: CLIENT -> SERVER: X-Mailer: PHPMailer 7.0.0 (https://github.com/PHPMailer/PHPMailer)

2025-11-22 13:13:06 - 1: CLIENT -> SERVER: MIME-Version: 1.0

2025-11-22 13:13:06 - 1: CLIENT -> SERVER: Content-Type: multipart/alternative;

2025-11-22 13:13:06 - 1: CLIENT -> SERVER:  boundary="b1=_dQCKZuzQccYntePI4QObR01AOco8O7YT7yJ0VDNX2I"

2025-11-22 13:13:06 - 1: CLIENT -> SERVER: Content-Transfer-Encoding: 8bit

2025-11-22 13:13:06 - 1: CLIENT -> SERVER: 

2025-11-22 13:13:06 - 1: CLIENT -> SERVER: --b1=_dQCKZuzQccYntePI4QObR01AOco8O7YT7yJ0VDNX2I

2025-11-22 13:13:06 - 1: CLIENT -> SERVER: Content-Type: text/plain; charset=iso-8859-1

2025-11-22 13:13:06 - 1: CLIENT -> SERVER: Content-Transfer-Encoding: 8bit

2025-11-22 13:13:06 - 1: CLIENT -> SERVER: 

2025-11-22 13:13:06 - 1: CLIENT -> SERVER: 

2025-11-22 13:13:06 - 1: CLIENT -> SERVER:                     

2025-11-22 13:13:06 - 1: CLIENT -> SERVER:                     

2025-11-22 13:13:06 - 1: CLIENT -> SERVER:                         Booking Confirmed!

2025-11-22 13:13:06 - 1: CLIENT -> SERVER:                         Dear marjan,

2025-11-22 13:13:06 - 1: CLIENT -> SERVER:                         Great news! Your booking has been CONFIRMED!

2025-11-22 13:13:06 - 1: CLIENT -> SERVER:                         

2025-11-22 13:13:06 - 1: CLIENT -> SERVER:                         

2025-11-22 13:13:06 - 1: CLIENT -> SERVER:                             Booking Details:

2025-11-22 13:13:06 - 1: CLIENT -> SERVER:                             Booking ID: RESORT1763813444816

2025-11-22 13:13:06 - 1: CLIENT -> SERVER:                             Cottage: Beatrice B — ₱6,800

2025-11-22 13:13:06 - 1: CLIENT -> SERVER:                             Check-in Date: 2025-12-25

2025-11-22 13:13:06 - 1: CLIENT -> SERVER:                             Number of Guests: 2

2025-11-22 13:13:06 - 1: CLIENT -> SERVER:                             Status: CONFIRMED

2025-11-22 13:13:06 - 1: CLIENT -> SERVER:                         

2025-11-22 13:13:06 - 1: CLIENT -> SERVER:                         

2025-11-22 13:13:06 - 1: CLIENT -> SERVER:                         We're excited to welcome you to Heart Of D Ocean Beach Resort!

2025-11-22 13:13:06 - 1: CLIENT -> SERVER:                         If you have any questions, please contact us at heartofdocean2005@yahoo.com or call us.

2025-11-22 13:13:06 - 1: CLIENT -> SERVER:                         

2025-11-22 13:13:06 - 1: CLIENT -> SERVER:                         

2025-11-22 13:13:06 - 1: CLIENT -> SERVER:                         Best regards,The Heart Of D Ocean Team

2025-11-22 13:13:06 - 1: CLIENT -> SERVER:                     

2025-11-22 13:13:06 - 1: CLIENT -> SERVER:                     

2025-11-22 13:13:06 - 1: CLIENT -> SERVER:                     

2025-11-22 13:13:06 - 1: CLIENT -> SERVER: 

2025-11-22 13:13:06 - 1: CLIENT -> SERVER: --b1=_dQCKZuzQccYntePI4QObR01AOco8O7YT7yJ0VDNX2I

2025-11-22 13:13:06 - 1: CLIENT -> SERVER: Content-Type: text/html; charset=iso-8859-1

2025-11-22 13:13:06 - 1: CLIENT -> SERVER: Content-Transfer-Encoding: 8bit

2025-11-22 13:13:06 - 1: CLIENT -> SERVER: 

2025-11-22 13:13:06 - 1: CLIENT -> SERVER: 

2025-11-22 13:13:06 - 1: CLIENT -> SERVER:                     <html>

2025-11-22 13:13:06 - 1: CLIENT -> SERVER:                     <body style='font-family: Arial, sans-serif; line-height: 1.6;'>

2025-11-22 13:13:06 - 1: CLIENT -> SERVER:                         <h2>Booking Confirmed!</h2>

2025-11-22 13:13:06 - 1: CLIENT -> SERVER:                         <p>Dear marjan,</p>

2025-11-22 13:13:06 - 1: CLIENT -> SERVER:                         <p>Great news! Your booking has been <strong style='color: #28a745;'>CONFIRMED</strong>!</p>

2025-11-22 13:13:06 - 1: CLIENT -> SERVER:                         

2025-11-22 13:13:06 - 1: CLIENT -> SERVER:                         <div style='background: #f8f9fa; padding: 20px; border-radius: 10px; margin: 20px 0;'>

2025-11-22 13:13:06 - 1: CLIENT -> SERVER:                             <h3>Booking Details:</h3>

2025-11-22 13:13:06 - 1: CLIENT -> SERVER:                             <p><strong>Booking ID:</strong> RESORT1763813444816</p>

2025-11-22 13:13:06 - 1: CLIENT -> SERVER:                             <p><strong>Cottage:</strong> Beatrice B — ₱6,800</p>

2025-11-22 13:13:06 - 1: CLIENT -> SERVER:                             <p><strong>Check-in Date:</strong> 2025-12-25</p>

2025-11-22 13:13:06 - 1: CLIENT -> SERVER:                             <p><strong>Number of Guests:</strong> 2</p>

2025-11-22 13:13:06 - 1: CLIENT -> SERVER:                             <p><strong>Status:</strong> <span style='color: #28a745; font-weight: bold;'>CONFIRMED</span></p>

2025-11-22 13:13:06 - 1: CLIENT -> SERVER:                         </div>

2025-11-22 13:13:06 - 1: CLIENT -> SERVER:                         

2025-11-22 13:13:06 - 1: CLIENT -> SERVER:                         <p>We're excited to welcome you to Heart Of D Ocean Beach Resort!</p>

2025-11-22 13:13:06 - 1: CLIENT -> SERVER:                         <p>If you have any questions, please contact us at heartofdocean2005@yahoo.com or call us.</p>

2025-11-22 13:13:06 - 1: CLIENT -> SERVER:                         

2025-11-22 13:13:06 - 1: CLIENT -> SERVER:                         <br>

2025-11-22 13:13:06 - 1: CLIENT -> SERVER:                         <p>Best regards,<br>The Heart Of D Ocean Team</p>

2025-11-22 13:13:06 - 1: CLIENT -> SERVER:                     </body>

2025-11-22 13:13:06 - 1: CLIENT -> SERVER:                     </html>

2025-11-22 13:13:06 - 1: CLIENT -> SERVER:                     

2025-11-22 13:13:06 - 1: CLIENT -> SERVER: 

2025-11-22 13:13:06 - 1: CLIENT -> SERVER: 

2025-11-22 13:13:06 - 1: CLIENT -> SERVER: --b1=_dQCKZuzQccYntePI4QObR01AOco8O7YT7yJ0VDNX2I--

2025-11-22 13:13:06 - 1: CLIENT -> SERVER: 

2025-11-22 13:13:06 - 1: CLIENT -> SERVER: .

2025-11-22 13:13:07 - 4: SMTP INBOUND: "250 2.0.0 OK  1763813586 98e67ed59e1d1-34727bcaf13sm8107123a91.1 - gsmtp"
2025-11-22 13:13:07 - 2: SERVER -> CLIENT: 250 2.0.0 OK  1763813586 98e67ed59e1d1-34727bcaf13sm8107123a91.1 - gsmtp

2025-11-22 13:13:07 - 1: CLIENT -> SERVER: QUIT

2025-11-22 13:13:07 - 4: SMTP INBOUND: "221 2.0.0 closing connection 98e67ed59e1d1-34727bcaf13sm8107123a91.1 - gsmtp"
2025-11-22 13:13:07 - 2: SERVER -> CLIENT: 221 2.0.0 closing connection 98e67ed59e1d1-34727bcaf13sm8107123a91.1 - gsmtp

2025-11-22 13:13:07 - 3: Connection: closed
2025-11-25 13:30:44 - 3: Connection: opening to smtp.gmail.com:587, timeout=300, options=array()
2025-11-25 13:30:44 - 3: Connection: opened
2025-11-25 13:30:44 - 4: SMTP INBOUND: "220 smtp.gmail.com ESMTP d2e1a72fcca58-7c3f023f432sm17771234b3a.44 - gsmtp"
2025-11-25 13:30:44 - 2: SERVER -> CLIENT: 220 smtp.gmail.com ESMTP d2e1a72fcca58-7c3f023f432sm17771234b3a.44 - gsmtp

2025-11-25 13:30:44 - 1: CLIENT -> SERVER: EHLO localhost

2025-11-25 13:30:45 - 4: SMTP INBOUND: "250-smtp.gmail.com at your service, [158.62.4.229]"
2025-11-25 13:30:45 - 4: SMTP INBOUND: "250-SIZE 35882577"
2025-11-25 13:30:45 - 4: SMTP INBOUND: "250-8BITMIME"
2025-11-25 13:30:45 - 4: SMTP INBOUND: "250-STARTTLS"
2025-11-25 13:30:45 - 4: SMTP INBOUND: "250-ENHANCEDSTATUSCODES"
2025-11-25 13:30:45 - 4: SMTP INBOUND: "250-PIPELINING"
2025-11-25 13:30:45 - 4: SMTP INBOUND: "250-CHUNKING"
2025-11-25 13:30:45 - 4: SMTP INBOUND: "250 SMTPUTF8"
2025-11-25 13:30:45 - 2: SERVER -> CLIENT: 250-smtp.gmail.com at your service, [158.62.4.229]
250-SIZE 35882577
250-8BITMIME
250-STARTTLS
250-ENHANCEDSTATUSCODES
250-PIPELINING
250-CHUNKING
250 SMTPUTF8

2025-11-25 13:30:45 - 1: CLIENT -> SERVER: STARTTLS

2025-11-25 13:30:45 - 4: SMTP INBOUND: "220 2.0.0 Ready to start TLS"
2025-11-25 13:30:45 - 2: SERVER -> CLIENT: 220 2.0.0 Ready to start TLS

2025-11-25 13:30:45 - 1: CLIENT -> SERVER: EHLO localhost

2025-11-25 13:30:45 - 4: SMTP INBOUND: "250-smtp.gmail.com at your service, [158.62.4.229]"
2025-11-25 13:30:45 - 4: SMTP INBOUND: "250-SIZE 35882577"
2025-11-25 13:30:45 - 4: SMTP INBOUND: "250-8BITMIME"
2025-11-25 13:30:45 - 4: SMTP INBOUND: "250-AUTH LOGIN PLAIN XOAUTH2 PLAIN-CLIENTTOKEN OAUTHBEARER XOAUTH"
2025-11-25 13:30:45 - 4: SMTP INBOUND: "250-ENHANCEDSTATUSCODES"
2025-11-25 13:30:45 - 4: SMTP INBOUND: "250-PIPELINING"
2025-11-25 13:30:45 - 4: SMTP INBOUND: "250-CHUNKING"
2025-11-25 13:30:45 - 4: SMTP INBOUND: "250 SMTPUTF8"
2025-11-25 13:30:45 - 2: SERVER -> CLIENT: 250-smtp.gmail.com at your service, [158.62.4.229]
250-SIZE 35882577
250-8BITMIME
250-AUTH LOGIN PLAIN XOAUTH2 PLAIN-CLIENTTOKEN OAUTHBEARER XOAUTH
250-ENHANCEDSTATUSCODES
250-PIPELINING
250-CHUNKING
250 SMTPUTF8

2025-11-25 13:30:45 - 4: Auth method requested: UNSPECIFIED
2025-11-25 13:30:45 - 4: Auth methods available on the server: LOGIN,PLAIN,XOAUTH2,PLAIN-CLIENTTOKEN,OAUTHBEARER,XOAUTH
2025-11-25 13:30:45 - 4: Requested auth method not available: 
2025-11-25 13:30:45 - 4: Auth method selected: LOGIN
2025-11-25 13:30:45 - 1: CLIENT -> SERVER: AUTH LOGIN

2025-11-25 13:30:45 - 4: SMTP INBOUND: "334 VXNlcm5hbWU6"
2025-11-25 13:30:45 - 2: SERVER -> CLIENT: 334 VXNlcm5hbWU6

2025-11-25 13:30:45 - 1: CLIENT -> SERVER: bWNwZWJyaW5laHFAZ21haWwuY29t

2025-11-25 13:30:46 - 4: SMTP INBOUND: "334 UGFzc3dvcmQ6"
2025-11-25 13:30:46 - 2: SERVER -> CLIENT: 334 UGFzc3dvcmQ6

2025-11-25 13:30:46 - 1: CLIENT -> SERVER: ZHRkeHh4aGNtYXVvIGVlYnQ=

2025-11-25 13:30:46 - 4: SMTP INBOUND: "235 2.7.0 Accepted"
2025-11-25 13:30:46 - 2: SERVER -> CLIENT: 235 2.7.0 Accepted

2025-11-25 13:30:46 - 1: CLIENT -> SERVER: MAIL FROM:<mcpebrinehq@gmail.com>

2025-11-25 13:30:46 - 4: SMTP INBOUND: "250 2.1.0 OK d2e1a72fcca58-7c3f023f432sm17771234b3a.44 - gsmtp"
2025-11-25 13:30:46 - 2: SERVER -> CLIENT: 250 2.1.0 OK d2e1a72fcca58-7c3f023f432sm17771234b3a.44 - gsmtp

2025-11-25 13:30:46 - 1: CLIENT -> SERVER: RCPT TO:<marjhonmatalog278@gmail.com>

2025-11-25 13:30:46 - 4: SMTP INBOUND: "250 2.1.5 OK d2e1a72fcca58-7c3f023f432sm17771234b3a.44 - gsmtp"
2025-11-25 13:30:46 - 2: SERVER -> CLIENT: 250 2.1.5 OK d2e1a72fcca58-7c3f023f432sm17771234b3a.44 - gsmtp

2025-11-25 13:30:46 - 1: CLIENT -> SERVER: DATA

2025-11-25 13:30:47 - 4: SMTP INBOUND: "354 Go ahead d2e1a72fcca58-7c3f023f432sm17771234b3a.44 - gsmtp"
2025-11-25 13:30:47 - 2: SERVER -> CLIENT: 354 Go ahead d2e1a72fcca58-7c3f023f432sm17771234b3a.44 - gsmtp

2025-11-25 13:30:47 - 1: CLIENT -> SERVER: Date: Tue, 25 Nov 2025 13:30:44 +0100

2025-11-25 13:30:47 - 1: CLIENT -> SERVER: To: marjhonmatalog278@gmail.com

2025-11-25 13:30:47 - 1: CLIENT -> SERVER: From: Heart Of D Ocean Resort <mcpebrinehq@gmail.com>

2025-11-25 13:30:47 - 1: CLIENT -> SERVER: Reply-To: Heart Of D Ocean Resort <heartofdocean2005@yahoo.com>

2025-11-25 13:30:47 - 1: CLIENT -> SERVER: Subject: Booking Update - Heart Of D Ocean Beach Resort

2025-11-25 13:30:47 - 1: CLIENT -> SERVER: Message-ID: <zMxhoquslAVWhRI4CVbcBwdaKKctBp3Eno0C0wVo@localhost>

2025-11-25 13:30:47 - 1: CLIENT -> SERVER: X-Mailer: PHPMailer 7.0.0 (https://github.com/PHPMailer/PHPMailer)

2025-11-25 13:30:47 - 1: CLIENT -> SERVER: MIME-Version: 1.0

2025-11-25 13:30:47 - 1: CLIENT -> SERVER: Content-Type: multipart/alternative;

2025-11-25 13:30:47 - 1: CLIENT -> SERVER:  boundary="b1=_zMxhoquslAVWhRI4CVbcBwdaKKctBp3Eno0C0wVo"

2025-11-25 13:30:47 - 1: CLIENT -> SERVER: Content-Transfer-Encoding: 8bit

2025-11-25 13:30:47 - 1: CLIENT -> SERVER: 

2025-11-25 13:30:47 - 1: CLIENT -> SERVER: --b1=_zMxhoquslAVWhRI4CVbcBwdaKKctBp3Eno0C0wVo

2025-11-25 13:30:47 - 1: CLIENT -> SERVER: Content-Type: text/plain; charset=iso-8859-1

2025-11-25 13:30:47 - 1: CLIENT -> SERVER: Content-Transfer-Encoding: 8bit

2025-11-25 13:30:47 - 1: CLIENT -> SERVER: 

2025-11-25 13:30:47 - 1: CLIENT -> SERVER: 

2025-11-25 13:30:47 - 1: CLIENT -> SERVER:                     

2025-11-25 13:30:47 - 1: CLIENT -> SERVER:                     

2025-11-25 13:30:47 - 1: CLIENT -> SERVER:                         Booking Status Update

2025-11-25 13:30:47 - 1: CLIENT -> SERVER:                         Dear Marjhon,

2025-11-25 13:30:47 - 1: CLIENT -> SERVER:                         Your booking status has been updated to: CANCELLED

2025-11-25 13:30:47 - 1: CLIENT -> SERVER:                         

2025-11-25 13:30:47 - 1: CLIENT -> SERVER:                         

2025-11-25 13:30:47 - 1: CLIENT -> SERVER:                             Booking Details:

2025-11-25 13:30:47 - 1: CLIENT -> SERVER:                             Booking ID: RESORT1763659910979

2025-11-25 13:30:47 - 1: CLIENT -> SERVER:                             Cottage: White House — ₱30,000

2025-11-25 13:30:47 - 1: CLIENT -> SERVER:                             Check-in Date: 2025-11-10

2025-11-25 13:30:47 - 1: CLIENT -> SERVER:                             Status: CANCELLED

2025-11-25 13:30:47 - 1: CLIENT -> SERVER:                         

2025-11-25 13:30:47 - 1: CLIENT -> SERVER:                         

2025-11-25 13:30:47 - 1: CLIENT -> SERVER:                         Please contact us at heartofdocean2005@yahoo.com if you have any questions.

2025-11-25 13:30:47 - 1: CLIENT -> SERVER:                         

2025-11-25 13:30:47 - 1: CLIENT -> SERVER:                         

2025-11-25 13:30:47 - 1: CLIENT -> SERVER:                         Best regards,The Heart Of D Ocean Team

2025-11-25 13:30:47 - 1: CLIENT -> SERVER:                     

2025-11-25 13:30:47 - 1: CLIENT -> SERVER:                     

2025-11-25 13:30:47 - 1: CLIENT -> SERVER:                     

2025-11-25 13:30:47 - 1: CLIENT -> SERVER: 

2025-11-25 13:30:47 - 1: CLIENT -> SERVER: --b1=_zMxhoquslAVWhRI4CVbcBwdaKKctBp3Eno0C0wVo

2025-11-25 13:30:47 - 1: CLIENT -> SERVER: Content-Type: text/html; charset=iso-8859-1

2025-11-25 13:30:47 - 1: CLIENT -> SERVER: Content-Transfer-Encoding: 8bit

2025-11-25 13:30:47 - 1: CLIENT -> SERVER: 

2025-11-25 13:30:47 - 1: CLIENT -> SERVER: 

2025-11-25 13:30:47 - 1: CLIENT -> SERVER:                     <html>

2025-11-25 13:30:47 - 1: CLIENT -> SERVER:                     <body style='font-family: Arial, sans-serif; line-height: 1.6;'>

2025-11-25 13:30:47 - 1: CLIENT -> SERVER:                         <h2>Booking Status Update</h2>

2025-11-25 13:30:47 - 1: CLIENT -> SERVER:                         <p>Dear Marjhon,</p>

2025-11-25 13:30:47 - 1: CLIENT -> SERVER:                         <p>Your booking status has been updated to: <strong>CANCELLED</strong></p>

2025-11-25 13:30:47 - 1: CLIENT -> SERVER:                         

2025-11-25 13:30:47 - 1: CLIENT -> SERVER:                         <div style='background: #f8f9fa; padding: 20px; border-radius: 10px; margin: 20px 0;'>

2025-11-25 13:30:47 - 1: CLIENT -> SERVER:                             <h3>Booking Details:</h3>

2025-11-25 13:30:47 - 1: CLIENT -> SERVER:                             <p><strong>Booking ID:</strong> RESORT1763659910979</p>

2025-11-25 13:30:47 - 1: CLIENT -> SERVER:                             <p><strong>Cottage:</strong> White House — ₱30,000</p>

2025-11-25 13:30:47 - 1: CLIENT -> SERVER:                             <p><strong>Check-in Date:</strong> 2025-11-10</p>

2025-11-25 13:30:47 - 1: CLIENT -> SERVER:                             <p><strong>Status:</strong> CANCELLED</p>

2025-11-25 13:30:47 - 1: CLIENT -> SERVER:                         </div>

2025-11-25 13:30:47 - 1: CLIENT -> SERVER:                         

2025-11-25 13:30:47 - 1: CLIENT -> SERVER:                         <p>Please contact us at heartofdocean2005@yahoo.com if you have any questions.</p>

2025-11-25 13:30:47 - 1: CLIENT -> SERVER:                         

2025-11-25 13:30:47 - 1: CLIENT -> SERVER:                         <br>

2025-11-25 13:30:47 - 1: CLIENT -> SERVER:                         <p>Best regards,<br>The Heart Of D Ocean Team</p>

2025-11-25 13:30:47 - 1: CLIENT -> SERVER:                     </body>

2025-11-25 13:30:47 - 1: CLIENT -> SERVER:                     </html>

2025-11-25 13:30:47 - 1: CLIENT -> SERVER:                     

2025-11-25 13:30:47 - 1: CLIENT -> SERVER: 

2025-11-25 13:30:47 - 1: CLIENT -> SERVER: 

2025-11-25 13:30:47 - 1: CLIENT -> SERVER: --b1=_zMxhoquslAVWhRI4CVbcBwdaKKctBp3Eno0C0wVo--

2025-11-25 13:30:47 - 1: CLIENT -> SERVER: 

2025-11-25 13:30:47 - 1: CLIENT -> SERVER: .

2025-11-25 13:30:48 - 4: SMTP INBOUND: "250 2.0.0 OK  1764073849 d2e1a72fcca58-7c3f023f432sm17771234b3a.44 - gsmtp"
2025-11-25 13:30:48 - 2: SERVER -> CLIENT: 250 2.0.0 OK  1764073849 d2e1a72fcca58-7c3f023f432sm17771234b3a.44 - gsmtp

2025-11-25 13:30:48 - 1: CLIENT -> SERVER: QUIT

2025-11-25 13:30:48 - 4: SMTP INBOUND: "221 2.0.0 closing connection d2e1a72fcca58-7c3f023f432sm17771234b3a.44 - gsmtp"
2025-11-25 13:30:48 - 2: SERVER -> CLIENT: 221 2.0.0 closing connection d2e1a72fcca58-7c3f023f432sm17771234b3a.44 - gsmtp

2025-11-25 13:30:48 - 3: Connection: closed
2025-11-25 13:30:48 - 3: Connection: opening to smtp.gmail.com:587, timeout=300, options=array()
2025-11-25 13:30:48 - 3: Connection: opened
2025-11-25 13:30:49 - 4: SMTP INBOUND: "220 smtp.gmail.com ESMTP 41be03b00d2f7-bd75def6346sm16400538a12.4 - gsmtp"
2025-11-25 13:30:49 - 2: SERVER -> CLIENT: 220 smtp.gmail.com ESMTP 41be03b00d2f7-bd75def6346sm16400538a12.4 - gsmtp

2025-11-25 13:30:49 - 1: CLIENT -> SERVER: EHLO localhost

2025-11-25 13:30:49 - 4: SMTP INBOUND: "250-smtp.gmail.com at your service, [158.62.4.229]"
2025-11-25 13:30:49 - 4: SMTP INBOUND: "250-SIZE 35882577"
2025-11-25 13:30:49 - 4: SMTP INBOUND: "250-8BITMIME"
2025-11-25 13:30:49 - 4: SMTP INBOUND: "250-STARTTLS"
2025-11-25 13:30:49 - 4: SMTP INBOUND: "250-ENHANCEDSTATUSCODES"
2025-11-25 13:30:49 - 4: SMTP INBOUND: "250-PIPELINING"
2025-11-25 13:30:49 - 4: SMTP INBOUND: "250-CHUNKING"
2025-11-25 13:30:49 - 4: SMTP INBOUND: "250 SMTPUTF8"
2025-11-25 13:30:49 - 2: SERVER -> CLIENT: 250-smtp.gmail.com at your service, [158.62.4.229]
250-SIZE 35882577
250-8BITMIME
250-STARTTLS
250-ENHANCEDSTATUSCODES
250-PIPELINING
250-CHUNKING
250 SMTPUTF8

2025-11-25 13:30:49 - 1: CLIENT -> SERVER: STARTTLS

2025-11-25 13:30:49 - 4: SMTP INBOUND: "220 2.0.0 Ready to start TLS"
2025-11-25 13:30:49 - 2: SERVER -> CLIENT: 220 2.0.0 Ready to start TLS

2025-11-25 13:30:49 - 1: CLIENT -> SERVER: EHLO localhost

2025-11-25 13:30:49 - 4: SMTP INBOUND: "250-smtp.gmail.com at your service, [158.62.4.229]"
2025-11-25 13:30:49 - 4: SMTP INBOUND: "250-SIZE 35882577"
2025-11-25 13:30:49 - 4: SMTP INBOUND: "250-8BITMIME"
2025-11-25 13:30:49 - 4: SMTP INBOUND: "250-AUTH LOGIN PLAIN XOAUTH2 PLAIN-CLIENTTOKEN OAUTHBEARER XOAUTH"
2025-11-25 13:30:49 - 4: SMTP INBOUND: "250-ENHANCEDSTATUSCODES"
2025-11-25 13:30:49 - 4: SMTP INBOUND: "250-PIPELINING"
2025-11-25 13:30:49 - 4: SMTP INBOUND: "250-CHUNKING"
2025-11-25 13:30:49 - 4: SMTP INBOUND: "250 SMTPUTF8"
2025-11-25 13:30:49 - 2: SERVER -> CLIENT: 250-smtp.gmail.com at your service, [158.62.4.229]
250-SIZE 35882577
250-8BITMIME
250-AUTH LOGIN PLAIN XOAUTH2 PLAIN-CLIENTTOKEN OAUTHBEARER XOAUTH
250-ENHANCEDSTATUSCODES
250-PIPELINING
250-CHUNKING
250 SMTPUTF8

2025-11-25 13:30:49 - 4: Auth method requested: UNSPECIFIED
2025-11-25 13:30:49 - 4: Auth methods available on the server: LOGIN,PLAIN,XOAUTH2,PLAIN-CLIENTTOKEN,OAUTHBEARER,XOAUTH
2025-11-25 13:30:49 - 4: Requested auth method not available: 
2025-11-25 13:30:49 - 4: Auth method selected: LOGIN
2025-11-25 13:30:49 - 1: CLIENT -> SERVER: AUTH LOGIN

2025-11-25 13:30:50 - 4: SMTP INBOUND: "334 VXNlcm5hbWU6"
2025-11-25 13:30:50 - 2: SERVER -> CLIENT: 334 VXNlcm5hbWU6

2025-11-25 13:30:50 - 1: CLIENT -> SERVER: bWNwZWJyaW5laHFAZ21haWwuY29t

2025-11-25 13:30:50 - 4: SMTP INBOUND: "334 UGFzc3dvcmQ6"
2025-11-25 13:30:50 - 2: SERVER -> CLIENT: 334 UGFzc3dvcmQ6

2025-11-25 13:30:50 - 1: CLIENT -> SERVER: ZHRkeHh4aGNtYXVvIGVlYnQ=

2025-11-25 13:30:50 - 4: SMTP INBOUND: "235 2.7.0 Accepted"
2025-11-25 13:30:50 - 2: SERVER -> CLIENT: 235 2.7.0 Accepted

2025-11-25 13:30:50 - 1: CLIENT -> SERVER: MAIL FROM:<mcpebrinehq@gmail.com>

2025-11-25 13:30:50 - 4: SMTP INBOUND: "250 2.1.0 OK 41be03b00d2f7-bd75def6346sm16400538a12.4 - gsmtp"
2025-11-25 13:30:50 - 2: SERVER -> CLIENT: 250 2.1.0 OK 41be03b00d2f7-bd75def6346sm16400538a12.4 - gsmtp

2025-11-25 13:30:50 - 1: CLIENT -> SERVER: RCPT TO:<marjhonmatalog278@gmail.com>

2025-11-25 13:30:51 - 4: SMTP INBOUND: "250 2.1.5 OK 41be03b00d2f7-bd75def6346sm16400538a12.4 - gsmtp"
2025-11-25 13:30:51 - 2: SERVER -> CLIENT: 250 2.1.5 OK 41be03b00d2f7-bd75def6346sm16400538a12.4 - gsmtp

2025-11-25 13:30:51 - 1: CLIENT -> SERVER: DATA

2025-11-25 13:30:51 - 4: SMTP INBOUND: "354 Go ahead 41be03b00d2f7-bd75def6346sm16400538a12.4 - gsmtp"
2025-11-25 13:30:51 - 2: SERVER -> CLIENT: 354 Go ahead 41be03b00d2f7-bd75def6346sm16400538a12.4 - gsmtp

2025-11-25 13:30:51 - 1: CLIENT -> SERVER: Date: Tue, 25 Nov 2025 13:30:48 +0100

2025-11-25 13:30:51 - 1: CLIENT -> SERVER: To: marjhonmatalog278@gmail.com

2025-11-25 13:30:51 - 1: CLIENT -> SERVER: From: Heart Of D Ocean Resort <mcpebrinehq@gmail.com>

2025-11-25 13:30:51 - 1: CLIENT -> SERVER: Reply-To: Heart Of D Ocean Resort <heartofdocean2005@yahoo.com>

2025-11-25 13:30:51 - 1: CLIENT -> SERVER: Subject: Booking Update - Heart Of D Ocean Beach Resort

2025-11-25 13:30:51 - 1: CLIENT -> SERVER: Message-ID: <Rov43atJMIMkaF7ImqnUuRAusdxLNJ21LHQesqYxK0@localhost>

2025-11-25 13:30:51 - 1: CLIENT -> SERVER: X-Mailer: PHPMailer 7.0.0 (https://github.com/PHPMailer/PHPMailer)

2025-11-25 13:30:51 - 1: CLIENT -> SERVER: MIME-Version: 1.0

2025-11-25 13:30:51 - 1: CLIENT -> SERVER: Content-Type: multipart/alternative;

2025-11-25 13:30:51 - 1: CLIENT -> SERVER:  boundary="b1=_Rov43atJMIMkaF7ImqnUuRAusdxLNJ21LHQesqYxK0"

2025-11-25 13:30:51 - 1: CLIENT -> SERVER: Content-Transfer-Encoding: 8bit

2025-11-25 13:30:51 - 1: CLIENT -> SERVER: 

2025-11-25 13:30:51 - 1: CLIENT -> SERVER: --b1=_Rov43atJMIMkaF7ImqnUuRAusdxLNJ21LHQesqYxK0

2025-11-25 13:30:51 - 1: CLIENT -> SERVER: Content-Type: text/plain; charset=iso-8859-1

2025-11-25 13:30:51 - 1: CLIENT -> SERVER: Content-Transfer-Encoding: 8bit

2025-11-25 13:30:51 - 1: CLIENT -> SERVER: 

2025-11-25 13:30:51 - 1: CLIENT -> SERVER: 

2025-11-25 13:30:51 - 1: CLIENT -> SERVER:                     

2025-11-25 13:30:51 - 1: CLIENT -> SERVER:                     

2025-11-25 13:30:51 - 1: CLIENT -> SERVER:                         Booking Status Update

2025-11-25 13:30:51 - 1: CLIENT -> SERVER:                         Dear Marjhon,

2025-11-25 13:30:51 - 1: CLIENT -> SERVER:                         Your booking status has been updated to: CANCELLED

2025-11-25 13:30:51 - 1: CLIENT -> SERVER:                         

2025-11-25 13:30:51 - 1: CLIENT -> SERVER:                         

2025-11-25 13:30:51 - 1: CLIENT -> SERVER:                             Booking Details:

2025-11-25 13:30:51 - 1: CLIENT -> SERVER:                             Booking ID: RESORT1763663948413

2025-11-25 13:30:51 - 1: CLIENT -> SERVER:                             Cottage: Beatrice B — ₱6,800

2025-11-25 13:30:51 - 1: CLIENT -> SERVER:                             Check-in Date: 2025-12-23

2025-11-25 13:30:51 - 1: CLIENT -> SERVER:                             Status: CANCELLED

2025-11-25 13:30:51 - 1: CLIENT -> SERVER:                         

2025-11-25 13:30:51 - 1: CLIENT -> SERVER:                         

2025-11-25 13:30:51 - 1: CLIENT -> SERVER:                         Please contact us at heartofdocean2005@yahoo.com if you have any questions.

2025-11-25 13:30:51 - 1: CLIENT -> SERVER:                         

2025-11-25 13:30:51 - 1: CLIENT -> SERVER:                         

2025-11-25 13:30:51 - 1: CLIENT -> SERVER:                         Best regards,The Heart Of D Ocean Team

2025-11-25 13:30:51 - 1: CLIENT -> SERVER:                     

2025-11-25 13:30:51 - 1: CLIENT -> SERVER:                     

2025-11-25 13:30:51 - 1: CLIENT -> SERVER:                     

2025-11-25 13:30:51 - 1: CLIENT -> SERVER: 

2025-11-25 13:30:51 - 1: CLIENT -> SERVER: --b1=_Rov43atJMIMkaF7ImqnUuRAusdxLNJ21LHQesqYxK0

2025-11-25 13:30:51 - 1: CLIENT -> SERVER: Content-Type: text/html; charset=iso-8859-1

2025-11-25 13:30:51 - 1: CLIENT -> SERVER: Content-Transfer-Encoding: 8bit

2025-11-25 13:30:51 - 1: CLIENT -> SERVER: 

2025-11-25 13:30:51 - 1: CLIENT -> SERVER: 

2025-11-25 13:30:51 - 1: CLIENT -> SERVER:                     <html>

2025-11-25 13:30:51 - 1: CLIENT -> SERVER:                     <body style='font-family: Arial, sans-serif; line-height: 1.6;'>

2025-11-25 13:30:51 - 1: CLIENT -> SERVER:                         <h2>Booking Status Update</h2>

2025-11-25 13:30:51 - 1: CLIENT -> SERVER:                         <p>Dear Marjhon,</p>

2025-11-25 13:30:51 - 1: CLIENT -> SERVER:                         <p>Your booking status has been updated to: <strong>CANCELLED</strong></p>

2025-11-25 13:30:51 - 1: CLIENT -> SERVER:                         

2025-11-25 13:30:51 - 1: CLIENT -> SERVER:                         <div style='background: #f8f9fa; padding: 20px; border-radius: 10px; margin: 20px 0;'>

2025-11-25 13:30:51 - 1: CLIENT -> SERVER:                             <h3>Booking Details:</h3>

2025-11-25 13:30:51 - 1: CLIENT -> SERVER:                             <p><strong>Booking ID:</strong> RESORT1763663948413</p>

2025-11-25 13:30:51 - 1: CLIENT -> SERVER:                             <p><strong>Cottage:</strong> Beatrice B — ₱6,800</p>

2025-11-25 13:30:51 - 1: CLIENT -> SERVER:                             <p><strong>Check-in Date:</strong> 2025-12-23</p>

2025-11-25 13:30:51 - 1: CLIENT -> SERVER:                             <p><strong>Status:</strong> CANCELLED</p>

2025-11-25 13:30:51 - 1: CLIENT -> SERVER:                         </div>

2025-11-25 13:30:51 - 1: CLIENT -> SERVER:                         

2025-11-25 13:30:51 - 1: CLIENT -> SERVER:                         <p>Please contact us at heartofdocean2005@yahoo.com if you have any questions.</p>

2025-11-25 13:30:51 - 1: CLIENT -> SERVER:                         

2025-11-25 13:30:51 - 1: CLIENT -> SERVER:                         <br>

2025-11-25 13:30:51 - 1: CLIENT -> SERVER:                         <p>Best regards,<br>The Heart Of D Ocean Team</p>

2025-11-25 13:30:51 - 1: CLIENT -> SERVER:                     </body>

2025-11-25 13:30:51 - 1: CLIENT -> SERVER:                     </html>

2025-11-25 13:30:51 - 1: CLIENT -> SERVER:                     

2025-11-25 13:30:51 - 1: CLIENT -> SERVER: 

2025-11-25 13:30:51 - 1: CLIENT -> SERVER: 

2025-11-25 13:30:51 - 1: CLIENT -> SERVER: --b1=_Rov43atJMIMkaF7ImqnUuRAusdxLNJ21LHQesqYxK0--

2025-11-25 13:30:51 - 1: CLIENT -> SERVER: 

2025-11-25 13:30:51 - 1: CLIENT -> SERVER: .

2025-11-25 13:30:52 - 4: SMTP INBOUND: "250 2.0.0 OK  1764073852 41be03b00d2f7-bd75def6346sm16400538a12.4 - gsmtp"
2025-11-25 13:30:52 - 2: SERVER -> CLIENT: 250 2.0.0 OK  1764073852 41be03b00d2f7-bd75def6346sm16400538a12.4 - gsmtp

2025-11-25 13:30:52 - 1: CLIENT -> SERVER: QUIT

2025-11-25 13:30:52 - 4: SMTP INBOUND: "221 2.0.0 closing connection 41be03b00d2f7-bd75def6346sm16400538a12.4 - gsmtp"
2025-11-25 13:30:52 - 2: SERVER -> CLIENT: 221 2.0.0 closing connection 41be03b00d2f7-bd75def6346sm16400538a12.4 - gsmtp

2025-11-25 13:30:52 - 3: Connection: closed
2025-11-25 13:30:52 - 3: Connection: opening to smtp.gmail.com:587, timeout=300, options=array()
2025-11-25 13:30:52 - 3: Connection: opened
2025-11-25 13:30:52 - 4: SMTP INBOUND: "220 smtp.gmail.com ESMTP d9443c01a7336-29b5b2ad1d8sm163254835ad.89 - gsmtp"
2025-11-25 13:30:52 - 2: SERVER -> CLIENT: 220 smtp.gmail.com ESMTP d9443c01a7336-29b5b2ad1d8sm163254835ad.89 - gsmtp

2025-11-25 13:30:52 - 1: CLIENT -> SERVER: EHLO localhost

2025-11-25 13:30:52 - 4: SMTP INBOUND: "250-smtp.gmail.com at your service, [158.62.4.229]"
2025-11-25 13:30:52 - 4: SMTP INBOUND: "250-SIZE 35882577"
2025-11-25 13:30:52 - 4: SMTP INBOUND: "250-8BITMIME"
2025-11-25 13:30:52 - 4: SMTP INBOUND: "250-STARTTLS"
2025-11-25 13:30:52 - 4: SMTP INBOUND: "250-ENHANCEDSTATUSCODES"
2025-11-25 13:30:52 - 4: SMTP INBOUND: "250-PIPELINING"
2025-11-25 13:30:52 - 4: SMTP INBOUND: "250-CHUNKING"
2025-11-25 13:30:52 - 4: SMTP INBOUND: "250 SMTPUTF8"
2025-11-25 13:30:52 - 2: SERVER -> CLIENT: 250-smtp.gmail.com at your service, [158.62.4.229]
250-SIZE 35882577
250-8BITMIME
250-STARTTLS
250-ENHANCEDSTATUSCODES
250-PIPELINING
250-CHUNKING
250 SMTPUTF8

2025-11-25 13:30:52 - 1: CLIENT -> SERVER: STARTTLS

2025-11-25 13:30:53 - 4: SMTP INBOUND: "220 2.0.0 Ready to start TLS"
2025-11-25 13:30:53 - 2: SERVER -> CLIENT: 220 2.0.0 Ready to start TLS

2025-11-25 13:30:53 - 1: CLIENT -> SERVER: EHLO localhost

2025-11-25 13:30:53 - 4: SMTP INBOUND: "250-smtp.gmail.com at your service, [158.62.4.229]"
2025-11-25 13:30:53 - 4: SMTP INBOUND: "250-SIZE 35882577"
2025-11-25 13:30:53 - 4: SMTP INBOUND: "250-8BITMIME"
2025-11-25 13:30:53 - 4: SMTP INBOUND: "250-AUTH LOGIN PLAIN XOAUTH2 PLAIN-CLIENTTOKEN OAUTHBEARER XOAUTH"
2025-11-25 13:30:53 - 4: SMTP INBOUND: "250-ENHANCEDSTATUSCODES"
2025-11-25 13:30:53 - 4: SMTP INBOUND: "250-PIPELINING"
2025-11-25 13:30:53 - 4: SMTP INBOUND: "250-CHUNKING"
2025-11-25 13:30:53 - 4: SMTP INBOUND: "250 SMTPUTF8"
2025-11-25 13:30:53 - 2: SERVER -> CLIENT: 250-smtp.gmail.com at your service, [158.62.4.229]
250-SIZE 35882577
250-8BITMIME
250-AUTH LOGIN PLAIN XOAUTH2 PLAIN-CLIENTTOKEN OAUTHBEARER XOAUTH
250-ENHANCEDSTATUSCODES
250-PIPELINING
250-CHUNKING
250 SMTPUTF8

2025-11-25 13:30:53 - 4: Auth method requested: UNSPECIFIED
2025-11-25 13:30:53 - 4: Auth methods available on the server: LOGIN,PLAIN,XOAUTH2,PLAIN-CLIENTTOKEN,OAUTHBEARER,XOAUTH
2025-11-25 13:30:53 - 4: Requested auth method not available: 
2025-11-25 13:30:53 - 4: Auth method selected: LOGIN
2025-11-25 13:30:53 - 1: CLIENT -> SERVER: AUTH LOGIN

2025-11-25 13:30:53 - 4: SMTP INBOUND: "334 VXNlcm5hbWU6"
2025-11-25 13:30:53 - 2: SERVER -> CLIENT: 334 VXNlcm5hbWU6

2025-11-25 13:30:53 - 1: CLIENT -> SERVER: bWNwZWJyaW5laHFAZ21haWwuY29t

2025-11-25 13:30:53 - 4: SMTP INBOUND: "334 UGFzc3dvcmQ6"
2025-11-25 13:30:53 - 2: SERVER -> CLIENT: 334 UGFzc3dvcmQ6

2025-11-25 13:30:53 - 1: CLIENT -> SERVER: ZHRkeHh4aGNtYXVvIGVlYnQ=

2025-11-25 13:30:54 - 4: SMTP INBOUND: "235 2.7.0 Accepted"
2025-11-25 13:30:54 - 2: SERVER -> CLIENT: 235 2.7.0 Accepted

2025-11-25 13:30:54 - 1: CLIENT -> SERVER: MAIL FROM:<mcpebrinehq@gmail.com>

2025-11-25 13:30:54 - 4: SMTP INBOUND: "250 2.1.0 OK d9443c01a7336-29b5b2ad1d8sm163254835ad.89 - gsmtp"
2025-11-25 13:30:54 - 2: SERVER -> CLIENT: 250 2.1.0 OK d9443c01a7336-29b5b2ad1d8sm163254835ad.89 - gsmtp

2025-11-25 13:30:54 - 1: CLIENT -> SERVER: RCPT TO:<marjhonmatalog278@gmail.com>

2025-11-25 13:30:54 - 4: SMTP INBOUND: "250 2.1.5 OK d9443c01a7336-29b5b2ad1d8sm163254835ad.89 - gsmtp"
2025-11-25 13:30:54 - 2: SERVER -> CLIENT: 250 2.1.5 OK d9443c01a7336-29b5b2ad1d8sm163254835ad.89 - gsmtp

2025-11-25 13:30:54 - 1: CLIENT -> SERVER: DATA

2025-11-25 13:30:54 - 4: SMTP INBOUND: "354 Go ahead d9443c01a7336-29b5b2ad1d8sm163254835ad.89 - gsmtp"
2025-11-25 13:30:54 - 2: SERVER -> CLIENT: 354 Go ahead d9443c01a7336-29b5b2ad1d8sm163254835ad.89 - gsmtp

2025-11-25 13:30:54 - 1: CLIENT -> SERVER: Date: Tue, 25 Nov 2025 13:30:52 +0100

2025-11-25 13:30:54 - 1: CLIENT -> SERVER: To: marjhonmatalog278@gmail.com

2025-11-25 13:30:54 - 1: CLIENT -> SERVER: From: Heart Of D Ocean Resort <mcpebrinehq@gmail.com>

2025-11-25 13:30:54 - 1: CLIENT -> SERVER: Reply-To: Heart Of D Ocean Resort <heartofdocean2005@yahoo.com>

2025-11-25 13:30:54 - 1: CLIENT -> SERVER: Subject: Booking Update - Heart Of D Ocean Beach Resort

2025-11-25 13:30:54 - 1: CLIENT -> SERVER: Message-ID: <EZ3GyjwTiDemJHtvPaKqX6tixrZpAGhrtlDMqU1lZyE@localhost>

2025-11-25 13:30:54 - 1: CLIENT -> SERVER: X-Mailer: PHPMailer 7.0.0 (https://github.com/PHPMailer/PHPMailer)

2025-11-25 13:30:54 - 1: CLIENT -> SERVER: MIME-Version: 1.0

2025-11-25 13:30:54 - 1: CLIENT -> SERVER: Content-Type: multipart/alternative;

2025-11-25 13:30:54 - 1: CLIENT -> SERVER:  boundary="b1=_EZ3GyjwTiDemJHtvPaKqX6tixrZpAGhrtlDMqU1lZyE"

2025-11-25 13:30:54 - 1: CLIENT -> SERVER: Content-Transfer-Encoding: 8bit

2025-11-25 13:30:54 - 1: CLIENT -> SERVER: 

2025-11-25 13:30:54 - 1: CLIENT -> SERVER: --b1=_EZ3GyjwTiDemJHtvPaKqX6tixrZpAGhrtlDMqU1lZyE

2025-11-25 13:30:54 - 1: CLIENT -> SERVER: Content-Type: text/plain; charset=iso-8859-1

2025-11-25 13:30:54 - 1: CLIENT -> SERVER: Content-Transfer-Encoding: 8bit

2025-11-25 13:30:54 - 1: CLIENT -> SERVER: 

2025-11-25 13:30:54 - 1: CLIENT -> SERVER: 

2025-11-25 13:30:54 - 1: CLIENT -> SERVER:                     

2025-11-25 13:30:54 - 1: CLIENT -> SERVER:                     

2025-11-25 13:30:54 - 1: CLIENT -> SERVER:                         Booking Status Update

2025-11-25 13:30:54 - 1: CLIENT -> SERVER:                         Dear Marjhon,

2025-11-25 13:30:54 - 1: CLIENT -> SERVER:                         Your booking status has been updated to: CANCELLED

2025-11-25 13:30:54 - 1: CLIENT -> SERVER:                         

2025-11-25 13:30:54 - 1: CLIENT -> SERVER:                         

2025-11-25 13:30:54 - 1: CLIENT -> SERVER:                             Booking Details:

2025-11-25 13:30:54 - 1: CLIENT -> SERVER:                             Booking ID: RESORT1763709839651

2025-11-25 13:30:54 - 1: CLIENT -> SERVER:                             Cottage: Beatrice B — ₱6,800

2025-11-25 13:30:54 - 1: CLIENT -> SERVER:                             Check-in Date: 2025-11-26

2025-11-25 13:30:54 - 1: CLIENT -> SERVER:                             Status: CANCELLED

2025-11-25 13:30:54 - 1: CLIENT -> SERVER:                         

2025-11-25 13:30:54 - 1: CLIENT -> SERVER:                         

2025-11-25 13:30:54 - 1: CLIENT -> SERVER:                         Please contact us at heartofdocean2005@yahoo.com if you have any questions.

2025-11-25 13:30:54 - 1: CLIENT -> SERVER:                         

2025-11-25 13:30:54 - 1: CLIENT -> SERVER:                         

2025-11-25 13:30:54 - 1: CLIENT -> SERVER:                         Best regards,The Heart Of D Ocean Team

2025-11-25 13:30:54 - 1: CLIENT -> SERVER:                     

2025-11-25 13:30:54 - 1: CLIENT -> SERVER:                     

2025-11-25 13:30:54 - 1: CLIENT -> SERVER:                     

2025-11-25 13:30:54 - 1: CLIENT -> SERVER: 

2025-11-25 13:30:54 - 1: CLIENT -> SERVER: --b1=_EZ3GyjwTiDemJHtvPaKqX6tixrZpAGhrtlDMqU1lZyE

2025-11-25 13:30:54 - 1: CLIENT -> SERVER: Content-Type: text/html; charset=iso-8859-1

2025-11-25 13:30:54 - 1: CLIENT -> SERVER: Content-Transfer-Encoding: 8bit

2025-11-25 13:30:54 - 1: CLIENT -> SERVER: 

2025-11-25 13:30:54 - 1: CLIENT -> SERVER: 

2025-11-25 13:30:54 - 1: CLIENT -> SERVER:                     <html>

2025-11-25 13:30:54 - 1: CLIENT -> SERVER:                     <body style='font-family: Arial, sans-serif; line-height: 1.6;'>

2025-11-25 13:30:54 - 1: CLIENT -> SERVER:                         <h2>Booking Status Update</h2>

2025-11-25 13:30:54 - 1: CLIENT -> SERVER:                         <p>Dear Marjhon,</p>

2025-11-25 13:30:54 - 1: CLIENT -> SERVER:                         <p>Your booking status has been updated to: <strong>CANCELLED</strong></p>

2025-11-25 13:30:54 - 1: CLIENT -> SERVER:                         

2025-11-25 13:30:54 - 1: CLIENT -> SERVER:                         <div style='background: #f8f9fa; padding: 20px; border-radius: 10px; margin: 20px 0;'>

2025-11-25 13:30:54 - 1: CLIENT -> SERVER:                             <h3>Booking Details:</h3>

2025-11-25 13:30:54 - 1: CLIENT -> SERVER:                             <p><strong>Booking ID:</strong> RESORT1763709839651</p>

2025-11-25 13:30:54 - 1: CLIENT -> SERVER:                             <p><strong>Cottage:</strong> Beatrice B — ₱6,800</p>

2025-11-25 13:30:54 - 1: CLIENT -> SERVER:                             <p><strong>Check-in Date:</strong> 2025-11-26</p>

2025-11-25 13:30:54 - 1: CLIENT -> SERVER:                             <p><strong>Status:</strong> CANCELLED</p>

2025-11-25 13:30:54 - 1: CLIENT -> SERVER:                         </div>

2025-11-25 13:30:54 - 1: CLIENT -> SERVER:                         

2025-11-25 13:30:54 - 1: CLIENT -> SERVER:                         <p>Please contact us at heartofdocean2005@yahoo.com if you have any questions.</p>

2025-11-25 13:30:54 - 1: CLIENT -> SERVER:                         

2025-11-25 13:30:54 - 1: CLIENT -> SERVER:                         <br>

2025-11-25 13:30:54 - 1: CLIENT -> SERVER:                         <p>Best regards,<br>The Heart Of D Ocean Team</p>

2025-11-25 13:30:54 - 1: CLIENT -> SERVER:                     </body>

2025-11-25 13:30:54 - 1: CLIENT -> SERVER:                     </html>

2025-11-25 13:30:54 - 1: CLIENT -> SERVER:                     

2025-11-25 13:30:54 - 1: CLIENT -> SERVER: 

2025-11-25 13:30:54 - 1: CLIENT -> SERVER: 

2025-11-25 13:30:54 - 1: CLIENT -> SERVER: --b1=_EZ3GyjwTiDemJHtvPaKqX6tixrZpAGhrtlDMqU1lZyE--

2025-11-25 13:30:54 - 1: CLIENT -> SERVER: 

2025-11-25 13:30:54 - 1: CLIENT -> SERVER: .

2025-11-25 13:30:55 - 4: SMTP INBOUND: "250 2.0.0 OK  1764073856 d9443c01a7336-29b5b2ad1d8sm163254835ad.89 - gsmtp"
2025-11-25 13:30:55 - 2: SERVER -> CLIENT: 250 2.0.0 OK  1764073856 d9443c01a7336-29b5b2ad1d8sm163254835ad.89 - gsmtp

2025-11-25 13:30:55 - 1: CLIENT -> SERVER: QUIT

2025-11-25 13:30:55 - 4: SMTP INBOUND: "221 2.0.0 closing connection d9443c01a7336-29b5b2ad1d8sm163254835ad.89 - gsmtp"
2025-11-25 13:30:55 - 2: SERVER -> CLIENT: 221 2.0.0 closing connection d9443c01a7336-29b5b2ad1d8sm163254835ad.89 - gsmtp

2025-11-25 13:30:55 - 3: Connection: closed
2025-11-25 13:31:02 - 3: Connection: opening to smtp.gmail.com:587, timeout=300, options=array()
2025-11-25 13:31:02 - 3: Connection: opened
2025-11-25 13:31:02 - 4: SMTP INBOUND: "220 smtp.gmail.com ESMTP d9443c01a7336-29b5b2bf60csm165868525ad.101 - gsmtp"
2025-11-25 13:31:02 - 2: SERVER -> CLIENT: 220 smtp.gmail.com ESMTP d9443c01a7336-29b5b2bf60csm165868525ad.101 - gsmtp

2025-11-25 13:31:02 - 1: CLIENT -> SERVER: EHLO localhost

2025-11-25 13:31:02 - 4: SMTP INBOUND: "250-smtp.gmail.com at your service, [158.62.4.229]"
2025-11-25 13:31:02 - 4: SMTP INBOUND: "250-SIZE 35882577"
2025-11-25 13:31:02 - 4: SMTP INBOUND: "250-8BITMIME"
2025-11-25 13:31:02 - 4: SMTP INBOUND: "250-STARTTLS"
2025-11-25 13:31:02 - 4: SMTP INBOUND: "250-ENHANCEDSTATUSCODES"
2025-11-25 13:31:02 - 4: SMTP INBOUND: "250-PIPELINING"
2025-11-25 13:31:02 - 4: SMTP INBOUND: "250-CHUNKING"
2025-11-25 13:31:02 - 4: SMTP INBOUND: "250 SMTPUTF8"
2025-11-25 13:31:02 - 2: SERVER -> CLIENT: 250-smtp.gmail.com at your service, [158.62.4.229]
250-SIZE 35882577
250-8BITMIME
250-STARTTLS
250-ENHANCEDSTATUSCODES
250-PIPELINING
250-CHUNKING
250 SMTPUTF8

2025-11-25 13:31:02 - 1: CLIENT -> SERVER: STARTTLS

2025-11-25 13:31:03 - 4: SMTP INBOUND: "220 2.0.0 Ready to start TLS"
2025-11-25 13:31:03 - 2: SERVER -> CLIENT: 220 2.0.0 Ready to start TLS

2025-11-25 13:31:03 - 1: CLIENT -> SERVER: EHLO localhost

2025-11-25 13:31:03 - 4: SMTP INBOUND: "250-smtp.gmail.com at your service, [158.62.4.229]"
2025-11-25 13:31:03 - 4: SMTP INBOUND: "250-SIZE 35882577"
2025-11-25 13:31:03 - 4: SMTP INBOUND: "250-8BITMIME"
2025-11-25 13:31:03 - 4: SMTP INBOUND: "250-AUTH LOGIN PLAIN XOAUTH2 PLAIN-CLIENTTOKEN OAUTHBEARER XOAUTH"
2025-11-25 13:31:03 - 4: SMTP INBOUND: "250-ENHANCEDSTATUSCODES"
2025-11-25 13:31:03 - 4: SMTP INBOUND: "250-PIPELINING"
2025-11-25 13:31:03 - 4: SMTP INBOUND: "250-CHUNKING"
2025-11-25 13:31:03 - 4: SMTP INBOUND: "250 SMTPUTF8"
2025-11-25 13:31:03 - 2: SERVER -> CLIENT: 250-smtp.gmail.com at your service, [158.62.4.229]
250-SIZE 35882577
250-8BITMIME
250-AUTH LOGIN PLAIN XOAUTH2 PLAIN-CLIENTTOKEN OAUTHBEARER XOAUTH
250-ENHANCEDSTATUSCODES
250-PIPELINING
250-CHUNKING
250 SMTPUTF8

2025-11-25 13:31:03 - 4: Auth method requested: UNSPECIFIED
2025-11-25 13:31:03 - 4: Auth methods available on the server: LOGIN,PLAIN,XOAUTH2,PLAIN-CLIENTTOKEN,OAUTHBEARER,XOAUTH
2025-11-25 13:31:03 - 4: Requested auth method not available: 
2025-11-25 13:31:03 - 4: Auth method selected: LOGIN
2025-11-25 13:31:03 - 1: CLIENT -> SERVER: AUTH LOGIN

2025-11-25 13:31:03 - 4: SMTP INBOUND: "334 VXNlcm5hbWU6"
2025-11-25 13:31:03 - 2: SERVER -> CLIENT: 334 VXNlcm5hbWU6

2025-11-25 13:31:03 - 1: CLIENT -> SERVER: bWNwZWJyaW5laHFAZ21haWwuY29t

2025-11-25 13:31:03 - 4: SMTP INBOUND: "334 UGFzc3dvcmQ6"
2025-11-25 13:31:03 - 2: SERVER -> CLIENT: 334 UGFzc3dvcmQ6

2025-11-25 13:31:03 - 1: CLIENT -> SERVER: ZHRkeHh4aGNtYXVvIGVlYnQ=

2025-11-25 13:31:04 - 4: SMTP INBOUND: "235 2.7.0 Accepted"
2025-11-25 13:31:04 - 2: SERVER -> CLIENT: 235 2.7.0 Accepted

2025-11-25 13:31:04 - 1: CLIENT -> SERVER: MAIL FROM:<mcpebrinehq@gmail.com>

2025-11-25 13:31:04 - 4: SMTP INBOUND: "250 2.1.0 OK d9443c01a7336-29b5b2bf60csm165868525ad.101 - gsmtp"
2025-11-25 13:31:04 - 2: SERVER -> CLIENT: 250 2.1.0 OK d9443c01a7336-29b5b2bf60csm165868525ad.101 - gsmtp

2025-11-25 13:31:04 - 1: CLIENT -> SERVER: RCPT TO:<marjhonmatalog278@gmail.com>

2025-11-25 13:31:04 - 4: SMTP INBOUND: "250 2.1.5 OK d9443c01a7336-29b5b2bf60csm165868525ad.101 - gsmtp"
2025-11-25 13:31:04 - 2: SERVER -> CLIENT: 250 2.1.5 OK d9443c01a7336-29b5b2bf60csm165868525ad.101 - gsmtp

2025-11-25 13:31:04 - 1: CLIENT -> SERVER: DATA

2025-11-25 13:31:04 - 4: SMTP INBOUND: "354 Go ahead d9443c01a7336-29b5b2bf60csm165868525ad.101 - gsmtp"
2025-11-25 13:31:04 - 2: SERVER -> CLIENT: 354 Go ahead d9443c01a7336-29b5b2bf60csm165868525ad.101 - gsmtp

2025-11-25 13:31:04 - 1: CLIENT -> SERVER: Date: Tue, 25 Nov 2025 13:31:02 +0100

2025-11-25 13:31:04 - 1: CLIENT -> SERVER: To: marjhonmatalog278@gmail.com

2025-11-25 13:31:04 - 1: CLIENT -> SERVER: From: Heart Of D Ocean Resort <mcpebrinehq@gmail.com>

2025-11-25 13:31:04 - 1: CLIENT -> SERVER: Reply-To: Heart Of D Ocean Resort <heartofdocean2005@yahoo.com>

2025-11-25 13:31:04 - 1: CLIENT -> SERVER: Subject: Booking Update - Heart Of D Ocean Beach Resort

2025-11-25 13:31:04 - 1: CLIENT -> SERVER: Message-ID: <lPuVWuFwElqyNWQRWUgojY8KTnMGZH5KdeDIcbnmoE@localhost>

2025-11-25 13:31:04 - 1: CLIENT -> SERVER: X-Mailer: PHPMailer 7.0.0 (https://github.com/PHPMailer/PHPMailer)

2025-11-25 13:31:04 - 1: CLIENT -> SERVER: MIME-Version: 1.0

2025-11-25 13:31:04 - 1: CLIENT -> SERVER: Content-Type: multipart/alternative;

2025-11-25 13:31:04 - 1: CLIENT -> SERVER:  boundary="b1=_lPuVWuFwElqyNWQRWUgojY8KTnMGZH5KdeDIcbnmoE"

2025-11-25 13:31:04 - 1: CLIENT -> SERVER: Content-Transfer-Encoding: 8bit

2025-11-25 13:31:04 - 1: CLIENT -> SERVER: 

2025-11-25 13:31:04 - 1: CLIENT -> SERVER: --b1=_lPuVWuFwElqyNWQRWUgojY8KTnMGZH5KdeDIcbnmoE

2025-11-25 13:31:04 - 1: CLIENT -> SERVER: Content-Type: text/plain; charset=iso-8859-1

2025-11-25 13:31:04 - 1: CLIENT -> SERVER: Content-Transfer-Encoding: 8bit

2025-11-25 13:31:04 - 1: CLIENT -> SERVER: 

2025-11-25 13:31:04 - 1: CLIENT -> SERVER: 

2025-11-25 13:31:04 - 1: CLIENT -> SERVER:                     

2025-11-25 13:31:04 - 1: CLIENT -> SERVER:                     

2025-11-25 13:31:04 - 1: CLIENT -> SERVER:                         Booking Status Update

2025-11-25 13:31:04 - 1: CLIENT -> SERVER:                         Dear Marjhon,

2025-11-25 13:31:04 - 1: CLIENT -> SERVER:                         Your booking status has been updated to: CANCELLED

2025-11-25 13:31:04 - 1: CLIENT -> SERVER:                         

2025-11-25 13:31:04 - 1: CLIENT -> SERVER:                         

2025-11-25 13:31:04 - 1: CLIENT -> SERVER:                             Booking Details:

2025-11-25 13:31:04 - 1: CLIENT -> SERVER:                             Booking ID: RESORT1763658941422

2025-11-25 13:31:04 - 1: CLIENT -> SERVER:                             Cottage: Heartsuite — ₱11,800

2025-11-25 13:31:04 - 1: CLIENT -> SERVER:                             Check-in Date: 2025-11-11

2025-11-25 13:31:04 - 1: CLIENT -> SERVER:                             Status: CANCELLED

2025-11-25 13:31:04 - 1: CLIENT -> SERVER:                         

2025-11-25 13:31:04 - 1: CLIENT -> SERVER:                         

2025-11-25 13:31:04 - 1: CLIENT -> SERVER:                         Please contact us at heartofdocean2005@yahoo.com if you have any questions.

2025-11-25 13:31:04 - 1: CLIENT -> SERVER:                         

2025-11-25 13:31:04 - 1: CLIENT -> SERVER:                         

2025-11-25 13:31:04 - 1: CLIENT -> SERVER:                         Best regards,The Heart Of D Ocean Team

2025-11-25 13:31:04 - 1: CLIENT -> SERVER:                     

2025-11-25 13:31:04 - 1: CLIENT -> SERVER:                     

2025-11-25 13:31:04 - 1: CLIENT -> SERVER:                     

2025-11-25 13:31:04 - 1: CLIENT -> SERVER: 

2025-11-25 13:31:04 - 1: CLIENT -> SERVER: --b1=_lPuVWuFwElqyNWQRWUgojY8KTnMGZH5KdeDIcbnmoE

2025-11-25 13:31:04 - 1: CLIENT -> SERVER: Content-Type: text/html; charset=iso-8859-1

2025-11-25 13:31:04 - 1: CLIENT -> SERVER: Content-Transfer-Encoding: 8bit

2025-11-25 13:31:04 - 1: CLIENT -> SERVER: 

2025-11-25 13:31:04 - 1: CLIENT -> SERVER: 

2025-11-25 13:31:04 - 1: CLIENT -> SERVER:                     <html>

2025-11-25 13:31:04 - 1: CLIENT -> SERVER:                     <body style='font-family: Arial, sans-serif; line-height: 1.6;'>

2025-11-25 13:31:04 - 1: CLIENT -> SERVER:                         <h2>Booking Status Update</h2>

2025-11-25 13:31:04 - 1: CLIENT -> SERVER:                         <p>Dear Marjhon,</p>

2025-11-25 13:31:04 - 1: CLIENT -> SERVER:                         <p>Your booking status has been updated to: <strong>CANCELLED</strong></p>

2025-11-25 13:31:04 - 1: CLIENT -> SERVER:                         

2025-11-25 13:31:04 - 1: CLIENT -> SERVER:                         <div style='background: #f8f9fa; padding: 20px; border-radius: 10px; margin: 20px 0;'>

2025-11-25 13:31:04 - 1: CLIENT -> SERVER:                             <h3>Booking Details:</h3>

2025-11-25 13:31:04 - 1: CLIENT -> SERVER:                             <p><strong>Booking ID:</strong> RESORT1763658941422</p>

2025-11-25 13:31:04 - 1: CLIENT -> SERVER:                             <p><strong>Cottage:</strong> Heartsuite — ₱11,800</p>

2025-11-25 13:31:04 - 1: CLIENT -> SERVER:                             <p><strong>Check-in Date:</strong> 2025-11-11</p>

2025-11-25 13:31:04 - 1: CLIENT -> SERVER:                             <p><strong>Status:</strong> CANCELLED</p>

2025-11-25 13:31:04 - 1: CLIENT -> SERVER:                         </div>

2025-11-25 13:31:04 - 1: CLIENT -> SERVER:                         

2025-11-25 13:31:04 - 1: CLIENT -> SERVER:                         <p>Please contact us at heartofdocean2005@yahoo.com if you have any questions.</p>

2025-11-25 13:31:04 - 1: CLIENT -> SERVER:                         

2025-11-25 13:31:04 - 1: CLIENT -> SERVER:                         <br>

2025-11-25 13:31:04 - 1: CLIENT -> SERVER:                         <p>Best regards,<br>The Heart Of D Ocean Team</p>

2025-11-25 13:31:04 - 1: CLIENT -> SERVER:                     </body>

2025-11-25 13:31:04 - 1: CLIENT -> SERVER:                     </html>

2025-11-25 13:31:04 - 1: CLIENT -> SERVER:                     

2025-11-25 13:31:04 - 1: CLIENT -> SERVER: 

2025-11-25 13:31:04 - 1: CLIENT -> SERVER: 

2025-11-25 13:31:04 - 1: CLIENT -> SERVER: --b1=_lPuVWuFwElqyNWQRWUgojY8KTnMGZH5KdeDIcbnmoE--

2025-11-25 13:31:04 - 1: CLIENT -> SERVER: 

2025-11-25 13:31:04 - 1: CLIENT -> SERVER: .

2025-11-25 13:31:05 - 4: SMTP INBOUND: "250 2.0.0 OK  1764073866 d9443c01a7336-29b5b2bf60csm165868525ad.101 - gsmtp"
2025-11-25 13:31:05 - 2: SERVER -> CLIENT: 250 2.0.0 OK  1764073866 d9443c01a7336-29b5b2bf60csm165868525ad.101 - gsmtp

2025-11-25 13:31:05 - 1: CLIENT -> SERVER: QUIT

2025-11-25 13:31:05 - 4: SMTP INBOUND: "221 2.0.0 closing connection d9443c01a7336-29b5b2bf60csm165868525ad.101 - gsmtp"
2025-11-25 13:31:05 - 2: SERVER -> CLIENT: 221 2.0.0 closing connection d9443c01a7336-29b5b2bf60csm165868525ad.101 - gsmtp

2025-11-25 13:31:05 - 3: Connection: closed
2025-11-25 13:31:11 - 3: Connection: opening to smtp.gmail.com:587, timeout=300, options=array()
2025-11-25 13:31:11 - 3: Connection: opened
2025-11-25 13:31:11 - 4: SMTP INBOUND: "220 smtp.gmail.com ESMTP d2e1a72fcca58-7c3f024adcfsm18251524b3a.31 - gsmtp"
2025-11-25 13:31:11 - 2: SERVER -> CLIENT: 220 smtp.gmail.com ESMTP d2e1a72fcca58-7c3f024adcfsm18251524b3a.31 - gsmtp

2025-11-25 13:31:11 - 1: CLIENT -> SERVER: EHLO localhost

2025-11-25 13:31:12 - 4: SMTP INBOUND: "250-smtp.gmail.com at your service, [158.62.4.229]"
2025-11-25 13:31:12 - 4: SMTP INBOUND: "250-SIZE 35882577"
2025-11-25 13:31:12 - 4: SMTP INBOUND: "250-8BITMIME"
2025-11-25 13:31:12 - 4: SMTP INBOUND: "250-STARTTLS"
2025-11-25 13:31:12 - 4: SMTP INBOUND: "250-ENHANCEDSTATUSCODES"
2025-11-25 13:31:12 - 4: SMTP INBOUND: "250-PIPELINING"
2025-11-25 13:31:12 - 4: SMTP INBOUND: "250-CHUNKING"
2025-11-25 13:31:12 - 4: SMTP INBOUND: "250 SMTPUTF8"
2025-11-25 13:31:12 - 2: SERVER -> CLIENT: 250-smtp.gmail.com at your service, [158.62.4.229]
250-SIZE 35882577
250-8BITMIME
250-STARTTLS
250-ENHANCEDSTATUSCODES
250-PIPELINING
250-CHUNKING
250 SMTPUTF8

2025-11-25 13:31:12 - 1: CLIENT -> SERVER: STARTTLS

2025-11-25 13:31:12 - 4: SMTP INBOUND: "220 2.0.0 Ready to start TLS"
2025-11-25 13:31:12 - 2: SERVER -> CLIENT: 220 2.0.0 Ready to start TLS

2025-11-25 13:31:12 - 1: CLIENT -> SERVER: EHLO localhost

2025-11-25 13:31:12 - 4: SMTP INBOUND: "250-smtp.gmail.com at your service, [158.62.4.229]"
2025-11-25 13:31:12 - 4: SMTP INBOUND: "250-SIZE 35882577"
2025-11-25 13:31:12 - 4: SMTP INBOUND: "250-8BITMIME"
2025-11-25 13:31:12 - 4: SMTP INBOUND: "250-AUTH LOGIN PLAIN XOAUTH2 PLAIN-CLIENTTOKEN OAUTHBEARER XOAUTH"
2025-11-25 13:31:12 - 4: SMTP INBOUND: "250-ENHANCEDSTATUSCODES"
2025-11-25 13:31:12 - 4: SMTP INBOUND: "250-PIPELINING"
2025-11-25 13:31:12 - 4: SMTP INBOUND: "250-CHUNKING"
2025-11-25 13:31:12 - 4: SMTP INBOUND: "250 SMTPUTF8"
2025-11-25 13:31:12 - 2: SERVER -> CLIENT: 250-smtp.gmail.com at your service, [158.62.4.229]
250-SIZE 35882577
250-8BITMIME
250-AUTH LOGIN PLAIN XOAUTH2 PLAIN-CLIENTTOKEN OAUTHBEARER XOAUTH
250-ENHANCEDSTATUSCODES
250-PIPELINING
250-CHUNKING
250 SMTPUTF8

2025-11-25 13:31:12 - 4: Auth method requested: UNSPECIFIED
2025-11-25 13:31:12 - 4: Auth methods available on the server: LOGIN,PLAIN,XOAUTH2,PLAIN-CLIENTTOKEN,OAUTHBEARER,XOAUTH
2025-11-25 13:31:12 - 4: Requested auth method not available: 
2025-11-25 13:31:12 - 4: Auth method selected: LOGIN
2025-11-25 13:31:12 - 1: CLIENT -> SERVER: AUTH LOGIN

2025-11-25 13:31:12 - 4: SMTP INBOUND: "334 VXNlcm5hbWU6"
2025-11-25 13:31:12 - 2: SERVER -> CLIENT: 334 VXNlcm5hbWU6

2025-11-25 13:31:12 - 1: CLIENT -> SERVER: bWNwZWJyaW5laHFAZ21haWwuY29t

2025-11-25 13:31:13 - 4: SMTP INBOUND: "334 UGFzc3dvcmQ6"
2025-11-25 13:31:13 - 2: SERVER -> CLIENT: 334 UGFzc3dvcmQ6

2025-11-25 13:31:13 - 1: CLIENT -> SERVER: ZHRkeHh4aGNtYXVvIGVlYnQ=

2025-11-25 13:31:13 - 4: SMTP INBOUND: "235 2.7.0 Accepted"
2025-11-25 13:31:13 - 2: SERVER -> CLIENT: 235 2.7.0 Accepted

2025-11-25 13:31:13 - 1: CLIENT -> SERVER: MAIL FROM:<mcpebrinehq@gmail.com>

2025-11-25 13:31:13 - 4: SMTP INBOUND: "250 2.1.0 OK d2e1a72fcca58-7c3f024adcfsm18251524b3a.31 - gsmtp"
2025-11-25 13:31:13 - 2: SERVER -> CLIENT: 250 2.1.0 OK d2e1a72fcca58-7c3f024adcfsm18251524b3a.31 - gsmtp

2025-11-25 13:31:13 - 1: CLIENT -> SERVER: RCPT TO:<marjhonmatalog278@gmail.com>

2025-11-25 13:31:13 - 4: SMTP INBOUND: "250 2.1.5 OK d2e1a72fcca58-7c3f024adcfsm18251524b3a.31 - gsmtp"
2025-11-25 13:31:13 - 2: SERVER -> CLIENT: 250 2.1.5 OK d2e1a72fcca58-7c3f024adcfsm18251524b3a.31 - gsmtp

2025-11-25 13:31:13 - 1: CLIENT -> SERVER: DATA

2025-11-25 13:31:14 - 4: SMTP INBOUND: "354 Go ahead d2e1a72fcca58-7c3f024adcfsm18251524b3a.31 - gsmtp"
2025-11-25 13:31:14 - 2: SERVER -> CLIENT: 354 Go ahead d2e1a72fcca58-7c3f024adcfsm18251524b3a.31 - gsmtp

2025-11-25 13:31:14 - 1: CLIENT -> SERVER: Date: Tue, 25 Nov 2025 13:31:11 +0100

2025-11-25 13:31:14 - 1: CLIENT -> SERVER: To: marjhonmatalog278@gmail.com

2025-11-25 13:31:14 - 1: CLIENT -> SERVER: From: Heart Of D Ocean Resort <mcpebrinehq@gmail.com>

2025-11-25 13:31:14 - 1: CLIENT -> SERVER: Reply-To: Heart Of D Ocean Resort <heartofdocean2005@yahoo.com>

2025-11-25 13:31:14 - 1: CLIENT -> SERVER: Subject: Booking Update - Heart Of D Ocean Beach Resort

2025-11-25 13:31:14 - 1: CLIENT -> SERVER: Message-ID: <hlR16UII2pI6QIBSoxdxTVTcVbPb5aMXBHAJnHIogfk@localhost>

2025-11-25 13:31:14 - 1: CLIENT -> SERVER: X-Mailer: PHPMailer 7.0.0 (https://github.com/PHPMailer/PHPMailer)

2025-11-25 13:31:14 - 1: CLIENT -> SERVER: MIME-Version: 1.0

2025-11-25 13:31:14 - 1: CLIENT -> SERVER: Content-Type: multipart/alternative;

2025-11-25 13:31:14 - 1: CLIENT -> SERVER:  boundary="b1=_hlR16UII2pI6QIBSoxdxTVTcVbPb5aMXBHAJnHIogfk"

2025-11-25 13:31:14 - 1: CLIENT -> SERVER: Content-Transfer-Encoding: 8bit

2025-11-25 13:31:14 - 1: CLIENT -> SERVER: 

2025-11-25 13:31:14 - 1: CLIENT -> SERVER: --b1=_hlR16UII2pI6QIBSoxdxTVTcVbPb5aMXBHAJnHIogfk

2025-11-25 13:31:14 - 1: CLIENT -> SERVER: Content-Type: text/plain; charset=iso-8859-1

2025-11-25 13:31:14 - 1: CLIENT -> SERVER: Content-Transfer-Encoding: 8bit

2025-11-25 13:31:14 - 1: CLIENT -> SERVER: 

2025-11-25 13:31:14 - 1: CLIENT -> SERVER: 

2025-11-25 13:31:14 - 1: CLIENT -> SERVER:                     

2025-11-25 13:31:14 - 1: CLIENT -> SERVER:                     

2025-11-25 13:31:14 - 1: CLIENT -> SERVER:                         Booking Status Update

2025-11-25 13:31:14 - 1: CLIENT -> SERVER:                         Dear Marjhon,

2025-11-25 13:31:14 - 1: CLIENT -> SERVER:                         Your booking status has been updated to: CANCELLED

2025-11-25 13:31:14 - 1: CLIENT -> SERVER:                         

2025-11-25 13:31:14 - 1: CLIENT -> SERVER:                         

2025-11-25 13:31:14 - 1: CLIENT -> SERVER:                             Booking Details:

2025-11-25 13:31:14 - 1: CLIENT -> SERVER:                             Booking ID: RESORT1763658268585

2025-11-25 13:31:14 - 1: CLIENT -> SERVER:                             Cottage: Premium 838 — ₱7,800

2025-11-25 13:31:14 - 1: CLIENT -> SERVER:                             Check-in Date: 2025-11-26

2025-11-25 13:31:14 - 1: CLIENT -> SERVER:                             Status: CANCELLED

2025-11-25 13:31:14 - 1: CLIENT -> SERVER:                         

2025-11-25 13:31:14 - 1: CLIENT -> SERVER:                         

2025-11-25 13:31:14 - 1: CLIENT -> SERVER:                         Please contact us at heartofdocean2005@yahoo.com if you have any questions.

2025-11-25 13:31:14 - 1: CLIENT -> SERVER:                         

2025-11-25 13:31:14 - 1: CLIENT -> SERVER:                         

2025-11-25 13:31:14 - 1: CLIENT -> SERVER:                         Best regards,The Heart Of D Ocean Team

2025-11-25 13:31:14 - 1: CLIENT -> SERVER:                     

2025-11-25 13:31:14 - 1: CLIENT -> SERVER:                     

2025-11-25 13:31:14 - 1: CLIENT -> SERVER:                     

2025-11-25 13:31:14 - 1: CLIENT -> SERVER: 

2025-11-25 13:31:14 - 1: CLIENT -> SERVER: --b1=_hlR16UII2pI6QIBSoxdxTVTcVbPb5aMXBHAJnHIogfk

2025-11-25 13:31:14 - 1: CLIENT -> SERVER: Content-Type: text/html; charset=iso-8859-1

2025-11-25 13:31:14 - 1: CLIENT -> SERVER: Content-Transfer-Encoding: 8bit

2025-11-25 13:31:14 - 1: CLIENT -> SERVER: 

2025-11-25 13:31:14 - 1: CLIENT -> SERVER: 

2025-11-25 13:31:14 - 1: CLIENT -> SERVER:                     <html>

2025-11-25 13:31:14 - 1: CLIENT -> SERVER:                     <body style='font-family: Arial, sans-serif; line-height: 1.6;'>

2025-11-25 13:31:14 - 1: CLIENT -> SERVER:                         <h2>Booking Status Update</h2>

2025-11-25 13:31:14 - 1: CLIENT -> SERVER:                         <p>Dear Marjhon,</p>

2025-11-25 13:31:14 - 1: CLIENT -> SERVER:                         <p>Your booking status has been updated to: <strong>CANCELLED</strong></p>

2025-11-25 13:31:14 - 1: CLIENT -> SERVER:                         

2025-11-25 13:31:14 - 1: CLIENT -> SERVER:                         <div style='background: #f8f9fa; padding: 20px; border-radius: 10px; margin: 20px 0;'>

2025-11-25 13:31:14 - 1: CLIENT -> SERVER:                             <h3>Booking Details:</h3>

2025-11-25 13:31:14 - 1: CLIENT -> SERVER:                             <p><strong>Booking ID:</strong> RESORT1763658268585</p>

2025-11-25 13:31:14 - 1: CLIENT -> SERVER:                             <p><strong>Cottage:</strong> Premium 838 — ₱7,800</p>

2025-11-25 13:31:14 - 1: CLIENT -> SERVER:                             <p><strong>Check-in Date:</strong> 2025-11-26</p>

2025-11-25 13:31:14 - 1: CLIENT -> SERVER:                             <p><strong>Status:</strong> CANCELLED</p>

2025-11-25 13:31:14 - 1: CLIENT -> SERVER:                         </div>

2025-11-25 13:31:14 - 1: CLIENT -> SERVER:                         

2025-11-25 13:31:14 - 1: CLIENT -> SERVER:                         <p>Please contact us at heartofdocean2005@yahoo.com if you have any questions.</p>

2025-11-25 13:31:14 - 1: CLIENT -> SERVER:                         

2025-11-25 13:31:14 - 1: CLIENT -> SERVER:                         <br>

2025-11-25 13:31:14 - 1: CLIENT -> SERVER:                         <p>Best regards,<br>The Heart Of D Ocean Team</p>

2025-11-25 13:31:14 - 1: CLIENT -> SERVER:                     </body>

2025-11-25 13:31:14 - 1: CLIENT -> SERVER:                     </html>

2025-11-25 13:31:14 - 1: CLIENT -> SERVER:                     

2025-11-25 13:31:14 - 1: CLIENT -> SERVER: 

2025-11-25 13:31:14 - 1: CLIENT -> SERVER: 

2025-11-25 13:31:14 - 1: CLIENT -> SERVER: --b1=_hlR16UII2pI6QIBSoxdxTVTcVbPb5aMXBHAJnHIogfk--

2025-11-25 13:31:14 - 1: CLIENT -> SERVER: 

2025-11-25 13:31:14 - 1: CLIENT -> SERVER: .

2025-11-25 13:31:14 - 4: SMTP INBOUND: "250 2.0.0 OK  1764073875 d2e1a72fcca58-7c3f024adcfsm18251524b3a.31 - gsmtp"
2025-11-25 13:31:14 - 2: SERVER -> CLIENT: 250 2.0.0 OK  1764073875 d2e1a72fcca58-7c3f024adcfsm18251524b3a.31 - gsmtp

2025-11-25 13:31:14 - 1: CLIENT -> SERVER: QUIT

2025-11-25 13:31:15 - 4: SMTP INBOUND: "221 2.0.0 closing connection d2e1a72fcca58-7c3f024adcfsm18251524b3a.31 - gsmtp"
2025-11-25 13:31:15 - 2: SERVER -> CLIENT: 221 2.0.0 closing connection d2e1a72fcca58-7c3f024adcfsm18251524b3a.31 - gsmtp

2025-11-25 13:31:15 - 3: Connection: closed
2025-11-25 15:04:45 - 3: Connection: opening to smtp.gmail.com:587, timeout=300, options=array()
2025-11-25 15:04:45 - 3: Connection: opened
2025-11-25 15:04:45 - 4: SMTP INBOUND: "220 smtp.gmail.com ESMTP 41be03b00d2f7-bd760ac62ecsm16779995a12.26 - gsmtp"
2025-11-25 15:04:45 - 2: SERVER -> CLIENT: 220 smtp.gmail.com ESMTP 41be03b00d2f7-bd760ac62ecsm16779995a12.26 - gsmtp

2025-11-25 15:04:45 - 1: CLIENT -> SERVER: EHLO localhost

2025-11-25 15:04:45 - 4: SMTP INBOUND: "250-smtp.gmail.com at your service, [158.62.4.229]"
2025-11-25 15:04:45 - 4: SMTP INBOUND: "250-SIZE 35882577"
2025-11-25 15:04:45 - 4: SMTP INBOUND: "250-8BITMIME"
2025-11-25 15:04:45 - 4: SMTP INBOUND: "250-STARTTLS"
2025-11-25 15:04:45 - 4: SMTP INBOUND: "250-ENHANCEDSTATUSCODES"
2025-11-25 15:04:45 - 4: SMTP INBOUND: "250-PIPELINING"
2025-11-25 15:04:45 - 4: SMTP INBOUND: "250-CHUNKING"
2025-11-25 15:04:45 - 4: SMTP INBOUND: "250 SMTPUTF8"
2025-11-25 15:04:45 - 2: SERVER -> CLIENT: 250-smtp.gmail.com at your service, [158.62.4.229]
250-SIZE 35882577
250-8BITMIME
250-STARTTLS
250-ENHANCEDSTATUSCODES
250-PIPELINING
250-CHUNKING
250 SMTPUTF8

2025-11-25 15:04:45 - 1: CLIENT -> SERVER: STARTTLS

2025-11-25 15:04:46 - 4: SMTP INBOUND: "220 2.0.0 Ready to start TLS"
2025-11-25 15:04:46 - 2: SERVER -> CLIENT: 220 2.0.0 Ready to start TLS

2025-11-25 15:04:46 - 1: CLIENT -> SERVER: EHLO localhost

2025-11-25 15:04:46 - 4: SMTP INBOUND: "250-smtp.gmail.com at your service, [158.62.4.229]"
2025-11-25 15:04:46 - 4: SMTP INBOUND: "250-SIZE 35882577"
2025-11-25 15:04:46 - 4: SMTP INBOUND: "250-8BITMIME"
2025-11-25 15:04:46 - 4: SMTP INBOUND: "250-AUTH LOGIN PLAIN XOAUTH2 PLAIN-CLIENTTOKEN OAUTHBEARER XOAUTH"
2025-11-25 15:04:46 - 4: SMTP INBOUND: "250-ENHANCEDSTATUSCODES"
2025-11-25 15:04:46 - 4: SMTP INBOUND: "250-PIPELINING"
2025-11-25 15:04:46 - 4: SMTP INBOUND: "250-CHUNKING"
2025-11-25 15:04:46 - 4: SMTP INBOUND: "250 SMTPUTF8"
2025-11-25 15:04:46 - 2: SERVER -> CLIENT: 250-smtp.gmail.com at your service, [158.62.4.229]
250-SIZE 35882577
250-8BITMIME
250-AUTH LOGIN PLAIN XOAUTH2 PLAIN-CLIENTTOKEN OAUTHBEARER XOAUTH
250-ENHANCEDSTATUSCODES
250-PIPELINING
250-CHUNKING
250 SMTPUTF8

2025-11-25 15:04:46 - 4: Auth method requested: UNSPECIFIED
2025-11-25 15:04:46 - 4: Auth methods available on the server: LOGIN,PLAIN,XOAUTH2,PLAIN-CLIENTTOKEN,OAUTHBEARER,XOAUTH
2025-11-25 15:04:46 - 4: Requested auth method not available: 
2025-11-25 15:04:46 - 4: Auth method selected: LOGIN
2025-11-25 15:04:46 - 1: CLIENT -> SERVER: AUTH LOGIN

2025-11-25 15:04:46 - 4: SMTP INBOUND: "334 VXNlcm5hbWU6"
2025-11-25 15:04:46 - 2: SERVER -> CLIENT: 334 VXNlcm5hbWU6

2025-11-25 15:04:46 - 1: CLIENT -> SERVER: bWNwZWJyaW5laHFAZ21haWwuY29t

2025-11-25 15:04:46 - 4: SMTP INBOUND: "334 UGFzc3dvcmQ6"
2025-11-25 15:04:46 - 2: SERVER -> CLIENT: 334 UGFzc3dvcmQ6

2025-11-25 15:04:46 - 1: CLIENT -> SERVER: ZHRkeHh4aGNtYXVvIGVlYnQ=

2025-11-25 15:04:47 - 4: SMTP INBOUND: "235 2.7.0 Accepted"
2025-11-25 15:04:47 - 2: SERVER -> CLIENT: 235 2.7.0 Accepted

2025-11-25 15:04:47 - 1: CLIENT -> SERVER: MAIL FROM:<mcpebrinehq@gmail.com>

2025-11-25 15:04:47 - 4: SMTP INBOUND: "250 2.1.0 OK 41be03b00d2f7-bd760ac62ecsm16779995a12.26 - gsmtp"
2025-11-25 15:04:47 - 2: SERVER -> CLIENT: 250 2.1.0 OK 41be03b00d2f7-bd760ac62ecsm16779995a12.26 - gsmtp

2025-11-25 15:04:47 - 1: CLIENT -> SERVER: RCPT TO:<mcpebrinehq@gmail.com>

2025-11-25 15:04:47 - 4: SMTP INBOUND: "250 2.1.5 OK 41be03b00d2f7-bd760ac62ecsm16779995a12.26 - gsmtp"
2025-11-25 15:04:47 - 2: SERVER -> CLIENT: 250 2.1.5 OK 41be03b00d2f7-bd760ac62ecsm16779995a12.26 - gsmtp

2025-11-25 15:04:47 - 1: CLIENT -> SERVER: DATA

2025-11-25 15:04:48 - 4: SMTP INBOUND: "354 Go ahead 41be03b00d2f7-bd760ac62ecsm16779995a12.26 - gsmtp"
2025-11-25 15:04:48 - 2: SERVER -> CLIENT: 354 Go ahead 41be03b00d2f7-bd760ac62ecsm16779995a12.26 - gsmtp

2025-11-25 15:04:48 - 1: CLIENT -> SERVER: Date: Tue, 25 Nov 2025 15:04:45 +0100

2025-11-25 15:04:48 - 1: CLIENT -> SERVER: To: mcpebrinehq@gmail.com

2025-11-25 15:04:48 - 1: CLIENT -> SERVER: From: Heart Of D Ocean Resort <mcpebrinehq@gmail.com>

2025-11-25 15:04:48 - 1: CLIENT -> SERVER: Reply-To: Heart Of D Ocean Resort <heartofdocean2005@yahoo.com>

2025-11-25 15:04:48 - 1: CLIENT -> SERVER: Subject: Booking Update - Heart Of D Ocean Beach Resort

2025-11-25 15:04:48 - 1: CLIENT -> SERVER: Message-ID: <TykTGqrQX6FORpaUrAGDxZHdrW4BH04PMI67wwAgrHo@localhost>

2025-11-25 15:04:48 - 1: CLIENT -> SERVER: X-Mailer: PHPMailer 7.0.0 (https://github.com/PHPMailer/PHPMailer)

2025-11-25 15:04:48 - 1: CLIENT -> SERVER: MIME-Version: 1.0

2025-11-25 15:04:48 - 1: CLIENT -> SERVER: Content-Type: multipart/alternative;

2025-11-25 15:04:48 - 1: CLIENT -> SERVER:  boundary="b1=_TykTGqrQX6FORpaUrAGDxZHdrW4BH04PMI67wwAgrHo"

2025-11-25 15:04:48 - 1: CLIENT -> SERVER: Content-Transfer-Encoding: 8bit

2025-11-25 15:04:48 - 1: CLIENT -> SERVER: 

2025-11-25 15:04:48 - 1: CLIENT -> SERVER: --b1=_TykTGqrQX6FORpaUrAGDxZHdrW4BH04PMI67wwAgrHo

2025-11-25 15:04:48 - 1: CLIENT -> SERVER: Content-Type: text/plain; charset=iso-8859-1

2025-11-25 15:04:48 - 1: CLIENT -> SERVER: Content-Transfer-Encoding: 8bit

2025-11-25 15:04:48 - 1: CLIENT -> SERVER: 

2025-11-25 15:04:48 - 1: CLIENT -> SERVER: 

2025-11-25 15:04:48 - 1: CLIENT -> SERVER:                     

2025-11-25 15:04:48 - 1: CLIENT -> SERVER:                     

2025-11-25 15:04:48 - 1: CLIENT -> SERVER:                         Booking Status Update

2025-11-25 15:04:48 - 1: CLIENT -> SERVER:                         Dear marjan,

2025-11-25 15:04:48 - 1: CLIENT -> SERVER:                         Your booking status has been updated to: 

2025-11-25 15:04:48 - 1: CLIENT -> SERVER:                         

2025-11-25 15:04:48 - 1: CLIENT -> SERVER:                         

2025-11-25 15:04:48 - 1: CLIENT -> SERVER:                             Booking Details:

2025-11-25 15:04:48 - 1: CLIENT -> SERVER:                             Booking ID: RESORT1763742333153

2025-11-25 15:04:48 - 1: CLIENT -> SERVER:                             Cottage: Seaside (Half) — ₱3,400

2025-11-25 15:04:48 - 1: CLIENT -> SERVER:                             Check-in Date: 2026-01-23

2025-11-25 15:04:48 - 1: CLIENT -> SERVER:                             Status: 

2025-11-25 15:04:48 - 1: CLIENT -> SERVER:                         

2025-11-25 15:04:48 - 1: CLIENT -> SERVER:                         

2025-11-25 15:04:48 - 1: CLIENT -> SERVER:                         Please contact us at heartofdocean2005@yahoo.com if you have any questions.

2025-11-25 15:04:48 - 1: CLIENT -> SERVER:                         

2025-11-25 15:04:48 - 1: CLIENT -> SERVER:                         

2025-11-25 15:04:48 - 1: CLIENT -> SERVER:                         Best regards,The Heart Of D Ocean Team

2025-11-25 15:04:48 - 1: CLIENT -> SERVER:                     

2025-11-25 15:04:48 - 1: CLIENT -> SERVER:                     

2025-11-25 15:04:48 - 1: CLIENT -> SERVER:                     

2025-11-25 15:04:48 - 1: CLIENT -> SERVER: 

2025-11-25 15:04:48 - 1: CLIENT -> SERVER: --b1=_TykTGqrQX6FORpaUrAGDxZHdrW4BH04PMI67wwAgrHo

2025-11-25 15:04:48 - 1: CLIENT -> SERVER: Content-Type: text/html; charset=iso-8859-1

2025-11-25 15:04:48 - 1: CLIENT -> SERVER: Content-Transfer-Encoding: 8bit

2025-11-25 15:04:48 - 1: CLIENT -> SERVER: 

2025-11-25 15:04:48 - 1: CLIENT -> SERVER: 

2025-11-25 15:04:48 - 1: CLIENT -> SERVER:                     <html>

2025-11-25 15:04:48 - 1: CLIENT -> SERVER:                     <body style='font-family: Arial, sans-serif; line-height: 1.6;'>

2025-11-25 15:04:48 - 1: CLIENT -> SERVER:                         <h2>Booking Status Update</h2>

2025-11-25 15:04:48 - 1: CLIENT -> SERVER:                         <p>Dear marjan,</p>

2025-11-25 15:04:48 - 1: CLIENT -> SERVER:                         <p>Your booking status has been updated to: <strong></strong></p>

2025-11-25 15:04:48 - 1: CLIENT -> SERVER:                         

2025-11-25 15:04:48 - 1: CLIENT -> SERVER:                         <div style='background: #f8f9fa; padding: 20px; border-radius: 10px; margin: 20px 0;'>

2025-11-25 15:04:48 - 1: CLIENT -> SERVER:                             <h3>Booking Details:</h3>

2025-11-25 15:04:48 - 1: CLIENT -> SERVER:                             <p><strong>Booking ID:</strong> RESORT1763742333153</p>

2025-11-25 15:04:48 - 1: CLIENT -> SERVER:                             <p><strong>Cottage:</strong> Seaside (Half) — ₱3,400</p>

2025-11-25 15:04:48 - 1: CLIENT -> SERVER:                             <p><strong>Check-in Date:</strong> 2026-01-23</p>

2025-11-25 15:04:48 - 1: CLIENT -> SERVER:                             <p><strong>Status:</strong> </p>

2025-11-25 15:04:48 - 1: CLIENT -> SERVER:                         </div>

2025-11-25 15:04:48 - 1: CLIENT -> SERVER:                         

2025-11-25 15:04:48 - 1: CLIENT -> SERVER:                         <p>Please contact us at heartofdocean2005@yahoo.com if you have any questions.</p>

2025-11-25 15:04:48 - 1: CLIENT -> SERVER:                         

2025-11-25 15:04:48 - 1: CLIENT -> SERVER:                         <br>

2025-11-25 15:04:48 - 1: CLIENT -> SERVER:                         <p>Best regards,<br>The Heart Of D Ocean Team</p>

2025-11-25 15:04:48 - 1: CLIENT -> SERVER:                     </body>

2025-11-25 15:04:48 - 1: CLIENT -> SERVER:                     </html>

2025-11-25 15:04:48 - 1: CLIENT -> SERVER:                     

2025-11-25 15:04:48 - 1: CLIENT -> SERVER: 

2025-11-25 15:04:48 - 1: CLIENT -> SERVER: 

2025-11-25 15:04:48 - 1: CLIENT -> SERVER: --b1=_TykTGqrQX6FORpaUrAGDxZHdrW4BH04PMI67wwAgrHo--

2025-11-25 15:04:48 - 1: CLIENT -> SERVER: 

2025-11-25 15:04:48 - 1: CLIENT -> SERVER: .

2025-11-25 15:04:50 - 4: SMTP INBOUND: "250 2.0.0 OK  1764079491 41be03b00d2f7-bd760ac62ecsm16779995a12.26 - gsmtp"
2025-11-25 15:04:50 - 2: SERVER -> CLIENT: 250 2.0.0 OK  1764079491 41be03b00d2f7-bd760ac62ecsm16779995a12.26 - gsmtp

2025-11-25 15:04:50 - 1: CLIENT -> SERVER: QUIT

2025-11-25 15:04:51 - 4: SMTP INBOUND: "221 2.0.0 closing connection 41be03b00d2f7-bd760ac62ecsm16779995a12.26 - gsmtp"
2025-11-25 15:04:51 - 2: SERVER -> CLIENT: 221 2.0.0 closing connection 41be03b00d2f7-bd760ac62ecsm16779995a12.26 - gsmtp

2025-11-25 15:04:51 - 3: Connection: closed
2025-11-25 15:32:26 - 3: Connection: opening to smtp.gmail.com:587, timeout=300, options=array()
2025-11-25 15:32:27 - 3: Connection: opened
2025-11-25 15:32:27 - 4: SMTP INBOUND: "220 smtp.gmail.com ESMTP 98e67ed59e1d1-3472693bd15sm17091334a91.13 - gsmtp"
2025-11-25 15:32:27 - 2: SERVER -> CLIENT: 220 smtp.gmail.com ESMTP 98e67ed59e1d1-3472693bd15sm17091334a91.13 - gsmtp

2025-11-25 15:32:27 - 1: CLIENT -> SERVER: EHLO localhost

2025-11-25 15:32:27 - 4: SMTP INBOUND: "250-smtp.gmail.com at your service, [158.62.4.229]"
2025-11-25 15:32:27 - 4: SMTP INBOUND: "250-SIZE 35882577"
2025-11-25 15:32:27 - 4: SMTP INBOUND: "250-8BITMIME"
2025-11-25 15:32:27 - 4: SMTP INBOUND: "250-STARTTLS"
2025-11-25 15:32:27 - 4: SMTP INBOUND: "250-ENHANCEDSTATUSCODES"
2025-11-25 15:32:27 - 4: SMTP INBOUND: "250-PIPELINING"
2025-11-25 15:32:27 - 4: SMTP INBOUND: "250-CHUNKING"
2025-11-25 15:32:27 - 4: SMTP INBOUND: "250 SMTPUTF8"
2025-11-25 15:32:27 - 2: SERVER -> CLIENT: 250-smtp.gmail.com at your service, [158.62.4.229]
250-SIZE 35882577
250-8BITMIME
250-STARTTLS
250-ENHANCEDSTATUSCODES
250-PIPELINING
250-CHUNKING
250 SMTPUTF8

2025-11-25 15:32:27 - 1: CLIENT -> SERVER: STARTTLS

2025-11-25 15:32:27 - 4: SMTP INBOUND: "220 2.0.0 Ready to start TLS"
2025-11-25 15:32:27 - 2: SERVER -> CLIENT: 220 2.0.0 Ready to start TLS

2025-11-25 15:32:27 - 1: CLIENT -> SERVER: EHLO localhost

2025-11-25 15:32:27 - 4: SMTP INBOUND: "250-smtp.gmail.com at your service, [158.62.4.229]"
2025-11-25 15:32:27 - 4: SMTP INBOUND: "250-SIZE 35882577"
2025-11-25 15:32:27 - 4: SMTP INBOUND: "250-8BITMIME"
2025-11-25 15:32:27 - 4: SMTP INBOUND: "250-AUTH LOGIN PLAIN XOAUTH2 PLAIN-CLIENTTOKEN OAUTHBEARER XOAUTH"
2025-11-25 15:32:27 - 4: SMTP INBOUND: "250-ENHANCEDSTATUSCODES"
2025-11-25 15:32:27 - 4: SMTP INBOUND: "250-PIPELINING"
2025-11-25 15:32:27 - 4: SMTP INBOUND: "250-CHUNKING"
2025-11-25 15:32:27 - 4: SMTP INBOUND: "250 SMTPUTF8"
2025-11-25 15:32:27 - 2: SERVER -> CLIENT: 250-smtp.gmail.com at your service, [158.62.4.229]
250-SIZE 35882577
250-8BITMIME
250-AUTH LOGIN PLAIN XOAUTH2 PLAIN-CLIENTTOKEN OAUTHBEARER XOAUTH
250-ENHANCEDSTATUSCODES
250-PIPELINING
250-CHUNKING
250 SMTPUTF8

2025-11-25 15:32:27 - 4: Auth method requested: UNSPECIFIED
2025-11-25 15:32:27 - 4: Auth methods available on the server: LOGIN,PLAIN,XOAUTH2,PLAIN-CLIENTTOKEN,OAUTHBEARER,XOAUTH
2025-11-25 15:32:27 - 4: Requested auth method not available: 
2025-11-25 15:32:27 - 4: Auth method selected: LOGIN
2025-11-25 15:32:27 - 1: CLIENT -> SERVER: AUTH LOGIN

2025-11-25 15:32:28 - 4: SMTP INBOUND: "334 VXNlcm5hbWU6"
2025-11-25 15:32:28 - 2: SERVER -> CLIENT: 334 VXNlcm5hbWU6

2025-11-25 15:32:28 - 1: CLIENT -> SERVER: bWNwZWJyaW5laHFAZ21haWwuY29t

2025-11-25 15:32:28 - 4: SMTP INBOUND: "334 UGFzc3dvcmQ6"
2025-11-25 15:32:28 - 2: SERVER -> CLIENT: 334 UGFzc3dvcmQ6

2025-11-25 15:32:28 - 1: CLIENT -> SERVER: ZHRkeHh4aGNtYXVvIGVlYnQ=

2025-11-25 15:32:28 - 4: SMTP INBOUND: "235 2.7.0 Accepted"
2025-11-25 15:32:28 - 2: SERVER -> CLIENT: 235 2.7.0 Accepted

2025-11-25 15:32:28 - 1: CLIENT -> SERVER: MAIL FROM:<mcpebrinehq@gmail.com>

2025-11-25 15:32:28 - 4: SMTP INBOUND: "250 2.1.0 OK 98e67ed59e1d1-3472693bd15sm17091334a91.13 - gsmtp"
2025-11-25 15:32:28 - 2: SERVER -> CLIENT: 250 2.1.0 OK 98e67ed59e1d1-3472693bd15sm17091334a91.13 - gsmtp

2025-11-25 15:32:28 - 1: CLIENT -> SERVER: RCPT TO:<marjhonmatalog278@gmail.com>

2025-11-25 15:32:29 - 4: SMTP INBOUND: "250 2.1.5 OK 98e67ed59e1d1-3472693bd15sm17091334a91.13 - gsmtp"
2025-11-25 15:32:29 - 2: SERVER -> CLIENT: 250 2.1.5 OK 98e67ed59e1d1-3472693bd15sm17091334a91.13 - gsmtp

2025-11-25 15:32:29 - 1: CLIENT -> SERVER: DATA

2025-11-25 15:32:29 - 4: SMTP INBOUND: "354 Go ahead 98e67ed59e1d1-3472693bd15sm17091334a91.13 - gsmtp"
2025-11-25 15:32:29 - 2: SERVER -> CLIENT: 354 Go ahead 98e67ed59e1d1-3472693bd15sm17091334a91.13 - gsmtp

2025-11-25 15:32:29 - 1: CLIENT -> SERVER: Date: Tue, 25 Nov 2025 15:32:26 +0100

2025-11-25 15:32:29 - 1: CLIENT -> SERVER: To: marjhonmatalog278@gmail.com

2025-11-25 15:32:29 - 1: CLIENT -> SERVER: From: Heart Of D Ocean Resort <mcpebrinehq@gmail.com>

2025-11-25 15:32:29 - 1: CLIENT -> SERVER: Reply-To: Heart Of D Ocean Resort <heartofdocean2005@yahoo.com>

2025-11-25 15:32:29 - 1: CLIENT -> SERVER: Subject: Booking Update - Heart Of D Ocean Beach Resort

2025-11-25 15:32:29 - 1: CLIENT -> SERVER: Message-ID: <yGNzOp8Xiqty0bInPvyxi8OsoK6bPX8ShbmEFuBScc@localhost>

2025-11-25 15:32:29 - 1: CLIENT -> SERVER: X-Mailer: PHPMailer 7.0.0 (https://github.com/PHPMailer/PHPMailer)

2025-11-25 15:32:29 - 1: CLIENT -> SERVER: MIME-Version: 1.0

2025-11-25 15:32:29 - 1: CLIENT -> SERVER: Content-Type: multipart/alternative;

2025-11-25 15:32:29 - 1: CLIENT -> SERVER:  boundary="b1=_yGNzOp8Xiqty0bInPvyxi8OsoK6bPX8ShbmEFuBScc"

2025-11-25 15:32:29 - 1: CLIENT -> SERVER: Content-Transfer-Encoding: 8bit

2025-11-25 15:32:29 - 1: CLIENT -> SERVER: 

2025-11-25 15:32:29 - 1: CLIENT -> SERVER: --b1=_yGNzOp8Xiqty0bInPvyxi8OsoK6bPX8ShbmEFuBScc

2025-11-25 15:32:29 - 1: CLIENT -> SERVER: Content-Type: text/plain; charset=iso-8859-1

2025-11-25 15:32:29 - 1: CLIENT -> SERVER: Content-Transfer-Encoding: 8bit

2025-11-25 15:32:29 - 1: CLIENT -> SERVER: 

2025-11-25 15:32:29 - 1: CLIENT -> SERVER: 

2025-11-25 15:32:29 - 1: CLIENT -> SERVER:                     

2025-11-25 15:32:29 - 1: CLIENT -> SERVER:                     

2025-11-25 15:32:29 - 1: CLIENT -> SERVER:                         Booking Status Update

2025-11-25 15:32:29 - 1: CLIENT -> SERVER:                         Dear marjan,

2025-11-25 15:32:29 - 1: CLIENT -> SERVER:                         Your booking status has been updated to: 

2025-11-25 15:32:29 - 1: CLIENT -> SERVER:                         

2025-11-25 15:32:29 - 1: CLIENT -> SERVER:                         

2025-11-25 15:32:29 - 1: CLIENT -> SERVER:                             Booking Details:

2025-11-25 15:32:29 - 1: CLIENT -> SERVER:                             Booking ID: RESORT1763813444816

2025-11-25 15:32:29 - 1: CLIENT -> SERVER:                             Cottage: Beatrice B — ₱6,800

2025-11-25 15:32:29 - 1: CLIENT -> SERVER:                             Check-in Date: 2025-12-25

2025-11-25 15:32:29 - 1: CLIENT -> SERVER:                             Status: 

2025-11-25 15:32:29 - 1: CLIENT -> SERVER:                         

2025-11-25 15:32:29 - 1: CLIENT -> SERVER:                         

2025-11-25 15:32:29 - 1: CLIENT -> SERVER:                         Please contact us at heartofdocean2005@yahoo.com if you have any questions.

2025-11-25 15:32:29 - 1: CLIENT -> SERVER:                         

2025-11-25 15:32:29 - 1: CLIENT -> SERVER:                         

2025-11-25 15:32:29 - 1: CLIENT -> SERVER:                         Best regards,The Heart Of D Ocean Team

2025-11-25 15:32:29 - 1: CLIENT -> SERVER:                     

2025-11-25 15:32:29 - 1: CLIENT -> SERVER:                     

2025-11-25 15:32:29 - 1: CLIENT -> SERVER:                     

2025-11-25 15:32:29 - 1: CLIENT -> SERVER: 

2025-11-25 15:32:29 - 1: CLIENT -> SERVER: --b1=_yGNzOp8Xiqty0bInPvyxi8OsoK6bPX8ShbmEFuBScc

2025-11-25 15:32:29 - 1: CLIENT -> SERVER: Content-Type: text/html; charset=iso-8859-1

2025-11-25 15:32:29 - 1: CLIENT -> SERVER: Content-Transfer-Encoding: 8bit

2025-11-25 15:32:29 - 1: CLIENT -> SERVER: 

2025-11-25 15:32:29 - 1: CLIENT -> SERVER: 

2025-11-25 15:32:29 - 1: CLIENT -> SERVER:                     <html>

2025-11-25 15:32:29 - 1: CLIENT -> SERVER:                     <body style='font-family: Arial, sans-serif; line-height: 1.6;'>

2025-11-25 15:32:29 - 1: CLIENT -> SERVER:                         <h2>Booking Status Update</h2>

2025-11-25 15:32:29 - 1: CLIENT -> SERVER:                         <p>Dear marjan,</p>

2025-11-25 15:32:29 - 1: CLIENT -> SERVER:                         <p>Your booking status has been updated to: <strong></strong></p>

2025-11-25 15:32:29 - 1: CLIENT -> SERVER:                         

2025-11-25 15:32:29 - 1: CLIENT -> SERVER:                         <div style='background: #f8f9fa; padding: 20px; border-radius: 10px; margin: 20px 0;'>

2025-11-25 15:32:29 - 1: CLIENT -> SERVER:                             <h3>Booking Details:</h3>

2025-11-25 15:32:29 - 1: CLIENT -> SERVER:                             <p><strong>Booking ID:</strong> RESORT1763813444816</p>

2025-11-25 15:32:29 - 1: CLIENT -> SERVER:                             <p><strong>Cottage:</strong> Beatrice B — ₱6,800</p>

2025-11-25 15:32:29 - 1: CLIENT -> SERVER:                             <p><strong>Check-in Date:</strong> 2025-12-25</p>

2025-11-25 15:32:29 - 1: CLIENT -> SERVER:                             <p><strong>Status:</strong> </p>

2025-11-25 15:32:29 - 1: CLIENT -> SERVER:                         </div>

2025-11-25 15:32:29 - 1: CLIENT -> SERVER:                         

2025-11-25 15:32:29 - 1: CLIENT -> SERVER:                         <p>Please contact us at heartofdocean2005@yahoo.com if you have any questions.</p>

2025-11-25 15:32:29 - 1: CLIENT -> SERVER:                         

2025-11-25 15:32:29 - 1: CLIENT -> SERVER:                         <br>

2025-11-25 15:32:29 - 1: CLIENT -> SERVER:                         <p>Best regards,<br>The Heart Of D Ocean Team</p>

2025-11-25 15:32:29 - 1: CLIENT -> SERVER:                     </body>

2025-11-25 15:32:29 - 1: CLIENT -> SERVER:                     </html>

2025-11-25 15:32:29 - 1: CLIENT -> SERVER:                     

2025-11-25 15:32:29 - 1: CLIENT -> SERVER: 

2025-11-25 15:32:29 - 1: CLIENT -> SERVER: 

2025-11-25 15:32:29 - 1: CLIENT -> SERVER: --b1=_yGNzOp8Xiqty0bInPvyxi8OsoK6bPX8ShbmEFuBScc--

2025-11-25 15:32:29 - 1: CLIENT -> SERVER: 

2025-11-25 15:32:29 - 1: CLIENT -> SERVER: .

2025-11-25 15:32:30 - 4: SMTP INBOUND: "250 2.0.0 OK  1764081150 98e67ed59e1d1-3472693bd15sm17091334a91.13 - gsmtp"
2025-11-25 15:32:30 - 2: SERVER -> CLIENT: 250 2.0.0 OK  1764081150 98e67ed59e1d1-3472693bd15sm17091334a91.13 - gsmtp

2025-11-25 15:32:30 - 1: CLIENT -> SERVER: QUIT

2025-11-25 15:32:30 - 4: SMTP INBOUND: "221 2.0.0 closing connection 98e67ed59e1d1-3472693bd15sm17091334a91.13 - gsmtp"
2025-11-25 15:32:30 - 2: SERVER -> CLIENT: 221 2.0.0 closing connection 98e67ed59e1d1-3472693bd15sm17091334a91.13 - gsmtp

2025-11-25 15:32:30 - 3: Connection: closed
2025-11-25 15:39:33 - 3: Connection: opening to smtp.gmail.com:587, timeout=300, options=array()
2025-11-25 15:39:33 - 3: Connection: opened
2025-11-25 15:39:33 - 4: SMTP INBOUND: "220 smtp.gmail.com ESMTP d9443c01a7336-29b5b25e4basm166551745ad.47 - gsmtp"
2025-11-25 15:39:33 - 2: SERVER -> CLIENT: 220 smtp.gmail.com ESMTP d9443c01a7336-29b5b25e4basm166551745ad.47 - gsmtp

2025-11-25 15:39:33 - 1: CLIENT -> SERVER: EHLO localhost

2025-11-25 15:39:33 - 4: SMTP INBOUND: "250-smtp.gmail.com at your service, [158.62.4.229]"
2025-11-25 15:39:33 - 4: SMTP INBOUND: "250-SIZE 35882577"
2025-11-25 15:39:33 - 4: SMTP INBOUND: "250-8BITMIME"
2025-11-25 15:39:33 - 4: SMTP INBOUND: "250-STARTTLS"
2025-11-25 15:39:33 - 4: SMTP INBOUND: "250-ENHANCEDSTATUSCODES"
2025-11-25 15:39:33 - 4: SMTP INBOUND: "250-PIPELINING"
2025-11-25 15:39:33 - 4: SMTP INBOUND: "250-CHUNKING"
2025-11-25 15:39:33 - 4: SMTP INBOUND: "250 SMTPUTF8"
2025-11-25 15:39:33 - 2: SERVER -> CLIENT: 250-smtp.gmail.com at your service, [158.62.4.229]
250-SIZE 35882577
250-8BITMIME
250-STARTTLS
250-ENHANCEDSTATUSCODES
250-PIPELINING
250-CHUNKING
250 SMTPUTF8

2025-11-25 15:39:33 - 1: CLIENT -> SERVER: STARTTLS

2025-11-25 15:39:33 - 4: SMTP INBOUND: "220 2.0.0 Ready to start TLS"
2025-11-25 15:39:33 - 2: SERVER -> CLIENT: 220 2.0.0 Ready to start TLS

2025-11-25 15:39:33 - 1: CLIENT -> SERVER: EHLO localhost

2025-11-25 15:39:34 - 4: SMTP INBOUND: "250-smtp.gmail.com at your service, [158.62.4.229]"
2025-11-25 15:39:34 - 4: SMTP INBOUND: "250-SIZE 35882577"
2025-11-25 15:39:34 - 4: SMTP INBOUND: "250-8BITMIME"
2025-11-25 15:39:34 - 4: SMTP INBOUND: "250-AUTH LOGIN PLAIN XOAUTH2 PLAIN-CLIENTTOKEN OAUTHBEARER XOAUTH"
2025-11-25 15:39:34 - 4: SMTP INBOUND: "250-ENHANCEDSTATUSCODES"
2025-11-25 15:39:34 - 4: SMTP INBOUND: "250-PIPELINING"
2025-11-25 15:39:34 - 4: SMTP INBOUND: "250-CHUNKING"
2025-11-25 15:39:34 - 4: SMTP INBOUND: "250 SMTPUTF8"
2025-11-25 15:39:34 - 2: SERVER -> CLIENT: 250-smtp.gmail.com at your service, [158.62.4.229]
250-SIZE 35882577
250-8BITMIME
250-AUTH LOGIN PLAIN XOAUTH2 PLAIN-CLIENTTOKEN OAUTHBEARER XOAUTH
250-ENHANCEDSTATUSCODES
250-PIPELINING
250-CHUNKING
250 SMTPUTF8

2025-11-25 15:39:34 - 4: Auth method requested: UNSPECIFIED
2025-11-25 15:39:34 - 4: Auth methods available on the server: LOGIN,PLAIN,XOAUTH2,PLAIN-CLIENTTOKEN,OAUTHBEARER,XOAUTH
2025-11-25 15:39:34 - 4: Requested auth method not available: 
2025-11-25 15:39:34 - 4: Auth method selected: LOGIN
2025-11-25 15:39:34 - 1: CLIENT -> SERVER: AUTH LOGIN

2025-11-25 15:39:34 - 4: SMTP INBOUND: "334 VXNlcm5hbWU6"
2025-11-25 15:39:34 - 2: SERVER -> CLIENT: 334 VXNlcm5hbWU6

2025-11-25 15:39:34 - 1: CLIENT -> SERVER: bWNwZWJyaW5laHFAZ21haWwuY29t

2025-11-25 15:39:34 - 4: SMTP INBOUND: "334 UGFzc3dvcmQ6"
2025-11-25 15:39:34 - 2: SERVER -> CLIENT: 334 UGFzc3dvcmQ6

2025-11-25 15:39:34 - 1: CLIENT -> SERVER: ZHRkeHh4aGNtYXVvIGVlYnQ=

2025-11-25 15:39:34 - 4: SMTP INBOUND: "235 2.7.0 Accepted"
2025-11-25 15:39:34 - 2: SERVER -> CLIENT: 235 2.7.0 Accepted

2025-11-25 15:39:34 - 1: CLIENT -> SERVER: MAIL FROM:<mcpebrinehq@gmail.com>

2025-11-25 15:39:35 - 4: SMTP INBOUND: "250 2.1.0 OK d9443c01a7336-29b5b25e4basm166551745ad.47 - gsmtp"
2025-11-25 15:39:35 - 2: SERVER -> CLIENT: 250 2.1.0 OK d9443c01a7336-29b5b25e4basm166551745ad.47 - gsmtp

2025-11-25 15:39:35 - 1: CLIENT -> SERVER: RCPT TO:<marjhonmatalog278@gmail.com>

2025-11-25 15:39:35 - 4: SMTP INBOUND: "250 2.1.5 OK d9443c01a7336-29b5b25e4basm166551745ad.47 - gsmtp"
2025-11-25 15:39:35 - 2: SERVER -> CLIENT: 250 2.1.5 OK d9443c01a7336-29b5b25e4basm166551745ad.47 - gsmtp

2025-11-25 15:39:35 - 1: CLIENT -> SERVER: DATA

2025-11-25 15:39:35 - 4: SMTP INBOUND: "354 Go ahead d9443c01a7336-29b5b25e4basm166551745ad.47 - gsmtp"
2025-11-25 15:39:35 - 2: SERVER -> CLIENT: 354 Go ahead d9443c01a7336-29b5b25e4basm166551745ad.47 - gsmtp

2025-11-25 15:39:35 - 1: CLIENT -> SERVER: Date: Tue, 25 Nov 2025 15:39:33 +0100

2025-11-25 15:39:35 - 1: CLIENT -> SERVER: To: marjhonmatalog278@gmail.com

2025-11-25 15:39:35 - 1: CLIENT -> SERVER: From: Heart Of D Ocean Resort <mcpebrinehq@gmail.com>

2025-11-25 15:39:35 - 1: CLIENT -> SERVER: Reply-To: Heart Of D Ocean Resort <heartofdocean2005@yahoo.com>

2025-11-25 15:39:35 - 1: CLIENT -> SERVER: Subject: Booking Update - Heart Of D Ocean Beach Resort

2025-11-25 15:39:35 - 1: CLIENT -> SERVER: Message-ID: <ro2mvZhO8e0xbO3Q1jlB0OU9CzteEwtKSzqfaqaMo@localhost>

2025-11-25 15:39:35 - 1: CLIENT -> SERVER: X-Mailer: PHPMailer 7.0.0 (https://github.com/PHPMailer/PHPMailer)

2025-11-25 15:39:35 - 1: CLIENT -> SERVER: MIME-Version: 1.0

2025-11-25 15:39:35 - 1: CLIENT -> SERVER: Content-Type: multipart/alternative;

2025-11-25 15:39:35 - 1: CLIENT -> SERVER:  boundary="b1=_ro2mvZhO8e0xbO3Q1jlB0OU9CzteEwtKSzqfaqaMo"

2025-11-25 15:39:35 - 1: CLIENT -> SERVER: Content-Transfer-Encoding: 8bit

2025-11-25 15:39:35 - 1: CLIENT -> SERVER: 

2025-11-25 15:39:35 - 1: CLIENT -> SERVER: --b1=_ro2mvZhO8e0xbO3Q1jlB0OU9CzteEwtKSzqfaqaMo

2025-11-25 15:39:35 - 1: CLIENT -> SERVER: Content-Type: text/plain; charset=iso-8859-1

2025-11-25 15:39:35 - 1: CLIENT -> SERVER: Content-Transfer-Encoding: 8bit

2025-11-25 15:39:35 - 1: CLIENT -> SERVER: 

2025-11-25 15:39:35 - 1: CLIENT -> SERVER: 

2025-11-25 15:39:35 - 1: CLIENT -> SERVER:                     

2025-11-25 15:39:35 - 1: CLIENT -> SERVER:                     

2025-11-25 15:39:35 - 1: CLIENT -> SERVER:                         Booking Status Update

2025-11-25 15:39:35 - 1: CLIENT -> SERVER:                         Dear marjan,

2025-11-25 15:39:35 - 1: CLIENT -> SERVER:                         Your booking status has been updated to: 

2025-11-25 15:39:35 - 1: CLIENT -> SERVER:                         

2025-11-25 15:39:35 - 1: CLIENT -> SERVER:                         

2025-11-25 15:39:35 - 1: CLIENT -> SERVER:                             Booking Details:

2025-11-25 15:39:35 - 1: CLIENT -> SERVER:                             Booking ID: RESORT1763813444816

2025-11-25 15:39:35 - 1: CLIENT -> SERVER:                             Cottage: Beatrice B — ₱6,800

2025-11-25 15:39:35 - 1: CLIENT -> SERVER:                             Check-in Date: 2025-12-25

2025-11-25 15:39:35 - 1: CLIENT -> SERVER:                             Status: 

2025-11-25 15:39:35 - 1: CLIENT -> SERVER:                         

2025-11-25 15:39:35 - 1: CLIENT -> SERVER:                         

2025-11-25 15:39:35 - 1: CLIENT -> SERVER:                         Please contact us at heartofdocean2005@yahoo.com if you have any questions.

2025-11-25 15:39:35 - 1: CLIENT -> SERVER:                         

2025-11-25 15:39:35 - 1: CLIENT -> SERVER:                         

2025-11-25 15:39:35 - 1: CLIENT -> SERVER:                         Best regards,The Heart Of D Ocean Team

2025-11-25 15:39:35 - 1: CLIENT -> SERVER:                     

2025-11-25 15:39:35 - 1: CLIENT -> SERVER:                     

2025-11-25 15:39:35 - 1: CLIENT -> SERVER:                     

2025-11-25 15:39:35 - 1: CLIENT -> SERVER: 

2025-11-25 15:39:35 - 1: CLIENT -> SERVER: --b1=_ro2mvZhO8e0xbO3Q1jlB0OU9CzteEwtKSzqfaqaMo

2025-11-25 15:39:35 - 1: CLIENT -> SERVER: Content-Type: text/html; charset=iso-8859-1

2025-11-25 15:39:35 - 1: CLIENT -> SERVER: Content-Transfer-Encoding: 8bit

2025-11-25 15:39:35 - 1: CLIENT -> SERVER: 

2025-11-25 15:39:35 - 1: CLIENT -> SERVER: 

2025-11-25 15:39:35 - 1: CLIENT -> SERVER:                     <html>

2025-11-25 15:39:35 - 1: CLIENT -> SERVER:                     <body style='font-family: Arial, sans-serif; line-height: 1.6;'>

2025-11-25 15:39:35 - 1: CLIENT -> SERVER:                         <h2>Booking Status Update</h2>

2025-11-25 15:39:35 - 1: CLIENT -> SERVER:                         <p>Dear marjan,</p>

2025-11-25 15:39:35 - 1: CLIENT -> SERVER:                         <p>Your booking status has been updated to: <strong></strong></p>

2025-11-25 15:39:35 - 1: CLIENT -> SERVER:                         

2025-11-25 15:39:35 - 1: CLIENT -> SERVER:                         <div style='background: #f8f9fa; padding: 20px; border-radius: 10px; margin: 20px 0;'>

2025-11-25 15:39:35 - 1: CLIENT -> SERVER:                             <h3>Booking Details:</h3>

2025-11-25 15:39:35 - 1: CLIENT -> SERVER:                             <p><strong>Booking ID:</strong> RESORT1763813444816</p>

2025-11-25 15:39:35 - 1: CLIENT -> SERVER:                             <p><strong>Cottage:</strong> Beatrice B — ₱6,800</p>

2025-11-25 15:39:35 - 1: CLIENT -> SERVER:                             <p><strong>Check-in Date:</strong> 2025-12-25</p>

2025-11-25 15:39:35 - 1: CLIENT -> SERVER:                             <p><strong>Status:</strong> </p>

2025-11-25 15:39:35 - 1: CLIENT -> SERVER:                         </div>

2025-11-25 15:39:35 - 1: CLIENT -> SERVER:                         

2025-11-25 15:39:35 - 1: CLIENT -> SERVER:                         <p>Please contact us at heartofdocean2005@yahoo.com if you have any questions.</p>

2025-11-25 15:39:35 - 1: CLIENT -> SERVER:                         

2025-11-25 15:39:35 - 1: CLIENT -> SERVER:                         <br>

2025-11-25 15:39:35 - 1: CLIENT -> SERVER:                         <p>Best regards,<br>The Heart Of D Ocean Team</p>

2025-11-25 15:39:35 - 1: CLIENT -> SERVER:                     </body>

2025-11-25 15:39:35 - 1: CLIENT -> SERVER:                     </html>

2025-11-25 15:39:35 - 1: CLIENT -> SERVER:                     

2025-11-25 15:39:35 - 1: CLIENT -> SERVER: 

2025-11-25 15:39:35 - 1: CLIENT -> SERVER: 

2025-11-25 15:39:35 - 1: CLIENT -> SERVER: --b1=_ro2mvZhO8e0xbO3Q1jlB0OU9CzteEwtKSzqfaqaMo--

2025-11-25 15:39:35 - 1: CLIENT -> SERVER: 

2025-11-25 15:39:35 - 1: CLIENT -> SERVER: .

2025-11-25 15:39:36 - 4: SMTP INBOUND: "250 2.0.0 OK  1764081576 d9443c01a7336-29b5b25e4basm166551745ad.47 - gsmtp"
2025-11-25 15:39:36 - 2: SERVER -> CLIENT: 250 2.0.0 OK  1764081576 d9443c01a7336-29b5b25e4basm166551745ad.47 - gsmtp

2025-11-25 15:39:36 - 1: CLIENT -> SERVER: QUIT

2025-11-25 15:39:36 - 4: SMTP INBOUND: "221 2.0.0 closing connection d9443c01a7336-29b5b25e4basm166551745ad.47 - gsmtp"
2025-11-25 15:39:36 - 2: SERVER -> CLIENT: 221 2.0.0 closing connection d9443c01a7336-29b5b25e4basm166551745ad.47 - gsmtp

2025-11-25 15:39:36 - 3: Connection: closed
2025-11-25 15:40:14 - 3: Connection: opening to smtp.gmail.com:587, timeout=300, options=array()
2025-11-25 15:40:14 - 3: Connection: opened
2025-11-25 15:40:15 - 4: SMTP INBOUND: "220 smtp.gmail.com ESMTP 98e67ed59e1d1-3475e9b46f4sm1152090a91.3 - gsmtp"
2025-11-25 15:40:15 - 2: SERVER -> CLIENT: 220 smtp.gmail.com ESMTP 98e67ed59e1d1-3475e9b46f4sm1152090a91.3 - gsmtp

2025-11-25 15:40:15 - 1: CLIENT -> SERVER: EHLO localhost

2025-11-25 15:40:15 - 4: SMTP INBOUND: "250-smtp.gmail.com at your service, [158.62.4.229]"
2025-11-25 15:40:15 - 4: SMTP INBOUND: "250-SIZE 35882577"
2025-11-25 15:40:15 - 4: SMTP INBOUND: "250-8BITMIME"
2025-11-25 15:40:15 - 4: SMTP INBOUND: "250-STARTTLS"
2025-11-25 15:40:15 - 4: SMTP INBOUND: "250-ENHANCEDSTATUSCODES"
2025-11-25 15:40:15 - 4: SMTP INBOUND: "250-PIPELINING"
2025-11-25 15:40:15 - 4: SMTP INBOUND: "250-CHUNKING"
2025-11-25 15:40:15 - 4: SMTP INBOUND: "250 SMTPUTF8"
2025-11-25 15:40:15 - 2: SERVER -> CLIENT: 250-smtp.gmail.com at your service, [158.62.4.229]
250-SIZE 35882577
250-8BITMIME
250-STARTTLS
250-ENHANCEDSTATUSCODES
250-PIPELINING
250-CHUNKING
250 SMTPUTF8

2025-11-25 15:40:15 - 1: CLIENT -> SERVER: STARTTLS

2025-11-25 15:40:15 - 4: SMTP INBOUND: "220 2.0.0 Ready to start TLS"
2025-11-25 15:40:15 - 2: SERVER -> CLIENT: 220 2.0.0 Ready to start TLS

2025-11-25 15:40:15 - 1: CLIENT -> SERVER: EHLO localhost

2025-11-25 15:40:15 - 4: SMTP INBOUND: "250-smtp.gmail.com at your service, [158.62.4.229]"
2025-11-25 15:40:15 - 4: SMTP INBOUND: "250-SIZE 35882577"
2025-11-25 15:40:15 - 4: SMTP INBOUND: "250-8BITMIME"
2025-11-25 15:40:15 - 4: SMTP INBOUND: "250-AUTH LOGIN PLAIN XOAUTH2 PLAIN-CLIENTTOKEN OAUTHBEARER XOAUTH"
2025-11-25 15:40:15 - 4: SMTP INBOUND: "250-ENHANCEDSTATUSCODES"
2025-11-25 15:40:15 - 4: SMTP INBOUND: "250-PIPELINING"
2025-11-25 15:40:15 - 4: SMTP INBOUND: "250-CHUNKING"
2025-11-25 15:40:15 - 4: SMTP INBOUND: "250 SMTPUTF8"
2025-11-25 15:40:15 - 2: SERVER -> CLIENT: 250-smtp.gmail.com at your service, [158.62.4.229]
250-SIZE 35882577
250-8BITMIME
250-AUTH LOGIN PLAIN XOAUTH2 PLAIN-CLIENTTOKEN OAUTHBEARER XOAUTH
250-ENHANCEDSTATUSCODES
250-PIPELINING
250-CHUNKING
250 SMTPUTF8

2025-11-25 15:40:15 - 4: Auth method requested: UNSPECIFIED
2025-11-25 15:40:15 - 4: Auth methods available on the server: LOGIN,PLAIN,XOAUTH2,PLAIN-CLIENTTOKEN,OAUTHBEARER,XOAUTH
2025-11-25 15:40:15 - 4: Requested auth method not available: 
2025-11-25 15:40:15 - 4: Auth method selected: LOGIN
2025-11-25 15:40:15 - 1: CLIENT -> SERVER: AUTH LOGIN

2025-11-25 15:40:16 - 4: SMTP INBOUND: "334 VXNlcm5hbWU6"
2025-11-25 15:40:16 - 2: SERVER -> CLIENT: 334 VXNlcm5hbWU6

2025-11-25 15:40:16 - 1: CLIENT -> SERVER: bWNwZWJyaW5laHFAZ21haWwuY29t

2025-11-25 15:40:16 - 4: SMTP INBOUND: "334 UGFzc3dvcmQ6"
2025-11-25 15:40:16 - 2: SERVER -> CLIENT: 334 UGFzc3dvcmQ6

2025-11-25 15:40:16 - 1: CLIENT -> SERVER: ZHRkeHh4aGNtYXVvIGVlYnQ=

2025-11-25 15:40:16 - 4: SMTP INBOUND: "235 2.7.0 Accepted"
2025-11-25 15:40:16 - 2: SERVER -> CLIENT: 235 2.7.0 Accepted

2025-11-25 15:40:16 - 1: CLIENT -> SERVER: MAIL FROM:<mcpebrinehq@gmail.com>

2025-11-25 15:40:16 - 4: SMTP INBOUND: "250 2.1.0 OK 98e67ed59e1d1-3475e9b46f4sm1152090a91.3 - gsmtp"
2025-11-25 15:40:16 - 2: SERVER -> CLIENT: 250 2.1.0 OK 98e67ed59e1d1-3475e9b46f4sm1152090a91.3 - gsmtp

2025-11-25 15:40:16 - 1: CLIENT -> SERVER: RCPT TO:<marjhonmatalog278@gmail.com>

2025-11-25 15:40:17 - 4: SMTP INBOUND: "250 2.1.5 OK 98e67ed59e1d1-3475e9b46f4sm1152090a91.3 - gsmtp"
2025-11-25 15:40:17 - 2: SERVER -> CLIENT: 250 2.1.5 OK 98e67ed59e1d1-3475e9b46f4sm1152090a91.3 - gsmtp

2025-11-25 15:40:17 - 1: CLIENT -> SERVER: DATA

2025-11-25 15:40:17 - 4: SMTP INBOUND: "354 Go ahead 98e67ed59e1d1-3475e9b46f4sm1152090a91.3 - gsmtp"
2025-11-25 15:40:17 - 2: SERVER -> CLIENT: 354 Go ahead 98e67ed59e1d1-3475e9b46f4sm1152090a91.3 - gsmtp

2025-11-25 15:40:17 - 1: CLIENT -> SERVER: Date: Tue, 25 Nov 2025 15:40:14 +0100

2025-11-25 15:40:17 - 1: CLIENT -> SERVER: To: marjhonmatalog278@gmail.com

2025-11-25 15:40:17 - 1: CLIENT -> SERVER: From: Heart Of D Ocean Resort <mcpebrinehq@gmail.com>

2025-11-25 15:40:17 - 1: CLIENT -> SERVER: Reply-To: Heart Of D Ocean Resort <heartofdocean2005@yahoo.com>

2025-11-25 15:40:17 - 1: CLIENT -> SERVER: Subject: Booking Update - Heart Of D Ocean Beach Resort

2025-11-25 15:40:17 - 1: CLIENT -> SERVER: Message-ID: <QUXjHSt7ZuDtsjbBGdZpUvMnIKrgk25xbtoFZJhkiI@localhost>

2025-11-25 15:40:17 - 1: CLIENT -> SERVER: X-Mailer: PHPMailer 7.0.0 (https://github.com/PHPMailer/PHPMailer)

2025-11-25 15:40:17 - 1: CLIENT -> SERVER: MIME-Version: 1.0

2025-11-25 15:40:17 - 1: CLIENT -> SERVER: Content-Type: multipart/alternative;

2025-11-25 15:40:17 - 1: CLIENT -> SERVER:  boundary="b1=_QUXjHSt7ZuDtsjbBGdZpUvMnIKrgk25xbtoFZJhkiI"

2025-11-25 15:40:17 - 1: CLIENT -> SERVER: Content-Transfer-Encoding: 8bit

2025-11-25 15:40:17 - 1: CLIENT -> SERVER: 

2025-11-25 15:40:17 - 1: CLIENT -> SERVER: --b1=_QUXjHSt7ZuDtsjbBGdZpUvMnIKrgk25xbtoFZJhkiI

2025-11-25 15:40:17 - 1: CLIENT -> SERVER: Content-Type: text/plain; charset=iso-8859-1

2025-11-25 15:40:17 - 1: CLIENT -> SERVER: Content-Transfer-Encoding: 8bit

2025-11-25 15:40:17 - 1: CLIENT -> SERVER: 

2025-11-25 15:40:17 - 1: CLIENT -> SERVER: 

2025-11-25 15:40:17 - 1: CLIENT -> SERVER:                     

2025-11-25 15:40:17 - 1: CLIENT -> SERVER:                     

2025-11-25 15:40:17 - 1: CLIENT -> SERVER:                         Booking Status Update

2025-11-25 15:40:17 - 1: CLIENT -> SERVER:                         Dear marjan,

2025-11-25 15:40:17 - 1: CLIENT -> SERVER:                         Your booking status has been updated to: 

2025-11-25 15:40:17 - 1: CLIENT -> SERVER:                         

2025-11-25 15:40:17 - 1: CLIENT -> SERVER:                         

2025-11-25 15:40:17 - 1: CLIENT -> SERVER:                             Booking Details:

2025-11-25 15:40:17 - 1: CLIENT -> SERVER:                             Booking ID: RESORT1763813444816

2025-11-25 15:40:17 - 1: CLIENT -> SERVER:                             Cottage: Beatrice B — ₱6,800

2025-11-25 15:40:17 - 1: CLIENT -> SERVER:                             Check-in Date: 2025-12-25

2025-11-25 15:40:17 - 1: CLIENT -> SERVER:                             Status: 

2025-11-25 15:40:17 - 1: CLIENT -> SERVER:                         

2025-11-25 15:40:17 - 1: CLIENT -> SERVER:                         

2025-11-25 15:40:17 - 1: CLIENT -> SERVER:                         Please contact us at heartofdocean2005@yahoo.com if you have any questions.

2025-11-25 15:40:17 - 1: CLIENT -> SERVER:                         

2025-11-25 15:40:17 - 1: CLIENT -> SERVER:                         

2025-11-25 15:40:17 - 1: CLIENT -> SERVER:                         Best regards,The Heart Of D Ocean Team

2025-11-25 15:40:17 - 1: CLIENT -> SERVER:                     

2025-11-25 15:40:17 - 1: CLIENT -> SERVER:                     

2025-11-25 15:40:17 - 1: CLIENT -> SERVER:                     

2025-11-25 15:40:17 - 1: CLIENT -> SERVER: 

2025-11-25 15:40:17 - 1: CLIENT -> SERVER: --b1=_QUXjHSt7ZuDtsjbBGdZpUvMnIKrgk25xbtoFZJhkiI

2025-11-25 15:40:17 - 1: CLIENT -> SERVER: Content-Type: text/html; charset=iso-8859-1

2025-11-25 15:40:17 - 1: CLIENT -> SERVER: Content-Transfer-Encoding: 8bit

2025-11-25 15:40:17 - 1: CLIENT -> SERVER: 

2025-11-25 15:40:17 - 1: CLIENT -> SERVER: 

2025-11-25 15:40:17 - 1: CLIENT -> SERVER:                     <html>

2025-11-25 15:40:17 - 1: CLIENT -> SERVER:                     <body style='font-family: Arial, sans-serif; line-height: 1.6;'>

2025-11-25 15:40:17 - 1: CLIENT -> SERVER:                         <h2>Booking Status Update</h2>

2025-11-25 15:40:17 - 1: CLIENT -> SERVER:                         <p>Dear marjan,</p>

2025-11-25 15:40:17 - 1: CLIENT -> SERVER:                         <p>Your booking status has been updated to: <strong></strong></p>

2025-11-25 15:40:17 - 1: CLIENT -> SERVER:                         

2025-11-25 15:40:17 - 1: CLIENT -> SERVER:                         <div style='background: #f8f9fa; padding: 20px; border-radius: 10px; margin: 20px 0;'>

2025-11-25 15:40:17 - 1: CLIENT -> SERVER:                             <h3>Booking Details:</h3>

2025-11-25 15:40:17 - 1: CLIENT -> SERVER:                             <p><strong>Booking ID:</strong> RESORT1763813444816</p>

2025-11-25 15:40:17 - 1: CLIENT -> SERVER:                             <p><strong>Cottage:</strong> Beatrice B — ₱6,800</p>

2025-11-25 15:40:17 - 1: CLIENT -> SERVER:                             <p><strong>Check-in Date:</strong> 2025-12-25</p>

2025-11-25 15:40:17 - 1: CLIENT -> SERVER:                             <p><strong>Status:</strong> </p>

2025-11-25 15:40:17 - 1: CLIENT -> SERVER:                         </div>

2025-11-25 15:40:17 - 1: CLIENT -> SERVER:                         

2025-11-25 15:40:17 - 1: CLIENT -> SERVER:                         <p>Please contact us at heartofdocean2005@yahoo.com if you have any questions.</p>

2025-11-25 15:40:17 - 1: CLIENT -> SERVER:                         

2025-11-25 15:40:17 - 1: CLIENT -> SERVER:                         <br>

2025-11-25 15:40:17 - 1: CLIENT -> SERVER:                         <p>Best regards,<br>The Heart Of D Ocean Team</p>

2025-11-25 15:40:17 - 1: CLIENT -> SERVER:                     </body>

2025-11-25 15:40:17 - 1: CLIENT -> SERVER:                     </html>

2025-11-25 15:40:17 - 1: CLIENT -> SERVER:                     

2025-11-25 15:40:17 - 1: CLIENT -> SERVER: 

2025-11-25 15:40:17 - 1: CLIENT -> SERVER: 

2025-11-25 15:40:17 - 1: CLIENT -> SERVER: --b1=_QUXjHSt7ZuDtsjbBGdZpUvMnIKrgk25xbtoFZJhkiI--

2025-11-25 15:40:17 - 1: CLIENT -> SERVER: 

2025-11-25 15:40:17 - 1: CLIENT -> SERVER: .

2025-11-25 15:40:18 - 4: SMTP INBOUND: "250 2.0.0 OK  1764081618 98e67ed59e1d1-3475e9b46f4sm1152090a91.3 - gsmtp"
2025-11-25 15:40:18 - 2: SERVER -> CLIENT: 250 2.0.0 OK  1764081618 98e67ed59e1d1-3475e9b46f4sm1152090a91.3 - gsmtp

2025-11-25 15:40:18 - 1: CLIENT -> SERVER: QUIT

2025-11-25 15:40:18 - 4: SMTP INBOUND: "221 2.0.0 closing connection 98e67ed59e1d1-3475e9b46f4sm1152090a91.3 - gsmtp"
2025-11-25 15:40:18 - 2: SERVER -> CLIENT: 221 2.0.0 closing connection 98e67ed59e1d1-3475e9b46f4sm1152090a91.3 - gsmtp

2025-11-25 15:40:18 - 3: Connection: closed
2025-11-25 15:54:26 - 3: Connection: opening to smtp.gmail.com:587, timeout=300, options=array()
2025-11-25 15:54:27 - 3: Connection: opened
2025-11-25 15:54:27 - 4: SMTP INBOUND: "220 smtp.gmail.com ESMTP 98e67ed59e1d1-347267a1240sm17239630a91.7 - gsmtp"
2025-11-25 15:54:27 - 2: SERVER -> CLIENT: 220 smtp.gmail.com ESMTP 98e67ed59e1d1-347267a1240sm17239630a91.7 - gsmtp

2025-11-25 15:54:27 - 1: CLIENT -> SERVER: EHLO localhost

2025-11-25 15:54:27 - 4: SMTP INBOUND: "250-smtp.gmail.com at your service, [158.62.4.229]"
2025-11-25 15:54:27 - 4: SMTP INBOUND: "250-SIZE 35882577"
2025-11-25 15:54:27 - 4: SMTP INBOUND: "250-8BITMIME"
2025-11-25 15:54:27 - 4: SMTP INBOUND: "250-STARTTLS"
2025-11-25 15:54:27 - 4: SMTP INBOUND: "250-ENHANCEDSTATUSCODES"
2025-11-25 15:54:27 - 4: SMTP INBOUND: "250-PIPELINING"
2025-11-25 15:54:27 - 4: SMTP INBOUND: "250-CHUNKING"
2025-11-25 15:54:27 - 4: SMTP INBOUND: "250 SMTPUTF8"
2025-11-25 15:54:27 - 2: SERVER -> CLIENT: 250-smtp.gmail.com at your service, [158.62.4.229]
250-SIZE 35882577
250-8BITMIME
250-STARTTLS
250-ENHANCEDSTATUSCODES
250-PIPELINING
250-CHUNKING
250 SMTPUTF8

2025-11-25 15:54:27 - 1: CLIENT -> SERVER: STARTTLS

2025-11-25 15:54:27 - 4: SMTP INBOUND: "220 2.0.0 Ready to start TLS"
2025-11-25 15:54:27 - 2: SERVER -> CLIENT: 220 2.0.0 Ready to start TLS

2025-11-25 15:54:27 - 1: CLIENT -> SERVER: EHLO localhost

2025-11-25 15:54:27 - 4: SMTP INBOUND: "250-smtp.gmail.com at your service, [158.62.4.229]"
2025-11-25 15:54:27 - 4: SMTP INBOUND: "250-SIZE 35882577"
2025-11-25 15:54:27 - 4: SMTP INBOUND: "250-8BITMIME"
2025-11-25 15:54:27 - 4: SMTP INBOUND: "250-AUTH LOGIN PLAIN XOAUTH2 PLAIN-CLIENTTOKEN OAUTHBEARER XOAUTH"
2025-11-25 15:54:27 - 4: SMTP INBOUND: "250-ENHANCEDSTATUSCODES"
2025-11-25 15:54:27 - 4: SMTP INBOUND: "250-PIPELINING"
2025-11-25 15:54:27 - 4: SMTP INBOUND: "250-CHUNKING"
2025-11-25 15:54:27 - 4: SMTP INBOUND: "250 SMTPUTF8"
2025-11-25 15:54:27 - 2: SERVER -> CLIENT: 250-smtp.gmail.com at your service, [158.62.4.229]
250-SIZE 35882577
250-8BITMIME
250-AUTH LOGIN PLAIN XOAUTH2 PLAIN-CLIENTTOKEN OAUTHBEARER XOAUTH
250-ENHANCEDSTATUSCODES
250-PIPELINING
250-CHUNKING
250 SMTPUTF8

2025-11-25 15:54:27 - 4: Auth method requested: UNSPECIFIED
2025-11-25 15:54:27 - 4: Auth methods available on the server: LOGIN,PLAIN,XOAUTH2,PLAIN-CLIENTTOKEN,OAUTHBEARER,XOAUTH
2025-11-25 15:54:27 - 4: Requested auth method not available: 
2025-11-25 15:54:27 - 4: Auth method selected: LOGIN
2025-11-25 15:54:27 - 1: CLIENT -> SERVER: AUTH LOGIN

2025-11-25 15:54:27 - 4: SMTP INBOUND: "334 VXNlcm5hbWU6"
2025-11-25 15:54:27 - 2: SERVER -> CLIENT: 334 VXNlcm5hbWU6

2025-11-25 15:54:27 - 1: CLIENT -> SERVER: bWNwZWJyaW5laHFAZ21haWwuY29t

2025-11-25 15:54:28 - 4: SMTP INBOUND: "334 UGFzc3dvcmQ6"
2025-11-25 15:54:28 - 2: SERVER -> CLIENT: 334 UGFzc3dvcmQ6

2025-11-25 15:54:28 - 1: CLIENT -> SERVER: ZHRkeHh4aGNtYXVvIGVlYnQ=

2025-11-25 15:54:28 - 4: SMTP INBOUND: "235 2.7.0 Accepted"
2025-11-25 15:54:28 - 2: SERVER -> CLIENT: 235 2.7.0 Accepted

2025-11-25 15:54:28 - 1: CLIENT -> SERVER: MAIL FROM:<mcpebrinehq@gmail.com>

2025-11-25 15:54:28 - 4: SMTP INBOUND: "250 2.1.0 OK 98e67ed59e1d1-347267a1240sm17239630a91.7 - gsmtp"
2025-11-25 15:54:28 - 2: SERVER -> CLIENT: 250 2.1.0 OK 98e67ed59e1d1-347267a1240sm17239630a91.7 - gsmtp

2025-11-25 15:54:28 - 1: CLIENT -> SERVER: RCPT TO:<marjhonmatalog278@gmail.com>

2025-11-25 15:54:28 - 4: SMTP INBOUND: "250 2.1.5 OK 98e67ed59e1d1-347267a1240sm17239630a91.7 - gsmtp"
2025-11-25 15:54:28 - 2: SERVER -> CLIENT: 250 2.1.5 OK 98e67ed59e1d1-347267a1240sm17239630a91.7 - gsmtp

2025-11-25 15:54:28 - 1: CLIENT -> SERVER: DATA

2025-11-25 15:54:28 - 4: SMTP INBOUND: "354 Go ahead 98e67ed59e1d1-347267a1240sm17239630a91.7 - gsmtp"
2025-11-25 15:54:28 - 2: SERVER -> CLIENT: 354 Go ahead 98e67ed59e1d1-347267a1240sm17239630a91.7 - gsmtp

2025-11-25 15:54:28 - 1: CLIENT -> SERVER: Date: Tue, 25 Nov 2025 15:54:26 +0100

2025-11-25 15:54:28 - 1: CLIENT -> SERVER: To: marjhonmatalog278@gmail.com

2025-11-25 15:54:28 - 1: CLIENT -> SERVER: From: Heart Of D Ocean Resort <mcpebrinehq@gmail.com>

2025-11-25 15:54:28 - 1: CLIENT -> SERVER: Reply-To: Heart Of D Ocean Resort <heartofdocean2005@yahoo.com>

2025-11-25 15:54:28 - 1: CLIENT -> SERVER: Subject: Booking Update - Heart Of D Ocean Beach Resort

2025-11-25 15:54:28 - 1: CLIENT -> SERVER: Message-ID: <ZAb3OznGB5fjz3lC1GIp36yeaQTgxtVjj3j3JzSAD2I@localhost>

2025-11-25 15:54:28 - 1: CLIENT -> SERVER: X-Mailer: PHPMailer 7.0.0 (https://github.com/PHPMailer/PHPMailer)

2025-11-25 15:54:28 - 1: CLIENT -> SERVER: MIME-Version: 1.0

2025-11-25 15:54:28 - 1: CLIENT -> SERVER: Content-Type: multipart/alternative;

2025-11-25 15:54:28 - 1: CLIENT -> SERVER:  boundary="b1=_ZAb3OznGB5fjz3lC1GIp36yeaQTgxtVjj3j3JzSAD2I"

2025-11-25 15:54:28 - 1: CLIENT -> SERVER: Content-Transfer-Encoding: 8bit

2025-11-25 15:54:28 - 1: CLIENT -> SERVER: 

2025-11-25 15:54:28 - 1: CLIENT -> SERVER: --b1=_ZAb3OznGB5fjz3lC1GIp36yeaQTgxtVjj3j3JzSAD2I

2025-11-25 15:54:28 - 1: CLIENT -> SERVER: Content-Type: text/plain; charset=iso-8859-1

2025-11-25 15:54:28 - 1: CLIENT -> SERVER: Content-Transfer-Encoding: 8bit

2025-11-25 15:54:28 - 1: CLIENT -> SERVER: 

2025-11-25 15:54:28 - 1: CLIENT -> SERVER: 

2025-11-25 15:54:28 - 1: CLIENT -> SERVER:                     

2025-11-25 15:54:28 - 1: CLIENT -> SERVER:                     

2025-11-25 15:54:28 - 1: CLIENT -> SERVER:                         Booking Status Update

2025-11-25 15:54:28 - 1: CLIENT -> SERVER:                         Dear marjan,

2025-11-25 15:54:28 - 1: CLIENT -> SERVER:                         Your booking status has been updated to: 

2025-11-25 15:54:28 - 1: CLIENT -> SERVER:                         

2025-11-25 15:54:28 - 1: CLIENT -> SERVER:                         

2025-11-25 15:54:28 - 1: CLIENT -> SERVER:                             Booking Details:

2025-11-25 15:54:28 - 1: CLIENT -> SERVER:                             Booking ID: RESORT1763813444816

2025-11-25 15:54:28 - 1: CLIENT -> SERVER:                             Cottage: Beatrice B — ₱6,800

2025-11-25 15:54:28 - 1: CLIENT -> SERVER:                             Check-in Date: 2025-12-25

2025-11-25 15:54:28 - 1: CLIENT -> SERVER:                             Status: 

2025-11-25 15:54:28 - 1: CLIENT -> SERVER:                         

2025-11-25 15:54:28 - 1: CLIENT -> SERVER:                         

2025-11-25 15:54:28 - 1: CLIENT -> SERVER:                         Please contact us at heartofdocean2005@yahoo.com if you have any questions.

2025-11-25 15:54:28 - 1: CLIENT -> SERVER:                         

2025-11-25 15:54:28 - 1: CLIENT -> SERVER:                         

2025-11-25 15:54:28 - 1: CLIENT -> SERVER:                         Best regards,The Heart Of D Ocean Team

2025-11-25 15:54:28 - 1: CLIENT -> SERVER:                     

2025-11-25 15:54:28 - 1: CLIENT -> SERVER:                     

2025-11-25 15:54:28 - 1: CLIENT -> SERVER:                     

2025-11-25 15:54:29 - 1: CLIENT -> SERVER: 

2025-11-25 15:54:29 - 1: CLIENT -> SERVER: --b1=_ZAb3OznGB5fjz3lC1GIp36yeaQTgxtVjj3j3JzSAD2I

2025-11-25 15:54:29 - 1: CLIENT -> SERVER: Content-Type: text/html; charset=iso-8859-1

2025-11-25 15:54:29 - 1: CLIENT -> SERVER: Content-Transfer-Encoding: 8bit

2025-11-25 15:54:29 - 1: CLIENT -> SERVER: 

2025-11-25 15:54:29 - 1: CLIENT -> SERVER: 

2025-11-25 15:54:29 - 1: CLIENT -> SERVER:                     <html>

2025-11-25 15:54:29 - 1: CLIENT -> SERVER:                     <body style='font-family: Arial, sans-serif; line-height: 1.6;'>

2025-11-25 15:54:29 - 1: CLIENT -> SERVER:                         <h2>Booking Status Update</h2>

2025-11-25 15:54:29 - 1: CLIENT -> SERVER:                         <p>Dear marjan,</p>

2025-11-25 15:54:29 - 1: CLIENT -> SERVER:                         <p>Your booking status has been updated to: <strong></strong></p>

2025-11-25 15:54:29 - 1: CLIENT -> SERVER:                         

2025-11-25 15:54:29 - 1: CLIENT -> SERVER:                         <div style='background: #f8f9fa; padding: 20px; border-radius: 10px; margin: 20px 0;'>

2025-11-25 15:54:29 - 1: CLIENT -> SERVER:                             <h3>Booking Details:</h3>

2025-11-25 15:54:29 - 1: CLIENT -> SERVER:                             <p><strong>Booking ID:</strong> RESORT1763813444816</p>

2025-11-25 15:54:29 - 1: CLIENT -> SERVER:                             <p><strong>Cottage:</strong> Beatrice B — ₱6,800</p>

2025-11-25 15:54:29 - 1: CLIENT -> SERVER:                             <p><strong>Check-in Date:</strong> 2025-12-25</p>

2025-11-25 15:54:29 - 1: CLIENT -> SERVER:                             <p><strong>Status:</strong> </p>

2025-11-25 15:54:29 - 1: CLIENT -> SERVER:                         </div>

2025-11-25 15:54:29 - 1: CLIENT -> SERVER:                         

2025-11-25 15:54:29 - 1: CLIENT -> SERVER:                         <p>Please contact us at heartofdocean2005@yahoo.com if you have any questions.</p>

2025-11-25 15:54:29 - 1: CLIENT -> SERVER:                         

2025-11-25 15:54:29 - 1: CLIENT -> SERVER:                         <br>

2025-11-25 15:54:29 - 1: CLIENT -> SERVER:                         <p>Best regards,<br>The Heart Of D Ocean Team</p>

2025-11-25 15:54:29 - 1: CLIENT -> SERVER:                     </body>

2025-11-25 15:54:29 - 1: CLIENT -> SERVER:                     </html>

2025-11-25 15:54:29 - 1: CLIENT -> SERVER:                     

2025-11-25 15:54:29 - 1: CLIENT -> SERVER: 

2025-11-25 15:54:29 - 1: CLIENT -> SERVER: 

2025-11-25 15:54:29 - 1: CLIENT -> SERVER: --b1=_ZAb3OznGB5fjz3lC1GIp36yeaQTgxtVjj3j3JzSAD2I--

2025-11-25 15:54:29 - 1: CLIENT -> SERVER: 

2025-11-25 15:54:29 - 1: CLIENT -> SERVER: .

2025-11-25 15:54:30 - 4: SMTP INBOUND: "250 2.0.0 OK  1764082470 98e67ed59e1d1-347267a1240sm17239630a91.7 - gsmtp"
2025-11-25 15:54:30 - 2: SERVER -> CLIENT: 250 2.0.0 OK  1764082470 98e67ed59e1d1-347267a1240sm17239630a91.7 - gsmtp

2025-11-25 15:54:30 - 1: CLIENT -> SERVER: QUIT

2025-11-25 15:54:30 - 4: SMTP INBOUND: "221 2.0.0 closing connection 98e67ed59e1d1-347267a1240sm17239630a91.7 - gsmtp"
2025-11-25 15:54:30 - 2: SERVER -> CLIENT: 221 2.0.0 closing connection 98e67ed59e1d1-347267a1240sm17239630a91.7 - gsmtp

2025-11-25 15:54:30 - 3: Connection: closed
2025-11-25 17:28:46 - 3: Connection: opening to smtp.gmail.com:587, timeout=300, options=array()
2025-11-25 17:28:46 - 3: Connection: opened
2025-11-25 17:28:46 - 4: SMTP INBOUND: "220 smtp.gmail.com ESMTP d9443c01a7336-29b5b29d706sm169741925ad.80 - gsmtp"
2025-11-25 17:28:46 - 2: SERVER -> CLIENT: 220 smtp.gmail.com ESMTP d9443c01a7336-29b5b29d706sm169741925ad.80 - gsmtp

2025-11-25 17:28:46 - 1: CLIENT -> SERVER: EHLO localhost

2025-11-25 17:28:46 - 4: SMTP INBOUND: "250-smtp.gmail.com at your service, [158.62.4.229]"
2025-11-25 17:28:46 - 4: SMTP INBOUND: "250-SIZE 35882577"
2025-11-25 17:28:46 - 4: SMTP INBOUND: "250-8BITMIME"
2025-11-25 17:28:46 - 4: SMTP INBOUND: "250-STARTTLS"
2025-11-25 17:28:46 - 4: SMTP INBOUND: "250-ENHANCEDSTATUSCODES"
2025-11-25 17:28:46 - 4: SMTP INBOUND: "250-PIPELINING"
2025-11-25 17:28:46 - 4: SMTP INBOUND: "250-CHUNKING"
2025-11-25 17:28:46 - 4: SMTP INBOUND: "250 SMTPUTF8"
2025-11-25 17:28:46 - 2: SERVER -> CLIENT: 250-smtp.gmail.com at your service, [158.62.4.229]
250-SIZE 35882577
250-8BITMIME
250-STARTTLS
250-ENHANCEDSTATUSCODES
250-PIPELINING
250-CHUNKING
250 SMTPUTF8

2025-11-25 17:28:46 - 1: CLIENT -> SERVER: STARTTLS

2025-11-25 17:28:46 - 4: SMTP INBOUND: "220 2.0.0 Ready to start TLS"
2025-11-25 17:28:46 - 2: SERVER -> CLIENT: 220 2.0.0 Ready to start TLS

2025-11-25 17:28:46 - 1: CLIENT -> SERVER: EHLO localhost

2025-11-25 17:28:47 - 4: SMTP INBOUND: "250-smtp.gmail.com at your service, [158.62.4.229]"
2025-11-25 17:28:47 - 4: SMTP INBOUND: "250-SIZE 35882577"
2025-11-25 17:28:47 - 4: SMTP INBOUND: "250-8BITMIME"
2025-11-25 17:28:47 - 4: SMTP INBOUND: "250-AUTH LOGIN PLAIN XOAUTH2 PLAIN-CLIENTTOKEN OAUTHBEARER XOAUTH"
2025-11-25 17:28:47 - 4: SMTP INBOUND: "250-ENHANCEDSTATUSCODES"
2025-11-25 17:28:47 - 4: SMTP INBOUND: "250-PIPELINING"
2025-11-25 17:28:47 - 4: SMTP INBOUND: "250-CHUNKING"
2025-11-25 17:28:47 - 4: SMTP INBOUND: "250 SMTPUTF8"
2025-11-25 17:28:47 - 2: SERVER -> CLIENT: 250-smtp.gmail.com at your service, [158.62.4.229]
250-SIZE 35882577
250-8BITMIME
250-AUTH LOGIN PLAIN XOAUTH2 PLAIN-CLIENTTOKEN OAUTHBEARER XOAUTH
250-ENHANCEDSTATUSCODES
250-PIPELINING
250-CHUNKING
250 SMTPUTF8

2025-11-25 17:28:47 - 4: Auth method requested: UNSPECIFIED
2025-11-25 17:28:47 - 4: Auth methods available on the server: LOGIN,PLAIN,XOAUTH2,PLAIN-CLIENTTOKEN,OAUTHBEARER,XOAUTH
2025-11-25 17:28:47 - 4: Requested auth method not available: 
2025-11-25 17:28:47 - 4: Auth method selected: LOGIN
2025-11-25 17:28:47 - 1: CLIENT -> SERVER: AUTH LOGIN

2025-11-25 17:28:47 - 4: SMTP INBOUND: "334 VXNlcm5hbWU6"
2025-11-25 17:28:47 - 2: SERVER -> CLIENT: 334 VXNlcm5hbWU6

2025-11-25 17:28:47 - 1: CLIENT -> SERVER: bWNwZWJyaW5laHFAZ21haWwuY29t

2025-11-25 17:28:47 - 4: SMTP INBOUND: "334 UGFzc3dvcmQ6"
2025-11-25 17:28:47 - 2: SERVER -> CLIENT: 334 UGFzc3dvcmQ6

2025-11-25 17:28:47 - 1: CLIENT -> SERVER: ZHRkeHh4aGNtYXVvIGVlYnQ=

2025-11-25 17:28:47 - 4: SMTP INBOUND: "235 2.7.0 Accepted"
2025-11-25 17:28:47 - 2: SERVER -> CLIENT: 235 2.7.0 Accepted

2025-11-25 17:28:47 - 1: CLIENT -> SERVER: MAIL FROM:<mcpebrinehq@gmail.com>

2025-11-25 17:28:48 - 4: SMTP INBOUND: "250 2.1.0 OK d9443c01a7336-29b5b29d706sm169741925ad.80 - gsmtp"
2025-11-25 17:28:48 - 2: SERVER -> CLIENT: 250 2.1.0 OK d9443c01a7336-29b5b29d706sm169741925ad.80 - gsmtp

2025-11-25 17:28:48 - 1: CLIENT -> SERVER: RCPT TO:<24-07711@g.batstate-u.edu.ph>

2025-11-25 17:28:48 - 4: SMTP INBOUND: "250 2.1.5 OK d9443c01a7336-29b5b29d706sm169741925ad.80 - gsmtp"
2025-11-25 17:28:48 - 2: SERVER -> CLIENT: 250 2.1.5 OK d9443c01a7336-29b5b29d706sm169741925ad.80 - gsmtp

2025-11-25 17:28:48 - 1: CLIENT -> SERVER: DATA

2025-11-25 17:28:48 - 4: SMTP INBOUND: "354 Go ahead d9443c01a7336-29b5b29d706sm169741925ad.80 - gsmtp"
2025-11-25 17:28:48 - 2: SERVER -> CLIENT: 354 Go ahead d9443c01a7336-29b5b29d706sm169741925ad.80 - gsmtp

2025-11-25 17:28:48 - 1: CLIENT -> SERVER: Date: Tue, 25 Nov 2025 17:28:46 +0100

2025-11-25 17:28:48 - 1: CLIENT -> SERVER: To: 24-07711@g.batstate-u.edu.ph

2025-11-25 17:28:48 - 1: CLIENT -> SERVER: From: Heart Of D Ocean Resort <mcpebrinehq@gmail.com>

2025-11-25 17:28:48 - 1: CLIENT -> SERVER: Reply-To: Heart Of D Ocean Resort <heartofdocean2005@yahoo.com>

2025-11-25 17:28:48 - 1: CLIENT -> SERVER: Subject: Booking CONFIRMED - Heart Of D Ocean Beach Resort

2025-11-25 17:28:48 - 1: CLIENT -> SERVER: Message-ID: <OgOIqra1jd7D5IfyNinmD8bsvbqbRhn79XkM9QH4@localhost>

2025-11-25 17:28:48 - 1: CLIENT -> SERVER: X-Mailer: PHPMailer 7.0.0 (https://github.com/PHPMailer/PHPMailer)

2025-11-25 17:28:48 - 1: CLIENT -> SERVER: MIME-Version: 1.0

2025-11-25 17:28:48 - 1: CLIENT -> SERVER: Content-Type: multipart/alternative;

2025-11-25 17:28:48 - 1: CLIENT -> SERVER:  boundary="b1=_OgOIqra1jd7D5IfyNinmD8bsvbqbRhn79XkM9QH4"

2025-11-25 17:28:48 - 1: CLIENT -> SERVER: Content-Transfer-Encoding: 8bit

2025-11-25 17:28:48 - 1: CLIENT -> SERVER: 

2025-11-25 17:28:48 - 1: CLIENT -> SERVER: --b1=_OgOIqra1jd7D5IfyNinmD8bsvbqbRhn79XkM9QH4

2025-11-25 17:28:48 - 1: CLIENT -> SERVER: Content-Type: text/plain; charset=iso-8859-1

2025-11-25 17:28:48 - 1: CLIENT -> SERVER: Content-Transfer-Encoding: 8bit

2025-11-25 17:28:48 - 1: CLIENT -> SERVER: 

2025-11-25 17:28:48 - 1: CLIENT -> SERVER: 

2025-11-25 17:28:48 - 1: CLIENT -> SERVER:                     

2025-11-25 17:28:48 - 1: CLIENT -> SERVER:                     

2025-11-25 17:28:48 - 1: CLIENT -> SERVER:                         Booking Confirmed!

2025-11-25 17:28:48 - 1: CLIENT -> SERVER:                         Dear Mar Jhon Lowie Matalog_IT-2102_ER,

2025-11-25 17:28:48 - 1: CLIENT -> SERVER:                         Great news! Your booking has been CONFIRMED!

2025-11-25 17:28:48 - 1: CLIENT -> SERVER:                         

2025-11-25 17:28:48 - 1: CLIENT -> SERVER:                         

2025-11-25 17:28:48 - 1: CLIENT -> SERVER:                             Booking Details:

2025-11-25 17:28:48 - 1: CLIENT -> SERVER:                             Booking ID: RESORT1764088085974

2025-11-25 17:28:48 - 1: CLIENT -> SERVER:                             Cottage: Premium 840 — ₱8,800

2025-11-25 17:28:48 - 1: CLIENT -> SERVER:                             Check-in Date: 2025-11-25

2025-11-25 17:28:48 - 1: CLIENT -> SERVER:                             Number of Guests: 2

2025-11-25 17:28:48 - 1: CLIENT -> SERVER:                             Status: CONFIRMED

2025-11-25 17:28:48 - 1: CLIENT -> SERVER:                         

2025-11-25 17:28:48 - 1: CLIENT -> SERVER:                         

2025-11-25 17:28:48 - 1: CLIENT -> SERVER:                         We're excited to welcome you to Heart Of D Ocean Beach Resort!

2025-11-25 17:28:48 - 1: CLIENT -> SERVER:                         If you have any questions, please contact us at heartofdocean2005@yahoo.com or call us.

2025-11-25 17:28:48 - 1: CLIENT -> SERVER:                         

2025-11-25 17:28:48 - 1: CLIENT -> SERVER:                         

2025-11-25 17:28:48 - 1: CLIENT -> SERVER:                         Best regards,The Heart Of D Ocean Team

2025-11-25 17:28:48 - 1: CLIENT -> SERVER:                     

2025-11-25 17:28:48 - 1: CLIENT -> SERVER:                     

2025-11-25 17:28:48 - 1: CLIENT -> SERVER:                     

2025-11-25 17:28:48 - 1: CLIENT -> SERVER: 

2025-11-25 17:28:48 - 1: CLIENT -> SERVER: --b1=_OgOIqra1jd7D5IfyNinmD8bsvbqbRhn79XkM9QH4

2025-11-25 17:28:48 - 1: CLIENT -> SERVER: Content-Type: text/html; charset=iso-8859-1

2025-11-25 17:28:48 - 1: CLIENT -> SERVER: Content-Transfer-Encoding: 8bit

2025-11-25 17:28:48 - 1: CLIENT -> SERVER: 

2025-11-25 17:28:48 - 1: CLIENT -> SERVER: 

2025-11-25 17:28:48 - 1: CLIENT -> SERVER:                     <html>

2025-11-25 17:28:48 - 1: CLIENT -> SERVER:                     <body style='font-family: Arial, sans-serif; line-height: 1.6;'>

2025-11-25 17:28:48 - 1: CLIENT -> SERVER:                         <h2>Booking Confirmed!</h2>

2025-11-25 17:28:48 - 1: CLIENT -> SERVER:                         <p>Dear Mar Jhon Lowie Matalog_IT-2102_ER,</p>

2025-11-25 17:28:48 - 1: CLIENT -> SERVER:                         <p>Great news! Your booking has been <strong style='color: #28a745;'>CONFIRMED</strong>!</p>

2025-11-25 17:28:48 - 1: CLIENT -> SERVER:                         

2025-11-25 17:28:48 - 1: CLIENT -> SERVER:                         <div style='background: #f8f9fa; padding: 20px; border-radius: 10px; margin: 20px 0;'>

2025-11-25 17:28:48 - 1: CLIENT -> SERVER:                             <h3>Booking Details:</h3>

2025-11-25 17:28:48 - 1: CLIENT -> SERVER:                             <p><strong>Booking ID:</strong> RESORT1764088085974</p>

2025-11-25 17:28:48 - 1: CLIENT -> SERVER:                             <p><strong>Cottage:</strong> Premium 840 — ₱8,800</p>

2025-11-25 17:28:48 - 1: CLIENT -> SERVER:                             <p><strong>Check-in Date:</strong> 2025-11-25</p>

2025-11-25 17:28:48 - 1: CLIENT -> SERVER:                             <p><strong>Number of Guests:</strong> 2</p>

2025-11-25 17:28:48 - 1: CLIENT -> SERVER:                             <p><strong>Status:</strong> <span style='color: #28a745; font-weight: bold;'>CONFIRMED</span></p>

2025-11-25 17:28:48 - 1: CLIENT -> SERVER:                         </div>

2025-11-25 17:28:48 - 1: CLIENT -> SERVER:                         

2025-11-25 17:28:48 - 1: CLIENT -> SERVER:                         <p>We're excited to welcome you to Heart Of D Ocean Beach Resort!</p>

2025-11-25 17:28:48 - 1: CLIENT -> SERVER:                         <p>If you have any questions, please contact us at heartofdocean2005@yahoo.com or call us.</p>

2025-11-25 17:28:48 - 1: CLIENT -> SERVER:                         

2025-11-25 17:28:48 - 1: CLIENT -> SERVER:                         <br>

2025-11-25 17:28:48 - 1: CLIENT -> SERVER:                         <p>Best regards,<br>The Heart Of D Ocean Team</p>

2025-11-25 17:28:48 - 1: CLIENT -> SERVER:                     </body>

2025-11-25 17:28:48 - 1: CLIENT -> SERVER:                     </html>

2025-11-25 17:28:48 - 1: CLIENT -> SERVER:                     

2025-11-25 17:28:48 - 1: CLIENT -> SERVER: 

2025-11-25 17:28:48 - 1: CLIENT -> SERVER: 

2025-11-25 17:28:48 - 1: CLIENT -> SERVER: --b1=_OgOIqra1jd7D5IfyNinmD8bsvbqbRhn79XkM9QH4--

2025-11-25 17:28:48 - 1: CLIENT -> SERVER: 

2025-11-25 17:28:48 - 1: CLIENT -> SERVER: .

2025-11-25 17:28:49 - 4: SMTP INBOUND: "250 2.0.0 OK  1764088129 d9443c01a7336-29b5b29d706sm169741925ad.80 - gsmtp"
2025-11-25 17:28:49 - 2: SERVER -> CLIENT: 250 2.0.0 OK  1764088129 d9443c01a7336-29b5b29d706sm169741925ad.80 - gsmtp

2025-11-25 17:28:49 - 1: CLIENT -> SERVER: QUIT

2025-11-25 17:28:49 - 4: SMTP INBOUND: "221 2.0.0 closing connection d9443c01a7336-29b5b29d706sm169741925ad.80 - gsmtp"
2025-11-25 17:28:49 - 2: SERVER -> CLIENT: 221 2.0.0 closing connection d9443c01a7336-29b5b29d706sm169741925ad.80 - gsmtp

2025-11-25 17:28:49 - 3: Connection: closed
2025-11-25 17:44:27 - 3: Connection: opening to smtp.gmail.com:587, timeout=300, options=array()
2025-11-25 17:44:27 - 3: Connection: opened
2025-11-25 17:44:27 - 4: SMTP INBOUND: "220 smtp.gmail.com ESMTP d9443c01a7336-29b5b138628sm173368405ad.31 - gsmtp"
2025-11-25 17:44:27 - 2: SERVER -> CLIENT: 220 smtp.gmail.com ESMTP d9443c01a7336-29b5b138628sm173368405ad.31 - gsmtp

2025-11-25 17:44:27 - 1: CLIENT -> SERVER: EHLO localhost

2025-11-25 17:44:27 - 4: SMTP INBOUND: "250-smtp.gmail.com at your service, [158.62.4.229]"
2025-11-25 17:44:27 - 4: SMTP INBOUND: "250-SIZE 35882577"
2025-11-25 17:44:27 - 4: SMTP INBOUND: "250-8BITMIME"
2025-11-25 17:44:27 - 4: SMTP INBOUND: "250-STARTTLS"
2025-11-25 17:44:27 - 4: SMTP INBOUND: "250-ENHANCEDSTATUSCODES"
2025-11-25 17:44:27 - 4: SMTP INBOUND: "250-PIPELINING"
2025-11-25 17:44:27 - 4: SMTP INBOUND: "250-CHUNKING"
2025-11-25 17:44:27 - 4: SMTP INBOUND: "250 SMTPUTF8"
2025-11-25 17:44:27 - 2: SERVER -> CLIENT: 250-smtp.gmail.com at your service, [158.62.4.229]
250-SIZE 35882577
250-8BITMIME
250-STARTTLS
250-ENHANCEDSTATUSCODES
250-PIPELINING
250-CHUNKING
250 SMTPUTF8

2025-11-25 17:44:27 - 1: CLIENT -> SERVER: STARTTLS

2025-11-25 17:44:28 - 4: SMTP INBOUND: "220 2.0.0 Ready to start TLS"
2025-11-25 17:44:28 - 2: SERVER -> CLIENT: 220 2.0.0 Ready to start TLS

2025-11-25 17:44:28 - 1: CLIENT -> SERVER: EHLO localhost

2025-11-25 17:44:28 - 4: SMTP INBOUND: "250-smtp.gmail.com at your service, [158.62.4.229]"
2025-11-25 17:44:28 - 4: SMTP INBOUND: "250-SIZE 35882577"
2025-11-25 17:44:28 - 4: SMTP INBOUND: "250-8BITMIME"
2025-11-25 17:44:28 - 4: SMTP INBOUND: "250-AUTH LOGIN PLAIN XOAUTH2 PLAIN-CLIENTTOKEN OAUTHBEARER XOAUTH"
2025-11-25 17:44:28 - 4: SMTP INBOUND: "250-ENHANCEDSTATUSCODES"
2025-11-25 17:44:28 - 4: SMTP INBOUND: "250-PIPELINING"
2025-11-25 17:44:28 - 4: SMTP INBOUND: "250-CHUNKING"
2025-11-25 17:44:28 - 4: SMTP INBOUND: "250 SMTPUTF8"
2025-11-25 17:44:28 - 2: SERVER -> CLIENT: 250-smtp.gmail.com at your service, [158.62.4.229]
250-SIZE 35882577
250-8BITMIME
250-AUTH LOGIN PLAIN XOAUTH2 PLAIN-CLIENTTOKEN OAUTHBEARER XOAUTH
250-ENHANCEDSTATUSCODES
250-PIPELINING
250-CHUNKING
250 SMTPUTF8

2025-11-25 17:44:28 - 4: Auth method requested: UNSPECIFIED
2025-11-25 17:44:28 - 4: Auth methods available on the server: LOGIN,PLAIN,XOAUTH2,PLAIN-CLIENTTOKEN,OAUTHBEARER,XOAUTH
2025-11-25 17:44:28 - 4: Requested auth method not available: 
2025-11-25 17:44:28 - 4: Auth method selected: LOGIN
2025-11-25 17:44:28 - 1: CLIENT -> SERVER: AUTH LOGIN

2025-11-25 17:44:28 - 4: SMTP INBOUND: "334 VXNlcm5hbWU6"
2025-11-25 17:44:28 - 2: SERVER -> CLIENT: 334 VXNlcm5hbWU6

2025-11-25 17:44:28 - 1: CLIENT -> SERVER: bWNwZWJyaW5laHFAZ21haWwuY29t

2025-11-25 17:44:28 - 4: SMTP INBOUND: "334 UGFzc3dvcmQ6"
2025-11-25 17:44:28 - 2: SERVER -> CLIENT: 334 UGFzc3dvcmQ6

2025-11-25 17:44:28 - 1: CLIENT -> SERVER: ZHRkeHh4aGNtYXVvIGVlYnQ=

2025-11-25 17:44:29 - 4: SMTP INBOUND: "235 2.7.0 Accepted"
2025-11-25 17:44:29 - 2: SERVER -> CLIENT: 235 2.7.0 Accepted

2025-11-25 17:44:29 - 1: CLIENT -> SERVER: MAIL FROM:<mcpebrinehq@gmail.com>

2025-11-25 17:44:29 - 4: SMTP INBOUND: "250 2.1.0 OK d9443c01a7336-29b5b138628sm173368405ad.31 - gsmtp"
2025-11-25 17:44:29 - 2: SERVER -> CLIENT: 250 2.1.0 OK d9443c01a7336-29b5b138628sm173368405ad.31 - gsmtp

2025-11-25 17:44:29 - 1: CLIENT -> SERVER: RCPT TO:<marjhonmatalog278@gmail.com>

2025-11-25 17:44:29 - 4: SMTP INBOUND: "250 2.1.5 OK d9443c01a7336-29b5b138628sm173368405ad.31 - gsmtp"
2025-11-25 17:44:29 - 2: SERVER -> CLIENT: 250 2.1.5 OK d9443c01a7336-29b5b138628sm173368405ad.31 - gsmtp

2025-11-25 17:44:29 - 1: CLIENT -> SERVER: DATA

2025-11-25 17:44:29 - 4: SMTP INBOUND: "354 Go ahead d9443c01a7336-29b5b138628sm173368405ad.31 - gsmtp"
2025-11-25 17:44:29 - 2: SERVER -> CLIENT: 354 Go ahead d9443c01a7336-29b5b138628sm173368405ad.31 - gsmtp

2025-11-25 17:44:29 - 1: CLIENT -> SERVER: Date: Tue, 25 Nov 2025 17:44:27 +0100

2025-11-25 17:44:29 - 1: CLIENT -> SERVER: To: marjhonmatalog278@gmail.com

2025-11-25 17:44:29 - 1: CLIENT -> SERVER: From: Heart Of D Ocean Resort <mcpebrinehq@gmail.com>

2025-11-25 17:44:29 - 1: CLIENT -> SERVER: Reply-To: Heart Of D Ocean Resort <heartofdocean2005@yahoo.com>

2025-11-25 17:44:29 - 1: CLIENT -> SERVER: Subject: Booking CONFIRMED - Heart Of D Ocean Beach Resort

2025-11-25 17:44:29 - 1: CLIENT -> SERVER: Message-ID: <GYYzHd5IbwTMCEiecSgS8fRnRtqwpOCtMVj4wixWAwk@localhost>

2025-11-25 17:44:29 - 1: CLIENT -> SERVER: X-Mailer: PHPMailer 7.0.0 (https://github.com/PHPMailer/PHPMailer)

2025-11-25 17:44:29 - 1: CLIENT -> SERVER: MIME-Version: 1.0

2025-11-25 17:44:29 - 1: CLIENT -> SERVER: Content-Type: multipart/alternative;

2025-11-25 17:44:29 - 1: CLIENT -> SERVER:  boundary="b1=_GYYzHd5IbwTMCEiecSgS8fRnRtqwpOCtMVj4wixWAwk"

2025-11-25 17:44:29 - 1: CLIENT -> SERVER: Content-Transfer-Encoding: 8bit

2025-11-25 17:44:29 - 1: CLIENT -> SERVER: 

2025-11-25 17:44:29 - 1: CLIENT -> SERVER: --b1=_GYYzHd5IbwTMCEiecSgS8fRnRtqwpOCtMVj4wixWAwk

2025-11-25 17:44:29 - 1: CLIENT -> SERVER: Content-Type: text/plain; charset=iso-8859-1

2025-11-25 17:44:29 - 1: CLIENT -> SERVER: Content-Transfer-Encoding: 8bit

2025-11-25 17:44:29 - 1: CLIENT -> SERVER: 

2025-11-25 17:44:29 - 1: CLIENT -> SERVER: 

2025-11-25 17:44:29 - 1: CLIENT -> SERVER:                     

2025-11-25 17:44:29 - 1: CLIENT -> SERVER:                     

2025-11-25 17:44:29 - 1: CLIENT -> SERVER:                         Booking Confirmed!

2025-11-25 17:44:29 - 1: CLIENT -> SERVER:                         Dear Marjhon,

2025-11-25 17:44:29 - 1: CLIENT -> SERVER:                         Great news! Your booking has been CONFIRMED!

2025-11-25 17:44:29 - 1: CLIENT -> SERVER:                         

2025-11-25 17:44:29 - 1: CLIENT -> SERVER:                         

2025-11-25 17:44:29 - 1: CLIENT -> SERVER:                             Booking Details:

2025-11-25 17:44:29 - 1: CLIENT -> SERVER:                             Booking ID: RESORT1764089053330

2025-11-25 17:44:29 - 1: CLIENT -> SERVER:                             Cottage: Seaside (Whole) — ₱6,800

2025-11-25 17:44:29 - 1: CLIENT -> SERVER:                             Check-in Date: 2025-12-02

2025-11-25 17:44:29 - 1: CLIENT -> SERVER:                             Number of Guests: 2

2025-11-25 17:44:29 - 1: CLIENT -> SERVER:                             Status: CONFIRMED

2025-11-25 17:44:29 - 1: CLIENT -> SERVER:                         

2025-11-25 17:44:29 - 1: CLIENT -> SERVER:                         

2025-11-25 17:44:29 - 1: CLIENT -> SERVER:                         We're excited to welcome you to Heart Of D Ocean Beach Resort!

2025-11-25 17:44:29 - 1: CLIENT -> SERVER:                         If you have any questions, please contact us at heartofdocean2005@yahoo.com or call us.

2025-11-25 17:44:29 - 1: CLIENT -> SERVER:                         

2025-11-25 17:44:29 - 1: CLIENT -> SERVER:                         

2025-11-25 17:44:29 - 1: CLIENT -> SERVER:                         Best regards,The Heart Of D Ocean Team

2025-11-25 17:44:29 - 1: CLIENT -> SERVER:                     

2025-11-25 17:44:29 - 1: CLIENT -> SERVER:                     

2025-11-25 17:44:29 - 1: CLIENT -> SERVER:                     

2025-11-25 17:44:29 - 1: CLIENT -> SERVER: 

2025-11-25 17:44:29 - 1: CLIENT -> SERVER: --b1=_GYYzHd5IbwTMCEiecSgS8fRnRtqwpOCtMVj4wixWAwk

2025-11-25 17:44:29 - 1: CLIENT -> SERVER: Content-Type: text/html; charset=iso-8859-1

2025-11-25 17:44:29 - 1: CLIENT -> SERVER: Content-Transfer-Encoding: 8bit

2025-11-25 17:44:29 - 1: CLIENT -> SERVER: 

2025-11-25 17:44:29 - 1: CLIENT -> SERVER: 

2025-11-25 17:44:29 - 1: CLIENT -> SERVER:                     <html>

2025-11-25 17:44:29 - 1: CLIENT -> SERVER:                     <body style='font-family: Arial, sans-serif; line-height: 1.6;'>

2025-11-25 17:44:29 - 1: CLIENT -> SERVER:                         <h2>Booking Confirmed!</h2>

2025-11-25 17:44:29 - 1: CLIENT -> SERVER:                         <p>Dear Marjhon,</p>

2025-11-25 17:44:29 - 1: CLIENT -> SERVER:                         <p>Great news! Your booking has been <strong style='color: #28a745;'>CONFIRMED</strong>!</p>

2025-11-25 17:44:29 - 1: CLIENT -> SERVER:                         

2025-11-25 17:44:29 - 1: CLIENT -> SERVER:                         <div style='background: #f8f9fa; padding: 20px; border-radius: 10px; margin: 20px 0;'>

2025-11-25 17:44:29 - 1: CLIENT -> SERVER:                             <h3>Booking Details:</h3>

2025-11-25 17:44:29 - 1: CLIENT -> SERVER:                             <p><strong>Booking ID:</strong> RESORT1764089053330</p>

2025-11-25 17:44:29 - 1: CLIENT -> SERVER:                             <p><strong>Cottage:</strong> Seaside (Whole) — ₱6,800</p>

2025-11-25 17:44:29 - 1: CLIENT -> SERVER:                             <p><strong>Check-in Date:</strong> 2025-12-02</p>

2025-11-25 17:44:29 - 1: CLIENT -> SERVER:                             <p><strong>Number of Guests:</strong> 2</p>

2025-11-25 17:44:29 - 1: CLIENT -> SERVER:                             <p><strong>Status:</strong> <span style='color: #28a745; font-weight: bold;'>CONFIRMED</span></p>

2025-11-25 17:44:29 - 1: CLIENT -> SERVER:                         </div>

2025-11-25 17:44:29 - 1: CLIENT -> SERVER:                         

2025-11-25 17:44:29 - 1: CLIENT -> SERVER:                         <p>We're excited to welcome you to Heart Of D Ocean Beach Resort!</p>

2025-11-25 17:44:29 - 1: CLIENT -> SERVER:                         <p>If you have any questions, please contact us at heartofdocean2005@yahoo.com or call us.</p>

2025-11-25 17:44:29 - 1: CLIENT -> SERVER:                         

2025-11-25 17:44:29 - 1: CLIENT -> SERVER:                         <br>

2025-11-25 17:44:29 - 1: CLIENT -> SERVER:                         <p>Best regards,<br>The Heart Of D Ocean Team</p>

2025-11-25 17:44:29 - 1: CLIENT -> SERVER:                     </body>

2025-11-25 17:44:29 - 1: CLIENT -> SERVER:                     </html>

2025-11-25 17:44:29 - 1: CLIENT -> SERVER:                     

2025-11-25 17:44:29 - 1: CLIENT -> SERVER: 

2025-11-25 17:44:29 - 1: CLIENT -> SERVER: 

2025-11-25 17:44:29 - 1: CLIENT -> SERVER: --b1=_GYYzHd5IbwTMCEiecSgS8fRnRtqwpOCtMVj4wixWAwk--

2025-11-25 17:44:29 - 1: CLIENT -> SERVER: 

2025-11-25 17:44:29 - 1: CLIENT -> SERVER: .

2025-11-25 17:44:30 - 4: SMTP INBOUND: "250 2.0.0 OK  1764089070 d9443c01a7336-29b5b138628sm173368405ad.31 - gsmtp"
2025-11-25 17:44:30 - 2: SERVER -> CLIENT: 250 2.0.0 OK  1764089070 d9443c01a7336-29b5b138628sm173368405ad.31 - gsmtp

2025-11-25 17:44:30 - 1: CLIENT -> SERVER: QUIT

2025-11-25 17:44:30 - 4: SMTP INBOUND: "221 2.0.0 closing connection d9443c01a7336-29b5b138628sm173368405ad.31 - gsmtp"
2025-11-25 17:44:30 - 2: SERVER -> CLIENT: 221 2.0.0 closing connection d9443c01a7336-29b5b138628sm173368405ad.31 - gsmtp

2025-11-25 17:44:30 - 3: Connection: closed
2025-11-25 20:57:08 - 3: Connection: opening to smtp.gmail.com:587, timeout=300, options=array()
2025-11-25 20:57:08 - 3: Connection: opened
2025-11-25 20:57:09 - 4: SMTP INBOUND: "220 smtp.gmail.com ESMTP 41be03b00d2f7-bd75e4d3c86sm17824183a12.11 - gsmtp"
2025-11-25 20:57:09 - 2: SERVER -> CLIENT: 220 smtp.gmail.com ESMTP 41be03b00d2f7-bd75e4d3c86sm17824183a12.11 - gsmtp

2025-11-25 20:57:09 - 1: CLIENT -> SERVER: EHLO localhost

2025-11-25 20:57:09 - 4: SMTP INBOUND: "250-smtp.gmail.com at your service, [158.62.4.229]"
2025-11-25 20:57:09 - 4: SMTP INBOUND: "250-SIZE 35882577"
2025-11-25 20:57:09 - 4: SMTP INBOUND: "250-8BITMIME"
2025-11-25 20:57:09 - 4: SMTP INBOUND: "250-STARTTLS"
2025-11-25 20:57:09 - 4: SMTP INBOUND: "250-ENHANCEDSTATUSCODES"
2025-11-25 20:57:09 - 4: SMTP INBOUND: "250-PIPELINING"
2025-11-25 20:57:09 - 4: SMTP INBOUND: "250-CHUNKING"
2025-11-25 20:57:09 - 4: SMTP INBOUND: "250 SMTPUTF8"
2025-11-25 20:57:09 - 2: SERVER -> CLIENT: 250-smtp.gmail.com at your service, [158.62.4.229]
250-SIZE 35882577
250-8BITMIME
250-STARTTLS
250-ENHANCEDSTATUSCODES
250-PIPELINING
250-CHUNKING
250 SMTPUTF8

2025-11-25 20:57:09 - 1: CLIENT -> SERVER: STARTTLS

2025-11-25 20:57:09 - 4: SMTP INBOUND: "220 2.0.0 Ready to start TLS"
2025-11-25 20:57:09 - 2: SERVER -> CLIENT: 220 2.0.0 Ready to start TLS

2025-11-25 20:57:09 - 1: CLIENT -> SERVER: EHLO localhost

2025-11-25 20:57:10 - 4: SMTP INBOUND: "250-smtp.gmail.com at your service, [158.62.4.229]"
2025-11-25 20:57:10 - 4: SMTP INBOUND: "250-SIZE 35882577"
2025-11-25 20:57:10 - 4: SMTP INBOUND: "250-8BITMIME"
2025-11-25 20:57:10 - 4: SMTP INBOUND: "250-AUTH LOGIN PLAIN XOAUTH2 PLAIN-CLIENTTOKEN OAUTHBEARER XOAUTH"
2025-11-25 20:57:10 - 4: SMTP INBOUND: "250-ENHANCEDSTATUSCODES"
2025-11-25 20:57:10 - 4: SMTP INBOUND: "250-PIPELINING"
2025-11-25 20:57:10 - 4: SMTP INBOUND: "250-CHUNKING"
2025-11-25 20:57:10 - 4: SMTP INBOUND: "250 SMTPUTF8"
2025-11-25 20:57:10 - 2: SERVER -> CLIENT: 250-smtp.gmail.com at your service, [158.62.4.229]
250-SIZE 35882577
250-8BITMIME
250-AUTH LOGIN PLAIN XOAUTH2 PLAIN-CLIENTTOKEN OAUTHBEARER XOAUTH
250-ENHANCEDSTATUSCODES
250-PIPELINING
250-CHUNKING
250 SMTPUTF8

2025-11-25 20:57:10 - 4: Auth method requested: UNSPECIFIED
2025-11-25 20:57:10 - 4: Auth methods available on the server: LOGIN,PLAIN,XOAUTH2,PLAIN-CLIENTTOKEN,OAUTHBEARER,XOAUTH
2025-11-25 20:57:10 - 4: Requested auth method not available: 
2025-11-25 20:57:10 - 4: Auth method selected: LOGIN
2025-11-25 20:57:10 - 1: CLIENT -> SERVER: AUTH LOGIN

2025-11-25 20:57:10 - 4: SMTP INBOUND: "334 VXNlcm5hbWU6"
2025-11-25 20:57:10 - 2: SERVER -> CLIENT: 334 VXNlcm5hbWU6

2025-11-25 20:57:10 - 1: CLIENT -> SERVER: bWNwZWJyaW5laHFAZ21haWwuY29t

2025-11-25 20:57:10 - 4: SMTP INBOUND: "334 UGFzc3dvcmQ6"
2025-11-25 20:57:10 - 2: SERVER -> CLIENT: 334 UGFzc3dvcmQ6

2025-11-25 20:57:10 - 1: CLIENT -> SERVER: ZHRkeHh4aGNtYXVvIGVlYnQ=

2025-11-25 20:57:10 - 4: SMTP INBOUND: "235 2.7.0 Accepted"
2025-11-25 20:57:10 - 2: SERVER -> CLIENT: 235 2.7.0 Accepted

2025-11-25 20:57:10 - 1: CLIENT -> SERVER: MAIL FROM:<mcpebrinehq@gmail.com>

2025-11-25 20:57:11 - 4: SMTP INBOUND: "250 2.1.0 OK 41be03b00d2f7-bd75e4d3c86sm17824183a12.11 - gsmtp"
2025-11-25 20:57:11 - 2: SERVER -> CLIENT: 250 2.1.0 OK 41be03b00d2f7-bd75e4d3c86sm17824183a12.11 - gsmtp

2025-11-25 20:57:11 - 1: CLIENT -> SERVER: RCPT TO:<marjhonmatalog278@gmail.com>

2025-11-25 20:57:11 - 4: SMTP INBOUND: "250 2.1.5 OK 41be03b00d2f7-bd75e4d3c86sm17824183a12.11 - gsmtp"
2025-11-25 20:57:11 - 2: SERVER -> CLIENT: 250 2.1.5 OK 41be03b00d2f7-bd75e4d3c86sm17824183a12.11 - gsmtp

2025-11-25 20:57:11 - 1: CLIENT -> SERVER: DATA

2025-11-25 20:57:11 - 4: SMTP INBOUND: "354 Go ahead 41be03b00d2f7-bd75e4d3c86sm17824183a12.11 - gsmtp"
2025-11-25 20:57:11 - 2: SERVER -> CLIENT: 354 Go ahead 41be03b00d2f7-bd75e4d3c86sm17824183a12.11 - gsmtp

2025-11-25 20:57:11 - 1: CLIENT -> SERVER: Date: Tue, 25 Nov 2025 20:57:08 +0100

2025-11-25 20:57:11 - 1: CLIENT -> SERVER: To: marjhonmatalog278@gmail.com

2025-11-25 20:57:11 - 1: CLIENT -> SERVER: From: Heart Of D Ocean Resort <mcpebrinehq@gmail.com>

2025-11-25 20:57:11 - 1: CLIENT -> SERVER: Reply-To: Heart Of D Ocean Resort <heartofdocean2005@yahoo.com>

2025-11-25 20:57:11 - 1: CLIENT -> SERVER: Subject: Booking CONFIRMED - Heart Of D Ocean Beach Resort

2025-11-25 20:57:11 - 1: CLIENT -> SERVER: Message-ID: <eRrT8FMACcUXWhe8ibeNR3gMVH8iTyEr3c4yUrok@localhost>

2025-11-25 20:57:11 - 1: CLIENT -> SERVER: X-Mailer: PHPMailer 7.0.0 (https://github.com/PHPMailer/PHPMailer)

2025-11-25 20:57:11 - 1: CLIENT -> SERVER: MIME-Version: 1.0

2025-11-25 20:57:11 - 1: CLIENT -> SERVER: Content-Type: multipart/alternative;

2025-11-25 20:57:11 - 1: CLIENT -> SERVER:  boundary="b1=_eRrT8FMACcUXWhe8ibeNR3gMVH8iTyEr3c4yUrok"

2025-11-25 20:57:11 - 1: CLIENT -> SERVER: Content-Transfer-Encoding: 8bit

2025-11-25 20:57:11 - 1: CLIENT -> SERVER: 

2025-11-25 20:57:11 - 1: CLIENT -> SERVER: --b1=_eRrT8FMACcUXWhe8ibeNR3gMVH8iTyEr3c4yUrok

2025-11-25 20:57:11 - 1: CLIENT -> SERVER: Content-Type: text/plain; charset=iso-8859-1

2025-11-25 20:57:11 - 1: CLIENT -> SERVER: Content-Transfer-Encoding: 8bit

2025-11-25 20:57:11 - 1: CLIENT -> SERVER: 

2025-11-25 20:57:11 - 1: CLIENT -> SERVER: 

2025-11-25 20:57:11 - 1: CLIENT -> SERVER:                     

2025-11-25 20:57:11 - 1: CLIENT -> SERVER:                     

2025-11-25 20:57:11 - 1: CLIENT -> SERVER:                         Booking Confirmed!

2025-11-25 20:57:11 - 1: CLIENT -> SERVER:                         Dear marjan,

2025-11-25 20:57:11 - 1: CLIENT -> SERVER:                         Great news! Your booking has been CONFIRMED!

2025-11-25 20:57:11 - 1: CLIENT -> SERVER:                         

2025-11-25 20:57:11 - 1: CLIENT -> SERVER:                         

2025-11-25 20:57:11 - 1: CLIENT -> SERVER:                             Booking Details:

2025-11-25 20:57:11 - 1: CLIENT -> SERVER:                             Booking ID: RESORT1764100606862

2025-11-25 20:57:11 - 1: CLIENT -> SERVER:                             Cottage: Aqua Class — ₱11,800

2025-11-25 20:57:11 - 1: CLIENT -> SERVER:                             Check-in Date: 2025-11-28

2025-11-25 20:57:11 - 1: CLIENT -> SERVER:                             Number of Guests: 4

2025-11-25 20:57:11 - 1: CLIENT -> SERVER:                             Status: CONFIRMED

2025-11-25 20:57:11 - 1: CLIENT -> SERVER:                         

2025-11-25 20:57:11 - 1: CLIENT -> SERVER:                         

2025-11-25 20:57:11 - 1: CLIENT -> SERVER:                         We're excited to welcome you to Heart Of D Ocean Beach Resort!

2025-11-25 20:57:11 - 1: CLIENT -> SERVER:                         If you have any questions, please contact us at heartofdocean2005@yahoo.com or call us.

2025-11-25 20:57:11 - 1: CLIENT -> SERVER:                         

2025-11-25 20:57:11 - 1: CLIENT -> SERVER:                         

2025-11-25 20:57:11 - 1: CLIENT -> SERVER:                         Best regards,The Heart Of D Ocean Team

2025-11-25 20:57:11 - 1: CLIENT -> SERVER:                     

2025-11-25 20:57:11 - 1: CLIENT -> SERVER:                     

2025-11-25 20:57:11 - 1: CLIENT -> SERVER:                     

2025-11-25 20:57:11 - 1: CLIENT -> SERVER: 

2025-11-25 20:57:11 - 1: CLIENT -> SERVER: --b1=_eRrT8FMACcUXWhe8ibeNR3gMVH8iTyEr3c4yUrok

2025-11-25 20:57:11 - 1: CLIENT -> SERVER: Content-Type: text/html; charset=iso-8859-1

2025-11-25 20:57:11 - 1: CLIENT -> SERVER: Content-Transfer-Encoding: 8bit

2025-11-25 20:57:11 - 1: CLIENT -> SERVER: 

2025-11-25 20:57:11 - 1: CLIENT -> SERVER: 

2025-11-25 20:57:11 - 1: CLIENT -> SERVER:                     <html>

2025-11-25 20:57:11 - 1: CLIENT -> SERVER:                     <body style='font-family: Arial, sans-serif; line-height: 1.6;'>

2025-11-25 20:57:11 - 1: CLIENT -> SERVER:                         <h2>Booking Confirmed!</h2>

2025-11-25 20:57:11 - 1: CLIENT -> SERVER:                         <p>Dear marjan,</p>

2025-11-25 20:57:11 - 1: CLIENT -> SERVER:                         <p>Great news! Your booking has been <strong style='color: #28a745;'>CONFIRMED</strong>!</p>

2025-11-25 20:57:11 - 1: CLIENT -> SERVER:                         

2025-11-25 20:57:11 - 1: CLIENT -> SERVER:                         <div style='background: #f8f9fa; padding: 20px; border-radius: 10px; margin: 20px 0;'>

2025-11-25 20:57:11 - 1: CLIENT -> SERVER:                             <h3>Booking Details:</h3>

2025-11-25 20:57:11 - 1: CLIENT -> SERVER:                             <p><strong>Booking ID:</strong> RESORT1764100606862</p>

2025-11-25 20:57:11 - 1: CLIENT -> SERVER:                             <p><strong>Cottage:</strong> Aqua Class — ₱11,800</p>

2025-11-25 20:57:11 - 1: CLIENT -> SERVER:                             <p><strong>Check-in Date:</strong> 2025-11-28</p>

2025-11-25 20:57:11 - 1: CLIENT -> SERVER:                             <p><strong>Number of Guests:</strong> 4</p>

2025-11-25 20:57:11 - 1: CLIENT -> SERVER:                             <p><strong>Status:</strong> <span style='color: #28a745; font-weight: bold;'>CONFIRMED</span></p>

2025-11-25 20:57:11 - 1: CLIENT -> SERVER:                         </div>

2025-11-25 20:57:11 - 1: CLIENT -> SERVER:                         

2025-11-25 20:57:11 - 1: CLIENT -> SERVER:                         <p>We're excited to welcome you to Heart Of D Ocean Beach Resort!</p>

2025-11-25 20:57:11 - 1: CLIENT -> SERVER:                         <p>If you have any questions, please contact us at heartofdocean2005@yahoo.com or call us.</p>

2025-11-25 20:57:11 - 1: CLIENT -> SERVER:                         

2025-11-25 20:57:11 - 1: CLIENT -> SERVER:                         <br>

2025-11-25 20:57:11 - 1: CLIENT -> SERVER:                         <p>Best regards,<br>The Heart Of D Ocean Team</p>

2025-11-25 20:57:11 - 1: CLIENT -> SERVER:                     </body>

2025-11-25 20:57:11 - 1: CLIENT -> SERVER:                     </html>

2025-11-25 20:57:11 - 1: CLIENT -> SERVER:                     

2025-11-25 20:57:11 - 1: CLIENT -> SERVER: 

2025-11-25 20:57:11 - 1: CLIENT -> SERVER: 

2025-11-25 20:57:11 - 1: CLIENT -> SERVER: --b1=_eRrT8FMACcUXWhe8ibeNR3gMVH8iTyEr3c4yUrok--

2025-11-25 20:57:11 - 1: CLIENT -> SERVER: 

2025-11-25 20:57:11 - 1: CLIENT -> SERVER: .

2025-11-25 20:57:12 - 4: SMTP INBOUND: "250 2.0.0 OK  1764100632 41be03b00d2f7-bd75e4d3c86sm17824183a12.11 - gsmtp"
2025-11-25 20:57:12 - 2: SERVER -> CLIENT: 250 2.0.0 OK  1764100632 41be03b00d2f7-bd75e4d3c86sm17824183a12.11 - gsmtp

2025-11-25 20:57:12 - 1: CLIENT -> SERVER: QUIT

2025-11-25 20:57:13 - 4: SMTP INBOUND: "221 2.0.0 closing connection 41be03b00d2f7-bd75e4d3c86sm17824183a12.11 - gsmtp"
2025-11-25 20:57:13 - 2: SERVER -> CLIENT: 221 2.0.0 closing connection 41be03b00d2f7-bd75e4d3c86sm17824183a12.11 - gsmtp

2025-11-25 20:57:13 - 3: Connection: closed
2025-11-25 21:09:50 - 3: Connection: opening to smtp.gmail.com:587, timeout=300, options=array()
2025-11-25 21:09:50 - 3: Connection: opened
2025-11-25 21:09:51 - 4: SMTP INBOUND: "220 smtp.gmail.com ESMTP d9443c01a7336-29b5b2bf63bsm173425225ad.100 - gsmtp"
2025-11-25 21:09:51 - 2: SERVER -> CLIENT: 220 smtp.gmail.com ESMTP d9443c01a7336-29b5b2bf63bsm173425225ad.100 - gsmtp

2025-11-25 21:09:51 - 1: CLIENT -> SERVER: EHLO localhost

2025-11-25 21:09:51 - 4: SMTP INBOUND: "250-smtp.gmail.com at your service, [158.62.4.229]"
2025-11-25 21:09:51 - 4: SMTP INBOUND: "250-SIZE 35882577"
2025-11-25 21:09:51 - 4: SMTP INBOUND: "250-8BITMIME"
2025-11-25 21:09:51 - 4: SMTP INBOUND: "250-STARTTLS"
2025-11-25 21:09:51 - 4: SMTP INBOUND: "250-ENHANCEDSTATUSCODES"
2025-11-25 21:09:51 - 4: SMTP INBOUND: "250-PIPELINING"
2025-11-25 21:09:51 - 4: SMTP INBOUND: "250-CHUNKING"
2025-11-25 21:09:51 - 4: SMTP INBOUND: "250 SMTPUTF8"
2025-11-25 21:09:51 - 2: SERVER -> CLIENT: 250-smtp.gmail.com at your service, [158.62.4.229]
250-SIZE 35882577
250-8BITMIME
250-STARTTLS
250-ENHANCEDSTATUSCODES
250-PIPELINING
250-CHUNKING
250 SMTPUTF8

2025-11-25 21:09:51 - 1: CLIENT -> SERVER: STARTTLS

2025-11-25 21:09:51 - 4: SMTP INBOUND: "220 2.0.0 Ready to start TLS"
2025-11-25 21:09:51 - 2: SERVER -> CLIENT: 220 2.0.0 Ready to start TLS

2025-11-25 21:09:51 - 1: CLIENT -> SERVER: EHLO localhost

2025-11-25 21:09:51 - 4: SMTP INBOUND: "250-smtp.gmail.com at your service, [158.62.4.229]"
2025-11-25 21:09:51 - 4: SMTP INBOUND: "250-SIZE 35882577"
2025-11-25 21:09:51 - 4: SMTP INBOUND: "250-8BITMIME"
2025-11-25 21:09:51 - 4: SMTP INBOUND: "250-AUTH LOGIN PLAIN XOAUTH2 PLAIN-CLIENTTOKEN OAUTHBEARER XOAUTH"
2025-11-25 21:09:51 - 4: SMTP INBOUND: "250-ENHANCEDSTATUSCODES"
2025-11-25 21:09:51 - 4: SMTP INBOUND: "250-PIPELINING"
2025-11-25 21:09:51 - 4: SMTP INBOUND: "250-CHUNKING"
2025-11-25 21:09:51 - 4: SMTP INBOUND: "250 SMTPUTF8"
2025-11-25 21:09:51 - 2: SERVER -> CLIENT: 250-smtp.gmail.com at your service, [158.62.4.229]
250-SIZE 35882577
250-8BITMIME
250-AUTH LOGIN PLAIN XOAUTH2 PLAIN-CLIENTTOKEN OAUTHBEARER XOAUTH
250-ENHANCEDSTATUSCODES
250-PIPELINING
250-CHUNKING
250 SMTPUTF8

2025-11-25 21:09:51 - 4: Auth method requested: UNSPECIFIED
2025-11-25 21:09:51 - 4: Auth methods available on the server: LOGIN,PLAIN,XOAUTH2,PLAIN-CLIENTTOKEN,OAUTHBEARER,XOAUTH
2025-11-25 21:09:51 - 4: Requested auth method not available: 
2025-11-25 21:09:51 - 4: Auth method selected: LOGIN
2025-11-25 21:09:51 - 1: CLIENT -> SERVER: AUTH LOGIN

2025-11-25 21:09:51 - 4: SMTP INBOUND: "334 VXNlcm5hbWU6"
2025-11-25 21:09:51 - 2: SERVER -> CLIENT: 334 VXNlcm5hbWU6

2025-11-25 21:09:51 - 1: CLIENT -> SERVER: bWNwZWJyaW5laHFAZ21haWwuY29t

2025-11-25 21:09:51 - 4: SMTP INBOUND: "334 UGFzc3dvcmQ6"
2025-11-25 21:09:51 - 2: SERVER -> CLIENT: 334 UGFzc3dvcmQ6

2025-11-25 21:09:51 - 1: CLIENT -> SERVER: ZHRkeHh4aGNtYXVvIGVlYnQ=

2025-11-25 21:09:52 - 4: SMTP INBOUND: "235 2.7.0 Accepted"
2025-11-25 21:09:52 - 2: SERVER -> CLIENT: 235 2.7.0 Accepted

2025-11-25 21:09:52 - 1: CLIENT -> SERVER: MAIL FROM:<mcpebrinehq@gmail.com>

2025-11-25 21:09:52 - 4: SMTP INBOUND: "250 2.1.0 OK d9443c01a7336-29b5b2bf63bsm173425225ad.100 - gsmtp"
2025-11-25 21:09:52 - 2: SERVER -> CLIENT: 250 2.1.0 OK d9443c01a7336-29b5b2bf63bsm173425225ad.100 - gsmtp

2025-11-25 21:09:52 - 1: CLIENT -> SERVER: RCPT TO:<marjhonmatalog278@gmail.com>

2025-11-25 21:09:52 - 4: SMTP INBOUND: "250 2.1.5 OK d9443c01a7336-29b5b2bf63bsm173425225ad.100 - gsmtp"
2025-11-25 21:09:52 - 2: SERVER -> CLIENT: 250 2.1.5 OK d9443c01a7336-29b5b2bf63bsm173425225ad.100 - gsmtp

2025-11-25 21:09:52 - 1: CLIENT -> SERVER: DATA

2025-11-25 21:09:52 - 4: SMTP INBOUND: "354 Go ahead d9443c01a7336-29b5b2bf63bsm173425225ad.100 - gsmtp"
2025-11-25 21:09:52 - 2: SERVER -> CLIENT: 354 Go ahead d9443c01a7336-29b5b2bf63bsm173425225ad.100 - gsmtp

2025-11-25 21:09:52 - 1: CLIENT -> SERVER: Date: Tue, 25 Nov 2025 21:09:50 +0100

2025-11-25 21:09:52 - 1: CLIENT -> SERVER: To: marjhonmatalog278@gmail.com

2025-11-25 21:09:52 - 1: CLIENT -> SERVER: From: Heart Of D Ocean Resort <mcpebrinehq@gmail.com>

2025-11-25 21:09:52 - 1: CLIENT -> SERVER: Reply-To: Heart Of D Ocean Resort <heartofdocean2005@yahoo.com>

2025-11-25 21:09:52 - 1: CLIENT -> SERVER: Subject: Booking Update - Heart Of D Ocean Beach Resort

2025-11-25 21:09:52 - 1: CLIENT -> SERVER: Message-ID: <0gcTib4X1rjnFM7P2qSgi7nNA2TyWTZH5rmPsqGMA@localhost>

2025-11-25 21:09:52 - 1: CLIENT -> SERVER: X-Mailer: PHPMailer 7.0.0 (https://github.com/PHPMailer/PHPMailer)

2025-11-25 21:09:52 - 1: CLIENT -> SERVER: MIME-Version: 1.0

2025-11-25 21:09:52 - 1: CLIENT -> SERVER: Content-Type: multipart/alternative;

2025-11-25 21:09:52 - 1: CLIENT -> SERVER:  boundary="b1=_0gcTib4X1rjnFM7P2qSgi7nNA2TyWTZH5rmPsqGMA"

2025-11-25 21:09:52 - 1: CLIENT -> SERVER: Content-Transfer-Encoding: 8bit

2025-11-25 21:09:52 - 1: CLIENT -> SERVER: 

2025-11-25 21:09:52 - 1: CLIENT -> SERVER: --b1=_0gcTib4X1rjnFM7P2qSgi7nNA2TyWTZH5rmPsqGMA

2025-11-25 21:09:52 - 1: CLIENT -> SERVER: Content-Type: text/plain; charset=iso-8859-1

2025-11-25 21:09:52 - 1: CLIENT -> SERVER: Content-Transfer-Encoding: 8bit

2025-11-25 21:09:52 - 1: CLIENT -> SERVER: 

2025-11-25 21:09:52 - 1: CLIENT -> SERVER: 

2025-11-25 21:09:52 - 1: CLIENT -> SERVER:                     

2025-11-25 21:09:52 - 1: CLIENT -> SERVER:                     

2025-11-25 21:09:52 - 1: CLIENT -> SERVER:                         Booking Status Update

2025-11-25 21:09:52 - 1: CLIENT -> SERVER:                         Dear Marjhon,

2025-11-25 21:09:52 - 1: CLIENT -> SERVER:                         Your booking status has been updated to: PENDING

2025-11-25 21:09:52 - 1: CLIENT -> SERVER:                         

2025-11-25 21:09:52 - 1: CLIENT -> SERVER:                         

2025-11-25 21:09:52 - 1: CLIENT -> SERVER:                             Booking Details:

2025-11-25 21:09:52 - 1: CLIENT -> SERVER:                             Booking ID: RESORT1764089053330

2025-11-25 21:09:52 - 1: CLIENT -> SERVER:                             Cottage: Seaside (Whole) — ₱6,800

2025-11-25 21:09:52 - 1: CLIENT -> SERVER:                             Check-in Date: 2025-12-02

2025-11-25 21:09:52 - 1: CLIENT -> SERVER:                             Status: PENDING

2025-11-25 21:09:52 - 1: CLIENT -> SERVER:                         

2025-11-25 21:09:52 - 1: CLIENT -> SERVER:                         

2025-11-25 21:09:52 - 1: CLIENT -> SERVER:                         Please contact us at heartofdocean2005@yahoo.com if you have any questions.

2025-11-25 21:09:52 - 1: CLIENT -> SERVER:                         

2025-11-25 21:09:52 - 1: CLIENT -> SERVER:                         

2025-11-25 21:09:52 - 1: CLIENT -> SERVER:                         Best regards,The Heart Of D Ocean Team

2025-11-25 21:09:52 - 1: CLIENT -> SERVER:                     

2025-11-25 21:09:52 - 1: CLIENT -> SERVER:                     

2025-11-25 21:09:52 - 1: CLIENT -> SERVER:                     

2025-11-25 21:09:52 - 1: CLIENT -> SERVER: 

2025-11-25 21:09:52 - 1: CLIENT -> SERVER: --b1=_0gcTib4X1rjnFM7P2qSgi7nNA2TyWTZH5rmPsqGMA

2025-11-25 21:09:52 - 1: CLIENT -> SERVER: Content-Type: text/html; charset=iso-8859-1

2025-11-25 21:09:52 - 1: CLIENT -> SERVER: Content-Transfer-Encoding: 8bit

2025-11-25 21:09:52 - 1: CLIENT -> SERVER: 

2025-11-25 21:09:52 - 1: CLIENT -> SERVER: 

2025-11-25 21:09:52 - 1: CLIENT -> SERVER:                     <html>

2025-11-25 21:09:52 - 1: CLIENT -> SERVER:                     <body style='font-family: Arial, sans-serif; line-height: 1.6;'>

2025-11-25 21:09:52 - 1: CLIENT -> SERVER:                         <h2>Booking Status Update</h2>

2025-11-25 21:09:52 - 1: CLIENT -> SERVER:                         <p>Dear Marjhon,</p>

2025-11-25 21:09:52 - 1: CLIENT -> SERVER:                         <p>Your booking status has been updated to: <strong>PENDING</strong></p>

2025-11-25 21:09:52 - 1: CLIENT -> SERVER:                         

2025-11-25 21:09:52 - 1: CLIENT -> SERVER:                         <div style='background: #f8f9fa; padding: 20px; border-radius: 10px; margin: 20px 0;'>

2025-11-25 21:09:52 - 1: CLIENT -> SERVER:                             <h3>Booking Details:</h3>

2025-11-25 21:09:52 - 1: CLIENT -> SERVER:                             <p><strong>Booking ID:</strong> RESORT1764089053330</p>

2025-11-25 21:09:52 - 1: CLIENT -> SERVER:                             <p><strong>Cottage:</strong> Seaside (Whole) — ₱6,800</p>

2025-11-25 21:09:52 - 1: CLIENT -> SERVER:                             <p><strong>Check-in Date:</strong> 2025-12-02</p>

2025-11-25 21:09:52 - 1: CLIENT -> SERVER:                             <p><strong>Status:</strong> PENDING</p>

2025-11-25 21:09:52 - 1: CLIENT -> SERVER:                         </div>

2025-11-25 21:09:52 - 1: CLIENT -> SERVER:                         

2025-11-25 21:09:52 - 1: CLIENT -> SERVER:                         <p>Please contact us at heartofdocean2005@yahoo.com if you have any questions.</p>

2025-11-25 21:09:52 - 1: CLIENT -> SERVER:                         

2025-11-25 21:09:52 - 1: CLIENT -> SERVER:                         <br>

2025-11-25 21:09:52 - 1: CLIENT -> SERVER:                         <p>Best regards,<br>The Heart Of D Ocean Team</p>

2025-11-25 21:09:52 - 1: CLIENT -> SERVER:                     </body>

2025-11-25 21:09:52 - 1: CLIENT -> SERVER:                     </html>

2025-11-25 21:09:52 - 1: CLIENT -> SERVER:                     

2025-11-25 21:09:52 - 1: CLIENT -> SERVER: 

2025-11-25 21:09:52 - 1: CLIENT -> SERVER: 

2025-11-25 21:09:52 - 1: CLIENT -> SERVER: --b1=_0gcTib4X1rjnFM7P2qSgi7nNA2TyWTZH5rmPsqGMA--

2025-11-25 21:09:52 - 1: CLIENT -> SERVER: 

2025-11-25 21:09:52 - 1: CLIENT -> SERVER: .

2025-11-25 21:09:53 - 4: SMTP INBOUND: "250 2.0.0 OK  1764101392 d9443c01a7336-29b5b2bf63bsm173425225ad.100 - gsmtp"
2025-11-25 21:09:53 - 2: SERVER -> CLIENT: 250 2.0.0 OK  1764101392 d9443c01a7336-29b5b2bf63bsm173425225ad.100 - gsmtp

2025-11-25 21:09:53 - 1: CLIENT -> SERVER: QUIT

2025-11-25 21:09:53 - 4: SMTP INBOUND: "221 2.0.0 closing connection d9443c01a7336-29b5b2bf63bsm173425225ad.100 - gsmtp"
2025-11-25 21:09:53 - 2: SERVER -> CLIENT: 221 2.0.0 closing connection d9443c01a7336-29b5b2bf63bsm173425225ad.100 - gsmtp

2025-11-25 21:09:53 - 3: Connection: closed
2025-11-25 21:10:06 - 3: Connection: opening to smtp.gmail.com:587, timeout=300, options=array()
2025-11-25 21:10:06 - 3: Connection: opened
2025-11-25 21:10:06 - 4: SMTP INBOUND: "220 smtp.gmail.com ESMTP d9443c01a7336-29b5b2ae395sm176069895ad.95 - gsmtp"
2025-11-25 21:10:06 - 2: SERVER -> CLIENT: 220 smtp.gmail.com ESMTP d9443c01a7336-29b5b2ae395sm176069895ad.95 - gsmtp

2025-11-25 21:10:06 - 1: CLIENT -> SERVER: EHLO localhost

2025-11-25 21:10:06 - 4: SMTP INBOUND: "250-smtp.gmail.com at your service, [158.62.4.229]"
2025-11-25 21:10:06 - 4: SMTP INBOUND: "250-SIZE 35882577"
2025-11-25 21:10:06 - 4: SMTP INBOUND: "250-8BITMIME"
2025-11-25 21:10:06 - 4: SMTP INBOUND: "250-STARTTLS"
2025-11-25 21:10:06 - 4: SMTP INBOUND: "250-ENHANCEDSTATUSCODES"
2025-11-25 21:10:06 - 4: SMTP INBOUND: "250-PIPELINING"
2025-11-25 21:10:06 - 4: SMTP INBOUND: "250-CHUNKING"
2025-11-25 21:10:06 - 4: SMTP INBOUND: "250 SMTPUTF8"
2025-11-25 21:10:06 - 2: SERVER -> CLIENT: 250-smtp.gmail.com at your service, [158.62.4.229]
250-SIZE 35882577
250-8BITMIME
250-STARTTLS
250-ENHANCEDSTATUSCODES
250-PIPELINING
250-CHUNKING
250 SMTPUTF8

2025-11-25 21:10:06 - 1: CLIENT -> SERVER: STARTTLS

2025-11-25 21:10:07 - 4: SMTP INBOUND: "220 2.0.0 Ready to start TLS"
2025-11-25 21:10:07 - 2: SERVER -> CLIENT: 220 2.0.0 Ready to start TLS

2025-11-25 21:10:07 - 1: CLIENT -> SERVER: EHLO localhost

2025-11-25 21:10:07 - 4: SMTP INBOUND: "250-smtp.gmail.com at your service, [158.62.4.229]"
2025-11-25 21:10:07 - 4: SMTP INBOUND: "250-SIZE 35882577"
2025-11-25 21:10:07 - 4: SMTP INBOUND: "250-8BITMIME"
2025-11-25 21:10:07 - 4: SMTP INBOUND: "250-AUTH LOGIN PLAIN XOAUTH2 PLAIN-CLIENTTOKEN OAUTHBEARER XOAUTH"
2025-11-25 21:10:07 - 4: SMTP INBOUND: "250-ENHANCEDSTATUSCODES"
2025-11-25 21:10:07 - 4: SMTP INBOUND: "250-PIPELINING"
2025-11-25 21:10:07 - 4: SMTP INBOUND: "250-CHUNKING"
2025-11-25 21:10:07 - 4: SMTP INBOUND: "250 SMTPUTF8"
2025-11-25 21:10:07 - 2: SERVER -> CLIENT: 250-smtp.gmail.com at your service, [158.62.4.229]
250-SIZE 35882577
250-8BITMIME
250-AUTH LOGIN PLAIN XOAUTH2 PLAIN-CLIENTTOKEN OAUTHBEARER XOAUTH
250-ENHANCEDSTATUSCODES
250-PIPELINING
250-CHUNKING
250 SMTPUTF8

2025-11-25 21:10:07 - 4: Auth method requested: UNSPECIFIED
2025-11-25 21:10:07 - 4: Auth methods available on the server: LOGIN,PLAIN,XOAUTH2,PLAIN-CLIENTTOKEN,OAUTHBEARER,XOAUTH
2025-11-25 21:10:07 - 4: Requested auth method not available: 
2025-11-25 21:10:07 - 4: Auth method selected: LOGIN
2025-11-25 21:10:07 - 1: CLIENT -> SERVER: AUTH LOGIN

2025-11-25 21:10:07 - 4: SMTP INBOUND: "334 VXNlcm5hbWU6"
2025-11-25 21:10:07 - 2: SERVER -> CLIENT: 334 VXNlcm5hbWU6

2025-11-25 21:10:07 - 1: CLIENT -> SERVER: bWNwZWJyaW5laHFAZ21haWwuY29t

2025-11-25 21:10:07 - 4: SMTP INBOUND: "334 UGFzc3dvcmQ6"
2025-11-25 21:10:07 - 2: SERVER -> CLIENT: 334 UGFzc3dvcmQ6

2025-11-25 21:10:07 - 1: CLIENT -> SERVER: ZHRkeHh4aGNtYXVvIGVlYnQ=

2025-11-25 21:10:08 - 4: SMTP INBOUND: "235 2.7.0 Accepted"
2025-11-25 21:10:08 - 2: SERVER -> CLIENT: 235 2.7.0 Accepted

2025-11-25 21:10:08 - 1: CLIENT -> SERVER: MAIL FROM:<mcpebrinehq@gmail.com>

2025-11-25 21:10:08 - 4: SMTP INBOUND: "250 2.1.0 OK d9443c01a7336-29b5b2ae395sm176069895ad.95 - gsmtp"
2025-11-25 21:10:08 - 2: SERVER -> CLIENT: 250 2.1.0 OK d9443c01a7336-29b5b2ae395sm176069895ad.95 - gsmtp

2025-11-25 21:10:08 - 1: CLIENT -> SERVER: RCPT TO:<marjhonmatalog278@gmail.com>

2025-11-25 21:10:08 - 4: SMTP INBOUND: "250 2.1.5 OK d9443c01a7336-29b5b2ae395sm176069895ad.95 - gsmtp"
2025-11-25 21:10:08 - 2: SERVER -> CLIENT: 250 2.1.5 OK d9443c01a7336-29b5b2ae395sm176069895ad.95 - gsmtp

2025-11-25 21:10:08 - 1: CLIENT -> SERVER: DATA

2025-11-25 21:10:08 - 4: SMTP INBOUND: "354 Go ahead d9443c01a7336-29b5b2ae395sm176069895ad.95 - gsmtp"
2025-11-25 21:10:08 - 2: SERVER -> CLIENT: 354 Go ahead d9443c01a7336-29b5b2ae395sm176069895ad.95 - gsmtp

2025-11-25 21:10:08 - 1: CLIENT -> SERVER: Date: Tue, 25 Nov 2025 21:10:06 +0100

2025-11-25 21:10:08 - 1: CLIENT -> SERVER: To: marjhonmatalog278@gmail.com

2025-11-25 21:10:08 - 1: CLIENT -> SERVER: From: Heart Of D Ocean Resort <mcpebrinehq@gmail.com>

2025-11-25 21:10:08 - 1: CLIENT -> SERVER: Reply-To: Heart Of D Ocean Resort <heartofdocean2005@yahoo.com>

2025-11-25 21:10:08 - 1: CLIENT -> SERVER: Subject: Booking CONFIRMED - Heart Of D Ocean Beach Resort

2025-11-25 21:10:08 - 1: CLIENT -> SERVER: Message-ID: <2o2wSOCvho9Yb96ZBWmNXdQlyFZ9ZBmu6I5Y8XB5uzo@localhost>

2025-11-25 21:10:08 - 1: CLIENT -> SERVER: X-Mailer: PHPMailer 7.0.0 (https://github.com/PHPMailer/PHPMailer)

2025-11-25 21:10:08 - 1: CLIENT -> SERVER: MIME-Version: 1.0

2025-11-25 21:10:08 - 1: CLIENT -> SERVER: Content-Type: multipart/alternative;

2025-11-25 21:10:08 - 1: CLIENT -> SERVER:  boundary="b1=_2o2wSOCvho9Yb96ZBWmNXdQlyFZ9ZBmu6I5Y8XB5uzo"

2025-11-25 21:10:08 - 1: CLIENT -> SERVER: Content-Transfer-Encoding: 8bit

2025-11-25 21:10:08 - 1: CLIENT -> SERVER: 

2025-11-25 21:10:08 - 1: CLIENT -> SERVER: --b1=_2o2wSOCvho9Yb96ZBWmNXdQlyFZ9ZBmu6I5Y8XB5uzo

2025-11-25 21:10:08 - 1: CLIENT -> SERVER: Content-Type: text/plain; charset=iso-8859-1

2025-11-25 21:10:08 - 1: CLIENT -> SERVER: Content-Transfer-Encoding: 8bit

2025-11-25 21:10:08 - 1: CLIENT -> SERVER: 

2025-11-25 21:10:08 - 1: CLIENT -> SERVER: 

2025-11-25 21:10:08 - 1: CLIENT -> SERVER:                     

2025-11-25 21:10:08 - 1: CLIENT -> SERVER:                     

2025-11-25 21:10:08 - 1: CLIENT -> SERVER:                         Booking Confirmed!

2025-11-25 21:10:08 - 1: CLIENT -> SERVER:                         Dear Marjhon,

2025-11-25 21:10:08 - 1: CLIENT -> SERVER:                         Great news! Your booking has been CONFIRMED!

2025-11-25 21:10:08 - 1: CLIENT -> SERVER:                         

2025-11-25 21:10:08 - 1: CLIENT -> SERVER:                         

2025-11-25 21:10:08 - 1: CLIENT -> SERVER:                             Booking Details:

2025-11-25 21:10:08 - 1: CLIENT -> SERVER:                             Booking ID: RESORT1764089053330

2025-11-25 21:10:08 - 1: CLIENT -> SERVER:                             Cottage: Seaside (Whole) — ₱6,800

2025-11-25 21:10:08 - 1: CLIENT -> SERVER:                             Check-in Date: 2025-12-02

2025-11-25 21:10:08 - 1: CLIENT -> SERVER:                             Number of Guests: 2

2025-11-25 21:10:08 - 1: CLIENT -> SERVER:                             Status: CONFIRMED

2025-11-25 21:10:08 - 1: CLIENT -> SERVER:                         

2025-11-25 21:10:08 - 1: CLIENT -> SERVER:                         

2025-11-25 21:10:08 - 1: CLIENT -> SERVER:                         We're excited to welcome you to Heart Of D Ocean Beach Resort!

2025-11-25 21:10:08 - 1: CLIENT -> SERVER:                         If you have any questions, please contact us at heartofdocean2005@yahoo.com or call us.

2025-11-25 21:10:08 - 1: CLIENT -> SERVER:                         

2025-11-25 21:10:08 - 1: CLIENT -> SERVER:                         

2025-11-25 21:10:08 - 1: CLIENT -> SERVER:                         Best regards,The Heart Of D Ocean Team

2025-11-25 21:10:08 - 1: CLIENT -> SERVER:                     

2025-11-25 21:10:08 - 1: CLIENT -> SERVER:                     

2025-11-25 21:10:08 - 1: CLIENT -> SERVER:                     

2025-11-25 21:10:08 - 1: CLIENT -> SERVER: 

2025-11-25 21:10:08 - 1: CLIENT -> SERVER: --b1=_2o2wSOCvho9Yb96ZBWmNXdQlyFZ9ZBmu6I5Y8XB5uzo

2025-11-25 21:10:08 - 1: CLIENT -> SERVER: Content-Type: text/html; charset=iso-8859-1

2025-11-25 21:10:08 - 1: CLIENT -> SERVER: Content-Transfer-Encoding: 8bit

2025-11-25 21:10:08 - 1: CLIENT -> SERVER: 

2025-11-25 21:10:08 - 1: CLIENT -> SERVER: 

2025-11-25 21:10:08 - 1: CLIENT -> SERVER:                     <html>

2025-11-25 21:10:08 - 1: CLIENT -> SERVER:                     <body style='font-family: Arial, sans-serif; line-height: 1.6;'>

2025-11-25 21:10:08 - 1: CLIENT -> SERVER:                         <h2>Booking Confirmed!</h2>

2025-11-25 21:10:08 - 1: CLIENT -> SERVER:                         <p>Dear Marjhon,</p>

2025-11-25 21:10:08 - 1: CLIENT -> SERVER:                         <p>Great news! Your booking has been <strong style='color: #28a745;'>CONFIRMED</strong>!</p>

2025-11-25 21:10:08 - 1: CLIENT -> SERVER:                         

2025-11-25 21:10:08 - 1: CLIENT -> SERVER:                         <div style='background: #f8f9fa; padding: 20px; border-radius: 10px; margin: 20px 0;'>

2025-11-25 21:10:08 - 1: CLIENT -> SERVER:                             <h3>Booking Details:</h3>

2025-11-25 21:10:08 - 1: CLIENT -> SERVER:                             <p><strong>Booking ID:</strong> RESORT1764089053330</p>

2025-11-25 21:10:08 - 1: CLIENT -> SERVER:                             <p><strong>Cottage:</strong> Seaside (Whole) — ₱6,800</p>

2025-11-25 21:10:08 - 1: CLIENT -> SERVER:                             <p><strong>Check-in Date:</strong> 2025-12-02</p>

2025-11-25 21:10:08 - 1: CLIENT -> SERVER:                             <p><strong>Number of Guests:</strong> 2</p>

2025-11-25 21:10:08 - 1: CLIENT -> SERVER:                             <p><strong>Status:</strong> <span style='color: #28a745; font-weight: bold;'>CONFIRMED</span></p>

2025-11-25 21:10:08 - 1: CLIENT -> SERVER:                         </div>

2025-11-25 21:10:08 - 1: CLIENT -> SERVER:                         

2025-11-25 21:10:08 - 1: CLIENT -> SERVER:                         <p>We're excited to welcome you to Heart Of D Ocean Beach Resort!</p>

2025-11-25 21:10:08 - 1: CLIENT -> SERVER:                         <p>If you have any questions, please contact us at heartofdocean2005@yahoo.com or call us.</p>

2025-11-25 21:10:08 - 1: CLIENT -> SERVER:                         

2025-11-25 21:10:08 - 1: CLIENT -> SERVER:                         <br>

2025-11-25 21:10:08 - 1: CLIENT -> SERVER:                         <p>Best regards,<br>The Heart Of D Ocean Team</p>

2025-11-25 21:10:08 - 1: CLIENT -> SERVER:                     </body>

2025-11-25 21:10:08 - 1: CLIENT -> SERVER:                     </html>

2025-11-25 21:10:08 - 1: CLIENT -> SERVER:                     

2025-11-25 21:10:08 - 1: CLIENT -> SERVER: 

2025-11-25 21:10:08 - 1: CLIENT -> SERVER: 

2025-11-25 21:10:08 - 1: CLIENT -> SERVER: --b1=_2o2wSOCvho9Yb96ZBWmNXdQlyFZ9ZBmu6I5Y8XB5uzo--

2025-11-25 21:10:08 - 1: CLIENT -> SERVER: 

2025-11-25 21:10:08 - 1: CLIENT -> SERVER: .

2025-11-25 21:10:09 - 4: SMTP INBOUND: "250 2.0.0 OK  1764101408 d9443c01a7336-29b5b2ae395sm176069895ad.95 - gsmtp"
2025-11-25 21:10:09 - 2: SERVER -> CLIENT: 250 2.0.0 OK  1764101408 d9443c01a7336-29b5b2ae395sm176069895ad.95 - gsmtp

2025-11-25 21:10:09 - 1: CLIENT -> SERVER: QUIT

2025-11-25 21:10:09 - 4: SMTP INBOUND: "221 2.0.0 closing connection d9443c01a7336-29b5b2ae395sm176069895ad.95 - gsmtp"
2025-11-25 21:10:09 - 2: SERVER -> CLIENT: 221 2.0.0 closing connection d9443c01a7336-29b5b2ae395sm176069895ad.95 - gsmtp

2025-11-25 21:10:09 - 3: Connection: closed
2025-11-25 21:26:42 - 3: Connection: opening to smtp.gmail.com:587, timeout=300, options=array()
2025-11-25 21:26:42 - 3: Connection: opened
2025-11-25 21:26:42 - 4: SMTP INBOUND: "220 smtp.gmail.com ESMTP d9443c01a7336-29b5b2ada18sm176289935ad.90 - gsmtp"
2025-11-25 21:26:42 - 2: SERVER -> CLIENT: 220 smtp.gmail.com ESMTP d9443c01a7336-29b5b2ada18sm176289935ad.90 - gsmtp

2025-11-25 21:26:42 - 1: CLIENT -> SERVER: EHLO localhost

2025-11-25 21:26:42 - 4: SMTP INBOUND: "250-smtp.gmail.com at your service, [158.62.4.229]"
2025-11-25 21:26:42 - 4: SMTP INBOUND: "250-SIZE 35882577"
2025-11-25 21:26:42 - 4: SMTP INBOUND: "250-8BITMIME"
2025-11-25 21:26:42 - 4: SMTP INBOUND: "250-STARTTLS"
2025-11-25 21:26:42 - 4: SMTP INBOUND: "250-ENHANCEDSTATUSCODES"
2025-11-25 21:26:42 - 4: SMTP INBOUND: "250-PIPELINING"
2025-11-25 21:26:42 - 4: SMTP INBOUND: "250-CHUNKING"
2025-11-25 21:26:42 - 4: SMTP INBOUND: "250 SMTPUTF8"
2025-11-25 21:26:42 - 2: SERVER -> CLIENT: 250-smtp.gmail.com at your service, [158.62.4.229]
250-SIZE 35882577
250-8BITMIME
250-STARTTLS
250-ENHANCEDSTATUSCODES
250-PIPELINING
250-CHUNKING
250 SMTPUTF8

2025-11-25 21:26:42 - 1: CLIENT -> SERVER: STARTTLS

2025-11-25 21:26:43 - 4: SMTP INBOUND: "220 2.0.0 Ready to start TLS"
2025-11-25 21:26:43 - 2: SERVER -> CLIENT: 220 2.0.0 Ready to start TLS

2025-11-25 21:26:43 - 1: CLIENT -> SERVER: EHLO localhost

2025-11-25 21:26:43 - 4: SMTP INBOUND: "250-smtp.gmail.com at your service, [158.62.4.229]"
2025-11-25 21:26:43 - 4: SMTP INBOUND: "250-SIZE 35882577"
2025-11-25 21:26:43 - 4: SMTP INBOUND: "250-8BITMIME"
2025-11-25 21:26:43 - 4: SMTP INBOUND: "250-AUTH LOGIN PLAIN XOAUTH2 PLAIN-CLIENTTOKEN OAUTHBEARER XOAUTH"
2025-11-25 21:26:43 - 4: SMTP INBOUND: "250-ENHANCEDSTATUSCODES"
2025-11-25 21:26:43 - 4: SMTP INBOUND: "250-PIPELINING"
2025-11-25 21:26:43 - 4: SMTP INBOUND: "250-CHUNKING"
2025-11-25 21:26:43 - 4: SMTP INBOUND: "250 SMTPUTF8"
2025-11-25 21:26:43 - 2: SERVER -> CLIENT: 250-smtp.gmail.com at your service, [158.62.4.229]
250-SIZE 35882577
250-8BITMIME
250-AUTH LOGIN PLAIN XOAUTH2 PLAIN-CLIENTTOKEN OAUTHBEARER XOAUTH
250-ENHANCEDSTATUSCODES
250-PIPELINING
250-CHUNKING
250 SMTPUTF8

2025-11-25 21:26:43 - 4: Auth method requested: UNSPECIFIED
2025-11-25 21:26:43 - 4: Auth methods available on the server: LOGIN,PLAIN,XOAUTH2,PLAIN-CLIENTTOKEN,OAUTHBEARER,XOAUTH
2025-11-25 21:26:43 - 4: Requested auth method not available: 
2025-11-25 21:26:43 - 4: Auth method selected: LOGIN
2025-11-25 21:26:43 - 1: CLIENT -> SERVER: AUTH LOGIN

2025-11-25 21:26:43 - 4: SMTP INBOUND: "334 VXNlcm5hbWU6"
2025-11-25 21:26:43 - 2: SERVER -> CLIENT: 334 VXNlcm5hbWU6

2025-11-25 21:26:43 - 1: CLIENT -> SERVER: bWNwZWJyaW5laHFAZ21haWwuY29t

2025-11-25 21:26:43 - 4: SMTP INBOUND: "334 UGFzc3dvcmQ6"
2025-11-25 21:26:43 - 2: SERVER -> CLIENT: 334 UGFzc3dvcmQ6

2025-11-25 21:26:43 - 1: CLIENT -> SERVER: ZHRkeHh4aGNtYXVvIGVlYnQ=

2025-11-25 21:26:44 - 4: SMTP INBOUND: "235 2.7.0 Accepted"
2025-11-25 21:26:44 - 2: SERVER -> CLIENT: 235 2.7.0 Accepted

2025-11-25 21:26:44 - 1: CLIENT -> SERVER: MAIL FROM:<mcpebrinehq@gmail.com>

2025-11-25 21:26:44 - 4: SMTP INBOUND: "250 2.1.0 OK d9443c01a7336-29b5b2ada18sm176289935ad.90 - gsmtp"
2025-11-25 21:26:44 - 2: SERVER -> CLIENT: 250 2.1.0 OK d9443c01a7336-29b5b2ada18sm176289935ad.90 - gsmtp

2025-11-25 21:26:44 - 1: CLIENT -> SERVER: RCPT TO:<marjhonmatalog278@gmail.com>

2025-11-25 21:26:44 - 4: SMTP INBOUND: "250 2.1.5 OK d9443c01a7336-29b5b2ada18sm176289935ad.90 - gsmtp"
2025-11-25 21:26:44 - 2: SERVER -> CLIENT: 250 2.1.5 OK d9443c01a7336-29b5b2ada18sm176289935ad.90 - gsmtp

2025-11-25 21:26:44 - 1: CLIENT -> SERVER: DATA

2025-11-25 21:26:44 - 4: SMTP INBOUND: "354 Go ahead d9443c01a7336-29b5b2ada18sm176289935ad.90 - gsmtp"
2025-11-25 21:26:44 - 2: SERVER -> CLIENT: 354 Go ahead d9443c01a7336-29b5b2ada18sm176289935ad.90 - gsmtp

2025-11-25 21:26:44 - 1: CLIENT -> SERVER: Date: Tue, 25 Nov 2025 21:26:42 +0100

2025-11-25 21:26:44 - 1: CLIENT -> SERVER: To: marjhonmatalog278@gmail.com

2025-11-25 21:26:44 - 1: CLIENT -> SERVER: From: Heart Of D Ocean Resort <mcpebrinehq@gmail.com>

2025-11-25 21:26:44 - 1: CLIENT -> SERVER: Reply-To: Heart Of D Ocean Resort <heartofdocean2005@yahoo.com>

2025-11-25 21:26:44 - 1: CLIENT -> SERVER: Subject: Booking CONFIRMED - Heart Of D Ocean Beach Resort

2025-11-25 21:26:44 - 1: CLIENT -> SERVER: Message-ID: <6VbthRGbXFRM44iSgI4oZAJkHLnQ8MYw65fLpvnvneA@localhost>

2025-11-25 21:26:44 - 1: CLIENT -> SERVER: X-Mailer: PHPMailer 7.0.0 (https://github.com/PHPMailer/PHPMailer)

2025-11-25 21:26:44 - 1: CLIENT -> SERVER: MIME-Version: 1.0

2025-11-25 21:26:44 - 1: CLIENT -> SERVER: Content-Type: multipart/alternative;

2025-11-25 21:26:44 - 1: CLIENT -> SERVER:  boundary="b1=_6VbthRGbXFRM44iSgI4oZAJkHLnQ8MYw65fLpvnvneA"

2025-11-25 21:26:44 - 1: CLIENT -> SERVER: Content-Transfer-Encoding: 8bit

2025-11-25 21:26:44 - 1: CLIENT -> SERVER: 

2025-11-25 21:26:44 - 1: CLIENT -> SERVER: --b1=_6VbthRGbXFRM44iSgI4oZAJkHLnQ8MYw65fLpvnvneA

2025-11-25 21:26:44 - 1: CLIENT -> SERVER: Content-Type: text/plain; charset=iso-8859-1

2025-11-25 21:26:44 - 1: CLIENT -> SERVER: Content-Transfer-Encoding: 8bit

2025-11-25 21:26:44 - 1: CLIENT -> SERVER: 

2025-11-25 21:26:44 - 1: CLIENT -> SERVER: 

2025-11-25 21:26:44 - 1: CLIENT -> SERVER:                     

2025-11-25 21:26:44 - 1: CLIENT -> SERVER:                     

2025-11-25 21:26:44 - 1: CLIENT -> SERVER:                         Booking Confirmed!

2025-11-25 21:26:44 - 1: CLIENT -> SERVER:                         Dear Marjhon,

2025-11-25 21:26:44 - 1: CLIENT -> SERVER:                         Great news! Your booking has been CONFIRMED!

2025-11-25 21:26:44 - 1: CLIENT -> SERVER:                         

2025-11-25 21:26:44 - 1: CLIENT -> SERVER:                         

2025-11-25 21:26:44 - 1: CLIENT -> SERVER:                             Booking Details:

2025-11-25 21:26:44 - 1: CLIENT -> SERVER:                             Booking ID: RESORT1763660941663

2025-11-25 21:26:44 - 1: CLIENT -> SERVER:                             Cottage: White House — ₱30,000

2025-11-25 21:26:44 - 1: CLIENT -> SERVER:                             Check-in Date: 2025-11-02

2025-11-25 21:26:44 - 1: CLIENT -> SERVER:                             Number of Guests: 2

2025-11-25 21:26:44 - 1: CLIENT -> SERVER:                             Status: CONFIRMED

2025-11-25 21:26:44 - 1: CLIENT -> SERVER:                         

2025-11-25 21:26:44 - 1: CLIENT -> SERVER:                         

2025-11-25 21:26:44 - 1: CLIENT -> SERVER:                         We're excited to welcome you to Heart Of D Ocean Beach Resort!

2025-11-25 21:26:44 - 1: CLIENT -> SERVER:                         If you have any questions, please contact us at heartofdocean2005@yahoo.com or call us.

2025-11-25 21:26:44 - 1: CLIENT -> SERVER:                         

2025-11-25 21:26:44 - 1: CLIENT -> SERVER:                         

2025-11-25 21:26:44 - 1: CLIENT -> SERVER:                         Best regards,The Heart Of D Ocean Team

2025-11-25 21:26:44 - 1: CLIENT -> SERVER:                     

2025-11-25 21:26:44 - 1: CLIENT -> SERVER:                     

2025-11-25 21:26:44 - 1: CLIENT -> SERVER:                     

2025-11-25 21:26:44 - 1: CLIENT -> SERVER: 

2025-11-25 21:26:44 - 1: CLIENT -> SERVER: --b1=_6VbthRGbXFRM44iSgI4oZAJkHLnQ8MYw65fLpvnvneA

2025-11-25 21:26:44 - 1: CLIENT -> SERVER: Content-Type: text/html; charset=iso-8859-1

2025-11-25 21:26:44 - 1: CLIENT -> SERVER: Content-Transfer-Encoding: 8bit

2025-11-25 21:26:44 - 1: CLIENT -> SERVER: 

2025-11-25 21:26:44 - 1: CLIENT -> SERVER: 

2025-11-25 21:26:44 - 1: CLIENT -> SERVER:                     <html>

2025-11-25 21:26:44 - 1: CLIENT -> SERVER:                     <body style='font-family: Arial, sans-serif; line-height: 1.6;'>

2025-11-25 21:26:44 - 1: CLIENT -> SERVER:                         <h2>Booking Confirmed!</h2>

2025-11-25 21:26:44 - 1: CLIENT -> SERVER:                         <p>Dear Marjhon,</p>

2025-11-25 21:26:44 - 1: CLIENT -> SERVER:                         <p>Great news! Your booking has been <strong style='color: #28a745;'>CONFIRMED</strong>!</p>

2025-11-25 21:26:44 - 1: CLIENT -> SERVER:                         

2025-11-25 21:26:44 - 1: CLIENT -> SERVER:                         <div style='background: #f8f9fa; padding: 20px; border-radius: 10px; margin: 20px 0;'>

2025-11-25 21:26:44 - 1: CLIENT -> SERVER:                             <h3>Booking Details:</h3>

2025-11-25 21:26:44 - 1: CLIENT -> SERVER:                             <p><strong>Booking ID:</strong> RESORT1763660941663</p>

2025-11-25 21:26:44 - 1: CLIENT -> SERVER:                             <p><strong>Cottage:</strong> White House — ₱30,000</p>

2025-11-25 21:26:44 - 1: CLIENT -> SERVER:                             <p><strong>Check-in Date:</strong> 2025-11-02</p>

2025-11-25 21:26:44 - 1: CLIENT -> SERVER:                             <p><strong>Number of Guests:</strong> 2</p>

2025-11-25 21:26:44 - 1: CLIENT -> SERVER:                             <p><strong>Status:</strong> <span style='color: #28a745; font-weight: bold;'>CONFIRMED</span></p>

2025-11-25 21:26:44 - 1: CLIENT -> SERVER:                         </div>

2025-11-25 21:26:44 - 1: CLIENT -> SERVER:                         

2025-11-25 21:26:44 - 1: CLIENT -> SERVER:                         <p>We're excited to welcome you to Heart Of D Ocean Beach Resort!</p>

2025-11-25 21:26:44 - 1: CLIENT -> SERVER:                         <p>If you have any questions, please contact us at heartofdocean2005@yahoo.com or call us.</p>

2025-11-25 21:26:44 - 1: CLIENT -> SERVER:                         

2025-11-25 21:26:44 - 1: CLIENT -> SERVER:                         <br>

2025-11-25 21:26:44 - 1: CLIENT -> SERVER:                         <p>Best regards,<br>The Heart Of D Ocean Team</p>

2025-11-25 21:26:44 - 1: CLIENT -> SERVER:                     </body>

2025-11-25 21:26:44 - 1: CLIENT -> SERVER:                     </html>

2025-11-25 21:26:44 - 1: CLIENT -> SERVER:                     

2025-11-25 21:26:44 - 1: CLIENT -> SERVER: 

2025-11-25 21:26:44 - 1: CLIENT -> SERVER: 

2025-11-25 21:26:44 - 1: CLIENT -> SERVER: --b1=_6VbthRGbXFRM44iSgI4oZAJkHLnQ8MYw65fLpvnvneA--

2025-11-25 21:26:44 - 1: CLIENT -> SERVER: 

2025-11-25 21:26:44 - 1: CLIENT -> SERVER: .

2025-11-25 21:26:45 - 4: SMTP INBOUND: "250 2.0.0 OK  1764102404 d9443c01a7336-29b5b2ada18sm176289935ad.90 - gsmtp"
2025-11-25 21:26:45 - 2: SERVER -> CLIENT: 250 2.0.0 OK  1764102404 d9443c01a7336-29b5b2ada18sm176289935ad.90 - gsmtp

2025-11-25 21:26:45 - 1: CLIENT -> SERVER: QUIT

2025-11-25 21:26:45 - 4: SMTP INBOUND: "221 2.0.0 closing connection d9443c01a7336-29b5b2ada18sm176289935ad.90 - gsmtp"
2025-11-25 21:26:45 - 2: SERVER -> CLIENT: 221 2.0.0 closing connection d9443c01a7336-29b5b2ada18sm176289935ad.90 - gsmtp

2025-11-25 21:26:45 - 3: Connection: closed
2025-11-25 21:26:45 - 3: Connection: opening to smtp.gmail.com:587, timeout=300, options=array()
2025-11-25 21:26:45 - 3: Connection: opened
2025-11-25 21:26:46 - 4: SMTP INBOUND: "220 smtp.gmail.com ESMTP 98e67ed59e1d1-3476a7a5d4asm247060a91.11 - gsmtp"
2025-11-25 21:26:46 - 2: SERVER -> CLIENT: 220 smtp.gmail.com ESMTP 98e67ed59e1d1-3476a7a5d4asm247060a91.11 - gsmtp

2025-11-25 21:26:46 - 1: CLIENT -> SERVER: EHLO localhost

2025-11-25 21:26:46 - 4: SMTP INBOUND: "250-smtp.gmail.com at your service, [158.62.4.229]"
2025-11-25 21:26:46 - 4: SMTP INBOUND: "250-SIZE 35882577"
2025-11-25 21:26:46 - 4: SMTP INBOUND: "250-8BITMIME"
2025-11-25 21:26:46 - 4: SMTP INBOUND: "250-STARTTLS"
2025-11-25 21:26:46 - 4: SMTP INBOUND: "250-ENHANCEDSTATUSCODES"
2025-11-25 21:26:46 - 4: SMTP INBOUND: "250-PIPELINING"
2025-11-25 21:26:46 - 4: SMTP INBOUND: "250-CHUNKING"
2025-11-25 21:26:46 - 4: SMTP INBOUND: "250 SMTPUTF8"
2025-11-25 21:26:46 - 2: SERVER -> CLIENT: 250-smtp.gmail.com at your service, [158.62.4.229]
250-SIZE 35882577
250-8BITMIME
250-STARTTLS
250-ENHANCEDSTATUSCODES
250-PIPELINING
250-CHUNKING
250 SMTPUTF8

2025-11-25 21:26:46 - 1: CLIENT -> SERVER: STARTTLS

2025-11-25 21:26:46 - 4: SMTP INBOUND: "220 2.0.0 Ready to start TLS"
2025-11-25 21:26:46 - 2: SERVER -> CLIENT: 220 2.0.0 Ready to start TLS

2025-11-25 21:26:46 - 1: CLIENT -> SERVER: EHLO localhost

2025-11-25 21:26:46 - 4: SMTP INBOUND: "250-smtp.gmail.com at your service, [158.62.4.229]"
2025-11-25 21:26:46 - 4: SMTP INBOUND: "250-SIZE 35882577"
2025-11-25 21:26:46 - 4: SMTP INBOUND: "250-8BITMIME"
2025-11-25 21:26:46 - 4: SMTP INBOUND: "250-AUTH LOGIN PLAIN XOAUTH2 PLAIN-CLIENTTOKEN OAUTHBEARER XOAUTH"
2025-11-25 21:26:46 - 4: SMTP INBOUND: "250-ENHANCEDSTATUSCODES"
2025-11-25 21:26:46 - 4: SMTP INBOUND: "250-PIPELINING"
2025-11-25 21:26:46 - 4: SMTP INBOUND: "250-CHUNKING"
2025-11-25 21:26:46 - 4: SMTP INBOUND: "250 SMTPUTF8"
2025-11-25 21:26:46 - 2: SERVER -> CLIENT: 250-smtp.gmail.com at your service, [158.62.4.229]
250-SIZE 35882577
250-8BITMIME
250-AUTH LOGIN PLAIN XOAUTH2 PLAIN-CLIENTTOKEN OAUTHBEARER XOAUTH
250-ENHANCEDSTATUSCODES
250-PIPELINING
250-CHUNKING
250 SMTPUTF8

2025-11-25 21:26:46 - 4: Auth method requested: UNSPECIFIED
2025-11-25 21:26:46 - 4: Auth methods available on the server: LOGIN,PLAIN,XOAUTH2,PLAIN-CLIENTTOKEN,OAUTHBEARER,XOAUTH
2025-11-25 21:26:46 - 4: Requested auth method not available: 
2025-11-25 21:26:46 - 4: Auth method selected: LOGIN
2025-11-25 21:26:46 - 1: CLIENT -> SERVER: AUTH LOGIN

2025-11-25 21:26:47 - 4: SMTP INBOUND: "334 VXNlcm5hbWU6"
2025-11-25 21:26:47 - 2: SERVER -> CLIENT: 334 VXNlcm5hbWU6

2025-11-25 21:26:47 - 1: CLIENT -> SERVER: bWNwZWJyaW5laHFAZ21haWwuY29t

2025-11-25 21:26:47 - 4: SMTP INBOUND: "334 UGFzc3dvcmQ6"
2025-11-25 21:26:47 - 2: SERVER -> CLIENT: 334 UGFzc3dvcmQ6

2025-11-25 21:26:47 - 1: CLIENT -> SERVER: ZHRkeHh4aGNtYXVvIGVlYnQ=

2025-11-25 21:26:47 - 4: SMTP INBOUND: "235 2.7.0 Accepted"
2025-11-25 21:26:47 - 2: SERVER -> CLIENT: 235 2.7.0 Accepted

2025-11-25 21:26:47 - 1: CLIENT -> SERVER: MAIL FROM:<mcpebrinehq@gmail.com>

2025-11-25 21:26:47 - 4: SMTP INBOUND: "250 2.1.0 OK 98e67ed59e1d1-3476a7a5d4asm247060a91.11 - gsmtp"
2025-11-25 21:26:47 - 2: SERVER -> CLIENT: 250 2.1.0 OK 98e67ed59e1d1-3476a7a5d4asm247060a91.11 - gsmtp

2025-11-25 21:26:47 - 1: CLIENT -> SERVER: RCPT TO:<marjhonmatalog278@gmail.com>

2025-11-25 21:26:48 - 4: SMTP INBOUND: "250 2.1.5 OK 98e67ed59e1d1-3476a7a5d4asm247060a91.11 - gsmtp"
2025-11-25 21:26:48 - 2: SERVER -> CLIENT: 250 2.1.5 OK 98e67ed59e1d1-3476a7a5d4asm247060a91.11 - gsmtp

2025-11-25 21:26:48 - 1: CLIENT -> SERVER: DATA

2025-11-25 21:26:48 - 4: SMTP INBOUND: "354 Go ahead 98e67ed59e1d1-3476a7a5d4asm247060a91.11 - gsmtp"
2025-11-25 21:26:48 - 2: SERVER -> CLIENT: 354 Go ahead 98e67ed59e1d1-3476a7a5d4asm247060a91.11 - gsmtp

2025-11-25 21:26:48 - 1: CLIENT -> SERVER: Date: Tue, 25 Nov 2025 21:26:45 +0100

2025-11-25 21:26:48 - 1: CLIENT -> SERVER: To: marjhonmatalog278@gmail.com

2025-11-25 21:26:48 - 1: CLIENT -> SERVER: From: Heart Of D Ocean Resort <mcpebrinehq@gmail.com>

2025-11-25 21:26:48 - 1: CLIENT -> SERVER: Reply-To: Heart Of D Ocean Resort <heartofdocean2005@yahoo.com>

2025-11-25 21:26:48 - 1: CLIENT -> SERVER: Subject: Booking CONFIRMED - Heart Of D Ocean Beach Resort

2025-11-25 21:26:48 - 1: CLIENT -> SERVER: Message-ID: <44GyeBBxa9IaWR4T3Sm0Kh5u8PwwPSrouH5jRSSIVQ@localhost>

2025-11-25 21:26:48 - 1: CLIENT -> SERVER: X-Mailer: PHPMailer 7.0.0 (https://github.com/PHPMailer/PHPMailer)

2025-11-25 21:26:48 - 1: CLIENT -> SERVER: MIME-Version: 1.0

2025-11-25 21:26:48 - 1: CLIENT -> SERVER: Content-Type: multipart/alternative;

2025-11-25 21:26:48 - 1: CLIENT -> SERVER:  boundary="b1=_44GyeBBxa9IaWR4T3Sm0Kh5u8PwwPSrouH5jRSSIVQ"

2025-11-25 21:26:48 - 1: CLIENT -> SERVER: Content-Transfer-Encoding: 8bit

2025-11-25 21:26:48 - 1: CLIENT -> SERVER: 

2025-11-25 21:26:48 - 1: CLIENT -> SERVER: --b1=_44GyeBBxa9IaWR4T3Sm0Kh5u8PwwPSrouH5jRSSIVQ

2025-11-25 21:26:48 - 1: CLIENT -> SERVER: Content-Type: text/plain; charset=iso-8859-1

2025-11-25 21:26:48 - 1: CLIENT -> SERVER: Content-Transfer-Encoding: 8bit

2025-11-25 21:26:48 - 1: CLIENT -> SERVER: 

2025-11-25 21:26:48 - 1: CLIENT -> SERVER: 

2025-11-25 21:26:48 - 1: CLIENT -> SERVER:                     

2025-11-25 21:26:48 - 1: CLIENT -> SERVER:                     

2025-11-25 21:26:48 - 1: CLIENT -> SERVER:                         Booking Confirmed!

2025-11-25 21:26:48 - 1: CLIENT -> SERVER:                         Dear Marjhon,

2025-11-25 21:26:48 - 1: CLIENT -> SERVER:                         Great news! Your booking has been CONFIRMED!

2025-11-25 21:26:48 - 1: CLIENT -> SERVER:                         

2025-11-25 21:26:48 - 1: CLIENT -> SERVER:                         

2025-11-25 21:26:48 - 1: CLIENT -> SERVER:                             Booking Details:

2025-11-25 21:26:48 - 1: CLIENT -> SERVER:                             Booking ID: RESORT1763660941663

2025-11-25 21:26:48 - 1: CLIENT -> SERVER:                             Cottage: White House — ₱30,000

2025-11-25 21:26:48 - 1: CLIENT -> SERVER:                             Check-in Date: 2025-11-02

2025-11-25 21:26:48 - 1: CLIENT -> SERVER:                             Number of Guests: 2

2025-11-25 21:26:48 - 1: CLIENT -> SERVER:                             Status: CONFIRMED

2025-11-25 21:26:48 - 1: CLIENT -> SERVER:                         

2025-11-25 21:26:48 - 1: CLIENT -> SERVER:                         

2025-11-25 21:26:48 - 1: CLIENT -> SERVER:                         We're excited to welcome you to Heart Of D Ocean Beach Resort!

2025-11-25 21:26:48 - 1: CLIENT -> SERVER:                         If you have any questions, please contact us at heartofdocean2005@yahoo.com or call us.

2025-11-25 21:26:48 - 1: CLIENT -> SERVER:                         

2025-11-25 21:26:48 - 1: CLIENT -> SERVER:                         

2025-11-25 21:26:48 - 1: CLIENT -> SERVER:                         Best regards,The Heart Of D Ocean Team

2025-11-25 21:26:48 - 1: CLIENT -> SERVER:                     

2025-11-25 21:26:48 - 1: CLIENT -> SERVER:                     

2025-11-25 21:26:48 - 1: CLIENT -> SERVER:                     

2025-11-25 21:26:48 - 1: CLIENT -> SERVER: 

2025-11-25 21:26:48 - 1: CLIENT -> SERVER: --b1=_44GyeBBxa9IaWR4T3Sm0Kh5u8PwwPSrouH5jRSSIVQ

2025-11-25 21:26:48 - 1: CLIENT -> SERVER: Content-Type: text/html; charset=iso-8859-1

2025-11-25 21:26:48 - 1: CLIENT -> SERVER: Content-Transfer-Encoding: 8bit

2025-11-25 21:26:48 - 1: CLIENT -> SERVER: 

2025-11-25 21:26:48 - 1: CLIENT -> SERVER: 

2025-11-25 21:26:48 - 1: CLIENT -> SERVER:                     <html>

2025-11-25 21:26:48 - 1: CLIENT -> SERVER:                     <body style='font-family: Arial, sans-serif; line-height: 1.6;'>

2025-11-25 21:26:48 - 1: CLIENT -> SERVER:                         <h2>Booking Confirmed!</h2>

2025-11-25 21:26:48 - 1: CLIENT -> SERVER:                         <p>Dear Marjhon,</p>

2025-11-25 21:26:48 - 1: CLIENT -> SERVER:                         <p>Great news! Your booking has been <strong style='color: #28a745;'>CONFIRMED</strong>!</p>

2025-11-25 21:26:48 - 1: CLIENT -> SERVER:                         

2025-11-25 21:26:48 - 1: CLIENT -> SERVER:                         <div style='background: #f8f9fa; padding: 20px; border-radius: 10px; margin: 20px 0;'>

2025-11-25 21:26:48 - 1: CLIENT -> SERVER:                             <h3>Booking Details:</h3>

2025-11-25 21:26:48 - 1: CLIENT -> SERVER:                             <p><strong>Booking ID:</strong> RESORT1763660941663</p>

2025-11-25 21:26:48 - 1: CLIENT -> SERVER:                             <p><strong>Cottage:</strong> White House — ₱30,000</p>

2025-11-25 21:26:48 - 1: CLIENT -> SERVER:                             <p><strong>Check-in Date:</strong> 2025-11-02</p>

2025-11-25 21:26:48 - 1: CLIENT -> SERVER:                             <p><strong>Number of Guests:</strong> 2</p>

2025-11-25 21:26:48 - 1: CLIENT -> SERVER:                             <p><strong>Status:</strong> <span style='color: #28a745; font-weight: bold;'>CONFIRMED</span></p>

2025-11-25 21:26:48 - 1: CLIENT -> SERVER:                         </div>

2025-11-25 21:26:48 - 1: CLIENT -> SERVER:                         

2025-11-25 21:26:48 - 1: CLIENT -> SERVER:                         <p>We're excited to welcome you to Heart Of D Ocean Beach Resort!</p>

2025-11-25 21:26:48 - 1: CLIENT -> SERVER:                         <p>If you have any questions, please contact us at heartofdocean2005@yahoo.com or call us.</p>

2025-11-25 21:26:48 - 1: CLIENT -> SERVER:                         

2025-11-25 21:26:48 - 1: CLIENT -> SERVER:                         <br>

2025-11-25 21:26:48 - 1: CLIENT -> SERVER:                         <p>Best regards,<br>The Heart Of D Ocean Team</p>

2025-11-25 21:26:48 - 1: CLIENT -> SERVER:                     </body>

2025-11-25 21:26:48 - 1: CLIENT -> SERVER:                     </html>

2025-11-25 21:26:48 - 1: CLIENT -> SERVER:                     

2025-11-25 21:26:48 - 1: CLIENT -> SERVER: 

2025-11-25 21:26:48 - 1: CLIENT -> SERVER: 

2025-11-25 21:26:48 - 1: CLIENT -> SERVER: --b1=_44GyeBBxa9IaWR4T3Sm0Kh5u8PwwPSrouH5jRSSIVQ--

2025-11-25 21:26:48 - 1: CLIENT -> SERVER: 

2025-11-25 21:26:48 - 1: CLIENT -> SERVER: .

2025-11-25 21:26:49 - 4: SMTP INBOUND: "250 2.0.0 OK  1764102409 98e67ed59e1d1-3476a7a5d4asm247060a91.11 - gsmtp"
2025-11-25 21:26:49 - 2: SERVER -> CLIENT: 250 2.0.0 OK  1764102409 98e67ed59e1d1-3476a7a5d4asm247060a91.11 - gsmtp

2025-11-25 21:26:49 - 1: CLIENT -> SERVER: QUIT

2025-11-25 21:26:50 - 4: SMTP INBOUND: "221 2.0.0 closing connection 98e67ed59e1d1-3476a7a5d4asm247060a91.11 - gsmtp"
2025-11-25 21:26:50 - 2: SERVER -> CLIENT: 221 2.0.0 closing connection 98e67ed59e1d1-3476a7a5d4asm247060a91.11 - gsmtp

2025-11-25 21:26:50 - 3: Connection: closed
2025-11-25 21:54:14 - 3: Connection: opening to smtp.gmail.com:587, timeout=300, options=array()
2025-11-25 21:54:14 - 3: Connection: opened
2025-11-25 21:54:14 - 4: SMTP INBOUND: "220 smtp.gmail.com ESMTP d2e1a72fcca58-7c3ecf7d5basm19125779b3a.5 - gsmtp"
2025-11-25 21:54:14 - 2: SERVER -> CLIENT: 220 smtp.gmail.com ESMTP d2e1a72fcca58-7c3ecf7d5basm19125779b3a.5 - gsmtp

2025-11-25 21:54:14 - 1: CLIENT -> SERVER: EHLO localhost

2025-11-25 21:54:14 - 4: SMTP INBOUND: "250-smtp.gmail.com at your service, [158.62.4.229]"
2025-11-25 21:54:14 - 4: SMTP INBOUND: "250-SIZE 35882577"
2025-11-25 21:54:14 - 4: SMTP INBOUND: "250-8BITMIME"
2025-11-25 21:54:14 - 4: SMTP INBOUND: "250-STARTTLS"
2025-11-25 21:54:14 - 4: SMTP INBOUND: "250-ENHANCEDSTATUSCODES"
2025-11-25 21:54:14 - 4: SMTP INBOUND: "250-PIPELINING"
2025-11-25 21:54:14 - 4: SMTP INBOUND: "250-CHUNKING"
2025-11-25 21:54:14 - 4: SMTP INBOUND: "250 SMTPUTF8"
2025-11-25 21:54:14 - 2: SERVER -> CLIENT: 250-smtp.gmail.com at your service, [158.62.4.229]
250-SIZE 35882577
250-8BITMIME
250-STARTTLS
250-ENHANCEDSTATUSCODES
250-PIPELINING
250-CHUNKING
250 SMTPUTF8

2025-11-25 21:54:14 - 1: CLIENT -> SERVER: STARTTLS

2025-11-25 21:54:15 - 4: SMTP INBOUND: "220 2.0.0 Ready to start TLS"
2025-11-25 21:54:15 - 2: SERVER -> CLIENT: 220 2.0.0 Ready to start TLS

2025-11-25 21:54:15 - 1: CLIENT -> SERVER: EHLO localhost

2025-11-25 21:54:15 - 4: SMTP INBOUND: "250-smtp.gmail.com at your service, [158.62.4.229]"
2025-11-25 21:54:15 - 4: SMTP INBOUND: "250-SIZE 35882577"
2025-11-25 21:54:15 - 4: SMTP INBOUND: "250-8BITMIME"
2025-11-25 21:54:15 - 4: SMTP INBOUND: "250-AUTH LOGIN PLAIN XOAUTH2 PLAIN-CLIENTTOKEN OAUTHBEARER XOAUTH"
2025-11-25 21:54:15 - 4: SMTP INBOUND: "250-ENHANCEDSTATUSCODES"
2025-11-25 21:54:15 - 4: SMTP INBOUND: "250-PIPELINING"
2025-11-25 21:54:15 - 4: SMTP INBOUND: "250-CHUNKING"
2025-11-25 21:54:15 - 4: SMTP INBOUND: "250 SMTPUTF8"
2025-11-25 21:54:15 - 2: SERVER -> CLIENT: 250-smtp.gmail.com at your service, [158.62.4.229]
250-SIZE 35882577
250-8BITMIME
250-AUTH LOGIN PLAIN XOAUTH2 PLAIN-CLIENTTOKEN OAUTHBEARER XOAUTH
250-ENHANCEDSTATUSCODES
250-PIPELINING
250-CHUNKING
250 SMTPUTF8

2025-11-25 21:54:15 - 4: Auth method requested: UNSPECIFIED
2025-11-25 21:54:15 - 4: Auth methods available on the server: LOGIN,PLAIN,XOAUTH2,PLAIN-CLIENTTOKEN,OAUTHBEARER,XOAUTH
2025-11-25 21:54:15 - 4: Requested auth method not available: 
2025-11-25 21:54:15 - 4: Auth method selected: LOGIN
2025-11-25 21:54:15 - 1: CLIENT -> SERVER: AUTH LOGIN

2025-11-25 21:54:15 - 4: SMTP INBOUND: "334 VXNlcm5hbWU6"
2025-11-25 21:54:15 - 2: SERVER -> CLIENT: 334 VXNlcm5hbWU6

2025-11-25 21:54:15 - 1: CLIENT -> SERVER: bWNwZWJyaW5laHFAZ21haWwuY29t

2025-11-25 21:54:15 - 4: SMTP INBOUND: "334 UGFzc3dvcmQ6"
2025-11-25 21:54:15 - 2: SERVER -> CLIENT: 334 UGFzc3dvcmQ6

2025-11-25 21:54:15 - 1: CLIENT -> SERVER: ZHRkeHh4aGNtYXVvIGVlYnQ=

2025-11-25 21:54:15 - 4: SMTP INBOUND: "235 2.7.0 Accepted"
2025-11-25 21:54:15 - 2: SERVER -> CLIENT: 235 2.7.0 Accepted

2025-11-25 21:54:15 - 1: CLIENT -> SERVER: MAIL FROM:<mcpebrinehq@gmail.com>

2025-11-25 21:54:16 - 4: SMTP INBOUND: "250 2.1.0 OK d2e1a72fcca58-7c3ecf7d5basm19125779b3a.5 - gsmtp"
2025-11-25 21:54:16 - 2: SERVER -> CLIENT: 250 2.1.0 OK d2e1a72fcca58-7c3ecf7d5basm19125779b3a.5 - gsmtp

2025-11-25 21:54:16 - 1: CLIENT -> SERVER: RCPT TO:<marjhonmatalog278@gmail.com>

2025-11-25 21:54:16 - 4: SMTP INBOUND: "250 2.1.5 OK d2e1a72fcca58-7c3ecf7d5basm19125779b3a.5 - gsmtp"
2025-11-25 21:54:16 - 2: SERVER -> CLIENT: 250 2.1.5 OK d2e1a72fcca58-7c3ecf7d5basm19125779b3a.5 - gsmtp

2025-11-25 21:54:16 - 1: CLIENT -> SERVER: DATA

2025-11-25 21:54:16 - 4: SMTP INBOUND: "354 Go ahead d2e1a72fcca58-7c3ecf7d5basm19125779b3a.5 - gsmtp"
2025-11-25 21:54:16 - 2: SERVER -> CLIENT: 354 Go ahead d2e1a72fcca58-7c3ecf7d5basm19125779b3a.5 - gsmtp

2025-11-25 21:54:16 - 1: CLIENT -> SERVER: Date: Tue, 25 Nov 2025 21:54:14 +0100

2025-11-25 21:54:16 - 1: CLIENT -> SERVER: To: marjhonmatalog278@gmail.com

2025-11-25 21:54:16 - 1: CLIENT -> SERVER: From: Heart Of D Ocean Resort <mcpebrinehq@gmail.com>

2025-11-25 21:54:16 - 1: CLIENT -> SERVER: Reply-To: Heart Of D Ocean Resort <heartofdocean2005@yahoo.com>

2025-11-25 21:54:16 - 1: CLIENT -> SERVER: Subject: Booking CONFIRMED - Heart Of D Ocean Beach Resort

2025-11-25 21:54:16 - 1: CLIENT -> SERVER: Message-ID: <UaYZ19FNtBX3LefMu4TA7tPX7kWU8VHK05rIQJApdo@localhost>

2025-11-25 21:54:16 - 1: CLIENT -> SERVER: X-Mailer: PHPMailer 7.0.0 (https://github.com/PHPMailer/PHPMailer)

2025-11-25 21:54:16 - 1: CLIENT -> SERVER: MIME-Version: 1.0

2025-11-25 21:54:16 - 1: CLIENT -> SERVER: Content-Type: multipart/alternative;

2025-11-25 21:54:16 - 1: CLIENT -> SERVER:  boundary="b1=_UaYZ19FNtBX3LefMu4TA7tPX7kWU8VHK05rIQJApdo"

2025-11-25 21:54:16 - 1: CLIENT -> SERVER: Content-Transfer-Encoding: 8bit

2025-11-25 21:54:16 - 1: CLIENT -> SERVER: 

2025-11-25 21:54:16 - 1: CLIENT -> SERVER: --b1=_UaYZ19FNtBX3LefMu4TA7tPX7kWU8VHK05rIQJApdo

2025-11-25 21:54:16 - 1: CLIENT -> SERVER: Content-Type: text/plain; charset=iso-8859-1

2025-11-25 21:54:16 - 1: CLIENT -> SERVER: Content-Transfer-Encoding: 8bit

2025-11-25 21:54:16 - 1: CLIENT -> SERVER: 

2025-11-25 21:54:16 - 1: CLIENT -> SERVER: 

2025-11-25 21:54:16 - 1: CLIENT -> SERVER:                     

2025-11-25 21:54:16 - 1: CLIENT -> SERVER:                     

2025-11-25 21:54:16 - 1: CLIENT -> SERVER:                         Booking Confirmed!

2025-11-25 21:54:16 - 1: CLIENT -> SERVER:                         Dear MARJHON,

2025-11-25 21:54:16 - 1: CLIENT -> SERVER:                         Great news! Your booking has been CONFIRMED!

2025-11-25 21:54:16 - 1: CLIENT -> SERVER:                         

2025-11-25 21:54:16 - 1: CLIENT -> SERVER:                         

2025-11-25 21:54:16 - 1: CLIENT -> SERVER:                             Booking Details:

2025-11-25 21:54:16 - 1: CLIENT -> SERVER:                             Booking ID: RESORT1764104039151

2025-11-25 21:54:16 - 1: CLIENT -> SERVER:                             Cottage: Premium 840 — ₱8,800

2025-11-25 21:54:16 - 1: CLIENT -> SERVER:                             Check-in Date: 2025-11-27

2025-11-25 21:54:16 - 1: CLIENT -> SERVER:                             Number of Guests: 3

2025-11-25 21:54:16 - 1: CLIENT -> SERVER:                             Status: CONFIRMED

2025-11-25 21:54:16 - 1: CLIENT -> SERVER:                         

2025-11-25 21:54:16 - 1: CLIENT -> SERVER:                         

2025-11-25 21:54:16 - 1: CLIENT -> SERVER:                         We're excited to welcome you to Heart Of D Ocean Beach Resort!

2025-11-25 21:54:16 - 1: CLIENT -> SERVER:                         If you have any questions, please contact us at heartofdocean2005@yahoo.com or call us.

2025-11-25 21:54:16 - 1: CLIENT -> SERVER:                         

2025-11-25 21:54:16 - 1: CLIENT -> SERVER:                         

2025-11-25 21:54:16 - 1: CLIENT -> SERVER:                         Best regards,The Heart Of D Ocean Team

2025-11-25 21:54:16 - 1: CLIENT -> SERVER:                     

2025-11-25 21:54:16 - 1: CLIENT -> SERVER:                     

2025-11-25 21:54:16 - 1: CLIENT -> SERVER:                     

2025-11-25 21:54:16 - 1: CLIENT -> SERVER: 

2025-11-25 21:54:16 - 1: CLIENT -> SERVER: --b1=_UaYZ19FNtBX3LefMu4TA7tPX7kWU8VHK05rIQJApdo

2025-11-25 21:54:16 - 1: CLIENT -> SERVER: Content-Type: text/html; charset=iso-8859-1

2025-11-25 21:54:16 - 1: CLIENT -> SERVER: Content-Transfer-Encoding: 8bit

2025-11-25 21:54:16 - 1: CLIENT -> SERVER: 

2025-11-25 21:54:16 - 1: CLIENT -> SERVER: 

2025-11-25 21:54:16 - 1: CLIENT -> SERVER:                     <html>

2025-11-25 21:54:16 - 1: CLIENT -> SERVER:                     <body style='font-family: Arial, sans-serif; line-height: 1.6;'>

2025-11-25 21:54:16 - 1: CLIENT -> SERVER:                         <h2>Booking Confirmed!</h2>

2025-11-25 21:54:16 - 1: CLIENT -> SERVER:                         <p>Dear MARJHON,</p>

2025-11-25 21:54:16 - 1: CLIENT -> SERVER:                         <p>Great news! Your booking has been <strong style='color: #28a745;'>CONFIRMED</strong>!</p>

2025-11-25 21:54:16 - 1: CLIENT -> SERVER:                         

2025-11-25 21:54:16 - 1: CLIENT -> SERVER:                         <div style='background: #f8f9fa; padding: 20px; border-radius: 10px; margin: 20px 0;'>

2025-11-25 21:54:16 - 1: CLIENT -> SERVER:                             <h3>Booking Details:</h3>

2025-11-25 21:54:16 - 1: CLIENT -> SERVER:                             <p><strong>Booking ID:</strong> RESORT1764104039151</p>

2025-11-25 21:54:16 - 1: CLIENT -> SERVER:                             <p><strong>Cottage:</strong> Premium 840 — ₱8,800</p>

2025-11-25 21:54:16 - 1: CLIENT -> SERVER:                             <p><strong>Check-in Date:</strong> 2025-11-27</p>

2025-11-25 21:54:16 - 1: CLIENT -> SERVER:                             <p><strong>Number of Guests:</strong> 3</p>

2025-11-25 21:54:16 - 1: CLIENT -> SERVER:                             <p><strong>Status:</strong> <span style='color: #28a745; font-weight: bold;'>CONFIRMED</span></p>

2025-11-25 21:54:16 - 1: CLIENT -> SERVER:                         </div>

2025-11-25 21:54:16 - 1: CLIENT -> SERVER:                         

2025-11-25 21:54:16 - 1: CLIENT -> SERVER:                         <p>We're excited to welcome you to Heart Of D Ocean Beach Resort!</p>

2025-11-25 21:54:16 - 1: CLIENT -> SERVER:                         <p>If you have any questions, please contact us at heartofdocean2005@yahoo.com or call us.</p>

2025-11-25 21:54:16 - 1: CLIENT -> SERVER:                         

2025-11-25 21:54:16 - 1: CLIENT -> SERVER:                         <br>

2025-11-25 21:54:16 - 1: CLIENT -> SERVER:                         <p>Best regards,<br>The Heart Of D Ocean Team</p>

2025-11-25 21:54:16 - 1: CLIENT -> SERVER:                     </body>

2025-11-25 21:54:16 - 1: CLIENT -> SERVER:                     </html>

2025-11-25 21:54:16 - 1: CLIENT -> SERVER:                     

2025-11-25 21:54:16 - 1: CLIENT -> SERVER: 

2025-11-25 21:54:16 - 1: CLIENT -> SERVER: 

2025-11-25 21:54:16 - 1: CLIENT -> SERVER: --b1=_UaYZ19FNtBX3LefMu4TA7tPX7kWU8VHK05rIQJApdo--

2025-11-25 21:54:16 - 1: CLIENT -> SERVER: 

2025-11-25 21:54:16 - 1: CLIENT -> SERVER: .

2025-11-25 21:54:17 - 4: SMTP INBOUND: "250 2.0.0 OK  1764104056 d2e1a72fcca58-7c3ecf7d5basm19125779b3a.5 - gsmtp"
2025-11-25 21:54:17 - 2: SERVER -> CLIENT: 250 2.0.0 OK  1764104056 d2e1a72fcca58-7c3ecf7d5basm19125779b3a.5 - gsmtp

2025-11-25 21:54:17 - 1: CLIENT -> SERVER: QUIT

2025-11-25 21:54:17 - 4: SMTP INBOUND: "221 2.0.0 closing connection d2e1a72fcca58-7c3ecf7d5basm19125779b3a.5 - gsmtp"
2025-11-25 21:54:17 - 2: SERVER -> CLIENT: 221 2.0.0 closing connection d2e1a72fcca58-7c3ecf7d5basm19125779b3a.5 - gsmtp

2025-11-25 21:54:17 - 3: Connection: closed
